robot,operation,backend,batch,purpose,dtype,method,repeats,status,reason,host_us,resident_us,resident_eager_us,threads,accuracy_policy,accuracy_policy_version,variation_max_abs_error,variation_relative_l2_error,max_bad_entries,entries,host_min_us,host_max_us,resident_min_us,resident_max_us,overhead_us,boundary_flag,max_abs_error,relative_l2_error
g1,ccrba,bard,16,collection,unknown,unknown,3,adapter_pending,no matched centroidal-momentum / Coriolis-matrix output in this library's public API,,,,,fp32-fd-warnings,2,,,0,0,,,,,,,,
g1,ccrba,bard,32,collection,unknown,unknown,3,adapter_pending,no matched centroidal-momentum / Coriolis-matrix output in this library's public API,,,,,fp32-fd-warnings,2,,,0,0,,,,,,,,
g1,ccrba,bard,64,collection,unknown,unknown,3,adapter_pending,no matched centroidal-momentum / Coriolis-matrix output in this library's public API,,,,,fp32-fd-warnings,2,,,0,0,,,,,,,,
g1,ccrba,bard,128,collection,unknown,unknown,3,adapter_pending,no matched centroidal-momentum / Coriolis-matrix output in this library's public API,,,,,fp32-fd-warnings,2,,,0,0,,,,,,,,
g1,ccrba,bard,256,collection,unknown,unknown,3,adapter_pending,no matched centroidal-momentum / Coriolis-matrix output in this library's public API,,,,,fp32-fd-warnings,2,,,0,0,,,,,,,,
g1,ccrba,bard,1024,collection,unknown,unknown,3,adapter_pending,no matched centroidal-momentum / Coriolis-matrix output in this library's public API,,,,,fp32-fd-warnings,2,,,0,0,,,,,,,,
g1,ccrba,frax,16,collection,unknown,unknown,3,adapter_pending,no matched centroidal-momentum / Coriolis-matrix output in this library's public API,,,,,fp32-fd-warnings,2,,,0,0,,,,,,,,
g1,ccrba,frax,32,collection,unknown,unknown,3,adapter_pending,no matched centroidal-momentum / Coriolis-matrix output in this library's public API,,,,,fp32-fd-warnings,2,,,0,0,,,,,,,,
g1,ccrba,frax,64,collection,unknown,unknown,3,adapter_pending,no matched centroidal-momentum / Coriolis-matrix output in this library's public API,,,,,fp32-fd-warnings,2,,,0,0,,,,,,,,
g1,ccrba,frax,128,collection,unknown,unknown,3,adapter_pending,no matched centroidal-momentum / Coriolis-matrix output in this library's public API,,,,,fp32-fd-warnings,2,,,0,0,,,,,,,,
g1,ccrba,frax,256,collection,unknown,unknown,3,adapter_pending,no matched centroidal-momentum / Coriolis-matrix output in this library's public API,,,,,fp32-fd-warnings,2,,,0,0,,,,,,,,
g1,ccrba,frax,1024,collection,unknown,unknown,3,adapter_pending,no matched centroidal-momentum / Coriolis-matrix output in this library's public API,,,,,fp32-fd-warnings,2,,,0,0,,,,,,,,
g1,ccrba,grim_cuda,16,collection,float32,analytical,3,validated,,254.36793111165363,248.16463521321614,,256,fp32-fd-warnings,2,0.0,0.0,0,3456,254.34400024414063,254.39846649169922,248.13253377278645,248.18469899495443,6.203295898437489,,6.221150559326816e-05,1.7158444165637202e-07
g1,ccrba,grim_cuda,32,collection,float32,analytical,3,validated,,253.5738306681315,246.70736643473307,,256,fp32-fd-warnings,2,0.0,0.0,0,6912,253.5609334309896,253.58026580810548,246.70179951985676,246.7223337809245,6.866464233398432,,6.221150559326816e-05,1.76145381616466e-07
g1,ccrba,grim_cuda,64,collection,float32,analytical,3,validated,,254.94316762288412,247.08529866536458,,256,fp32-fd-warnings,2,0.0,0.0,0,13824,254.88979949951172,255.3650670369466,247.06903127034505,247.98716634114584,7.857868957519543,,6.221150559326816e-05,1.7974627579154617e-07
g1,ccrba,grim_cuda,128,collection,float32,analytical,3,validated,,253.94203236897786,244.7248326619466,,256,fp32-fd-warnings,2,0.0,0.0,0,27648,253.93866628011068,254.00320129394532,244.6147654215495,244.7294672648112,9.217199707031256,,6.221150559326816e-05,1.8616383264858583e-07
g1,ccrba,grim_cuda,256,collection,float32,analytical,3,validated,,261.2953338623047,246.8265345255534,,256,fp32-fd-warnings,2,0.0,0.0,0,55296,261.14026743570963,261.41626637776693,246.78780161539714,246.87150014241536,14.468799336751289,,6.221150559326816e-05,1.8541684326920993e-07
g1,ccrba,grim_cuda,1024,collection,float32,analytical,3,validated,,993.4833323160807,933.5590998331705,,256,fp32-fd-warnings,2,0.0,0.0,0,221184,992.5747014363607,995.0696680704752,933.3531341552734,933.5609990437825,59.924232482910156,,6.221150559326816e-05,1.965563131831876e-07
g1,ccrba,grim_jax,16,collection,float32,analytical,3,validated,,540.3706333333333,436.2361,,,fp32-fd-warnings,2,0.0,0.0,0,3456,485.3249333333333,591.7373999999999,394.3136,491.9624666666666,104.13453333333331,,6.221150559326816e-05,1.7158444165637202e-07
g1,ccrba,grim_jax,32,collection,float32,analytical,3,validated,,590.5429333333334,585.7865,,,fp32-fd-warnings,2,0.0,0.0,0,6912,563.4081333333332,1260.9412333333337,321.23670000000004,624.2176666666667,,negative total-minus-resident in at least one repeat; decomposition unavailable,6.221150559326816e-05,1.76145381616466e-07
g1,ccrba,grim_jax,64,collection,float32,analytical,3,validated,,674.8706333333333,565.5089666666665,,,fp32-fd-warnings,2,0.0,0.0,0,13824,509.86886666666663,711.0912999999998,298.6045333333333,575.4085666666666,109.36166666666679,,6.221150559326816e-05,1.7974627579154617e-07
g1,ccrba,grim_jax,128,collection,float32,analytical,3,validated,,616.3753333333333,519.2200666666666,,,fp32-fd-warnings,2,0.0,0.0,0,27648,587.0259,881.1718333333333,312.48046666666676,572.3954666666666,97.15526666666665,,6.221150559326816e-05,1.8616383264858583e-07
g1,ccrba,grim_jax,256,collection,float32,analytical,3,validated,,2816.358533333334,561.7080333333332,,,fp32-fd-warnings,2,0.0,0.0,0,55296,590.7615333333334,6812.390233333333,333.2653333333334,570.9282333333335,2254.6505000000006,,6.221150559326816e-05,1.8541684326920993e-07
g1,ccrba,grim_jax,1024,collection,float32,analytical,3,validated,,2137.0826333333334,1444.897333333333,,,fp32-fd-warnings,2,0.0,0.0,0,221184,1317.5003333333334,2230.5433666666668,1133.4471666666666,1570.455833333333,692.1853000000003,,6.221150559326816e-05,1.965563131831876e-07
g1,ccrba,mjx,16,collection,unknown,unknown,3,adapter_pending,no matched centroidal-momentum / Coriolis-matrix output in this library's public API,,,,,fp32-fd-warnings,2,,,0,0,,,,,,,,
g1,ccrba,mjx,32,collection,unknown,unknown,3,adapter_pending,no matched centroidal-momentum / Coriolis-matrix output in this library's public API,,,,,fp32-fd-warnings,2,,,0,0,,,,,,,,
g1,ccrba,mjx,64,collection,unknown,unknown,3,adapter_pending,no matched centroidal-momentum / Coriolis-matrix output in this library's public API,,,,,fp32-fd-warnings,2,,,0,0,,,,,,,,
g1,ccrba,mjx,128,collection,unknown,unknown,3,adapter_pending,no matched centroidal-momentum / Coriolis-matrix output in this library's public API,,,,,fp32-fd-warnings,2,,,0,0,,,,,,,,
g1,ccrba,mjx,256,collection,unknown,unknown,3,adapter_pending,no matched centroidal-momentum / Coriolis-matrix output in this library's public API,,,,,fp32-fd-warnings,2,,,0,0,,,,,,,,
g1,ccrba,mjx,1024,collection,unknown,unknown,3,adapter_pending,no matched centroidal-momentum / Coriolis-matrix output in this library's public API,,,,,fp32-fd-warnings,2,,,0,0,,,,,,,,
g1,ccrba,mujoco_cpu,16,collection,unknown,unknown,3,adapter_pending,no matched centroidal-momentum / Coriolis-matrix output in this library's public API,,,,,fp32-fd-warnings,2,,,0,0,,,,,,,,
g1,ccrba,mujoco_cpu,32,collection,unknown,unknown,3,adapter_pending,no matched centroidal-momentum / Coriolis-matrix output in this library's public API,,,,,fp32-fd-warnings,2,,,0,0,,,,,,,,
g1,ccrba,mujoco_cpu,64,collection,unknown,unknown,3,adapter_pending,no matched centroidal-momentum / Coriolis-matrix output in this library's public API,,,,,fp32-fd-warnings,2,,,0,0,,,,,,,,
g1,ccrba,mujoco_cpu,128,collection,unknown,unknown,3,adapter_pending,no matched centroidal-momentum / Coriolis-matrix output in this library's public API,,,,,fp32-fd-warnings,2,,,0,0,,,,,,,,
g1,ccrba,mujoco_cpu,256,collection,unknown,unknown,3,adapter_pending,no matched centroidal-momentum / Coriolis-matrix output in this library's public API,,,,,fp32-fd-warnings,2,,,0,0,,,,,,,,
g1,ccrba,mujoco_cpu,1024,collection,unknown,unknown,3,adapter_pending,no matched centroidal-momentum / Coriolis-matrix output in this library's public API,,,,,fp32-fd-warnings,2,,,0,0,,,,,,,,
g1,ccrba,mujoco_warp,16,collection,unknown,unknown,3,adapter_pending,no matched centroidal-momentum / Coriolis-matrix output in this library's public API,,,,,fp32-fd-warnings,2,,,0,0,,,,,,,,
g1,ccrba,mujoco_warp,32,collection,unknown,unknown,3,adapter_pending,no matched centroidal-momentum / Coriolis-matrix output in this library's public API,,,,,fp32-fd-warnings,2,,,0,0,,,,,,,,
g1,ccrba,mujoco_warp,64,collection,unknown,unknown,3,adapter_pending,no matched centroidal-momentum / Coriolis-matrix output in this library's public API,,,,,fp32-fd-warnings,2,,,0,0,,,,,,,,
g1,ccrba,mujoco_warp,128,collection,unknown,unknown,3,adapter_pending,no matched centroidal-momentum / Coriolis-matrix output in this library's public API,,,,,fp32-fd-warnings,2,,,0,0,,,,,,,,
g1,ccrba,mujoco_warp,256,collection,unknown,unknown,3,adapter_pending,no matched centroidal-momentum / Coriolis-matrix output in this library's public API,,,,,fp32-fd-warnings,2,,,0,0,,,,,,,,
g1,ccrba,mujoco_warp,1024,collection,unknown,unknown,3,adapter_pending,no matched centroidal-momentum / Coriolis-matrix output in this library's public API,,,,,fp32-fd-warnings,2,,,0,0,,,,,,,,
g1,ccrba,pinocchio,16,collection,unknown,unknown,3,adapter_pending,no CppADCodeGen class for this operation; see pinocchio_plain,,,,,fp32-fd-warnings,2,,,0,0,,,,,,,,
g1,ccrba,pinocchio,32,collection,unknown,unknown,3,adapter_pending,no CppADCodeGen class for this operation; see pinocchio_plain,,,,,fp32-fd-warnings,2,,,0,0,,,,,,,,
g1,ccrba,pinocchio,64,collection,unknown,unknown,3,adapter_pending,no CppADCodeGen class for this operation; see pinocchio_plain,,,,,fp32-fd-warnings,2,,,0,0,,,,,,,,
g1,ccrba,pinocchio,128,collection,unknown,unknown,3,adapter_pending,no CppADCodeGen class for this operation; see pinocchio_plain,,,,,fp32-fd-warnings,2,,,0,0,,,,,,,,
g1,ccrba,pinocchio,256,collection,unknown,unknown,3,adapter_pending,no CppADCodeGen class for this operation; see pinocchio_plain,,,,,fp32-fd-warnings,2,,,0,0,,,,,,,,
g1,ccrba,pinocchio,1024,collection,unknown,unknown,3,adapter_pending,no CppADCodeGen class for this operation; see pinocchio_plain,,,,,fp32-fd-warnings,2,,,0,0,,,,,,,,
g1,ccrba,pinocchio_plain,16,collection,float32,standard Pinocchio API (no codegen),3,validated,,15.340200000000003,,,8,fp32-fd-warnings,2,0.0,0.0,0,3456,15.257366666666666,15.483633333333332,,,,,8.118321642314186e-05,1.7432181832913593e-07
g1,ccrba,pinocchio_plain,32,collection,float32,standard Pinocchio API (no codegen),3,validated,,19.882400000000004,,,8,fp32-fd-warnings,2,0.0,0.0,0,6912,19.86863333333333,19.946333333333335,,,,,8.118321642314186e-05,1.7112750535079356e-07
g1,ccrba,pinocchio_plain,64,collection,float32,standard Pinocchio API (no codegen),3,validated,,29.735033333333334,,,8,fp32-fd-warnings,2,0.0,0.0,0,13824,29.291533333333334,29.833633333333335,,,,,8.118321642314186e-05,1.6870310565340864e-07
g1,ccrba,pinocchio_plain,128,collection,float32,standard Pinocchio API (no codegen),3,validated,,48.86743333333333,,,8,fp32-fd-warnings,2,0.0,0.0,0,27648,42.98503333333334,48.931233333333324,,,,,8.118321642314186e-05,1.702224157636256e-07
g1,ccrba,pinocchio_plain,256,collection,float32,standard Pinocchio API (no codegen),3,validated,,86.4058,,,8,fp32-fd-warnings,2,0.0,0.0,0,55296,80.34433333333335,93.70136666666666,,,,,8.118321642314186e-05,1.6972511813017446e-07
g1,ccrba,pinocchio_plain,1024,collection,float32,standard Pinocchio API (no codegen),3,validated,,490.9322666666667,,,8,fp32-fd-warnings,2,0.0,0.0,0,221184,282.79740000000004,527.8863333333334,,,,,8.118321642314186e-05,1.7286595260121588e-07
g1,coriolis_matrix,bard,16,collection,unknown,unknown,3,adapter_pending,no matched centroidal-momentum / Coriolis-matrix output in this library's public API,,,,,fp32-fd-warnings,2,,,0,0,,,,,,,,
g1,coriolis_matrix,bard,32,collection,unknown,unknown,3,adapter_pending,no matched centroidal-momentum / Coriolis-matrix output in this library's public API,,,,,fp32-fd-warnings,2,,,0,0,,,,,,,,
g1,coriolis_matrix,bard,64,collection,unknown,unknown,3,adapter_pending,no matched centroidal-momentum / Coriolis-matrix output in this library's public API,,,,,fp32-fd-warnings,2,,,0,0,,,,,,,,
g1,coriolis_matrix,bard,128,collection,unknown,unknown,3,adapter_pending,no matched centroidal-momentum / Coriolis-matrix output in this library's public API,,,,,fp32-fd-warnings,2,,,0,0,,,,,,,,
g1,coriolis_matrix,bard,256,collection,unknown,unknown,3,adapter_pending,no matched centroidal-momentum / Coriolis-matrix output in this library's public API,,,,,fp32-fd-warnings,2,,,0,0,,,,,,,,
g1,coriolis_matrix,bard,1024,collection,unknown,unknown,3,adapter_pending,no matched centroidal-momentum / Coriolis-matrix output in this library's public API,,,,,fp32-fd-warnings,2,,,0,0,,,,,,,,
g1,coriolis_matrix,frax,16,collection,unknown,unknown,3,adapter_pending,no matched centroidal-momentum / Coriolis-matrix output in this library's public API,,,,,fp32-fd-warnings,2,,,0,0,,,,,,,,
g1,coriolis_matrix,frax,32,collection,unknown,unknown,3,adapter_pending,no matched centroidal-momentum / Coriolis-matrix output in this library's public API,,,,,fp32-fd-warnings,2,,,0,0,,,,,,,,
g1,coriolis_matrix,frax,64,collection,unknown,unknown,3,adapter_pending,no matched centroidal-momentum / Coriolis-matrix output in this library's public API,,,,,fp32-fd-warnings,2,,,0,0,,,,,,,,
g1,coriolis_matrix,frax,128,collection,unknown,unknown,3,adapter_pending,no matched centroidal-momentum / Coriolis-matrix output in this library's public API,,,,,fp32-fd-warnings,2,,,0,0,,,,,,,,
g1,coriolis_matrix,frax,256,collection,unknown,unknown,3,adapter_pending,no matched centroidal-momentum / Coriolis-matrix output in this library's public API,,,,,fp32-fd-warnings,2,,,0,0,,,,,,,,
g1,coriolis_matrix,frax,1024,collection,unknown,unknown,3,adapter_pending,no matched centroidal-momentum / Coriolis-matrix output in this library's public API,,,,,fp32-fd-warnings,2,,,0,0,,,,,,,,
g1,coriolis_matrix,grim_cuda,16,collection,float32,analytical,3,validated,,135.52519989013672,130.6273981730143,,320,fp32-fd-warnings,2,0.0,0.0,0,19600,135.43376617431642,135.79016723632813,130.6071990966797,131.9383336385091,4.897801717122405,,0.00010054633497702525,3.06622425272035e-07
g1,coriolis_matrix,grim_cuda,32,collection,float32,analytical,3,validated,,138.05426584879558,130.1955337524414,,320,fp32-fd-warnings,2,0.0,0.0,0,39200,137.9593012491862,138.1853993733724,130.1616994222005,130.22630055745444,7.858732096354174,,0.00010054633497702525,3.050239972080781e-07
g1,coriolis_matrix,grim_cuda,64,collection,float32,analytical,3,validated,,141.93669993082682,130.38593292236328,,320,fp32-fd-warnings,2,0.0,0.0,0,78400,141.90606689453125,144.4123992919922,130.37156829833984,130.44283345540364,11.550767008463538,,0.00010054633497702525,3.0911903362061817e-07
g1,coriolis_matrix,grim_cuda,128,collection,float32,analytical,3,validated,,165.49639841715495,129.9529006958008,,320,fp32-fd-warnings,2,0.0,0.0,0,156800,163.81409962972006,166.04640146891276,129.94696706136068,129.99273376464845,35.54349772135416,,0.00010054633497702525,3.102736524341691e-07
g1,coriolis_matrix,grim_cuda,256,collection,float32,analytical,3,validated,,312.24229888916017,247.5318339029948,,320,fp32-fd-warnings,2,0.0,0.0,0,313600,311.15723520914713,312.6628000895182,247.4289326985677,247.6084004720052,64.71046498616536,,0.00010054633497702525,3.0271852041316354e-07
g1,coriolis_matrix,grim_cuda,1024,collection,float32,analytical,3,validated,,1087.3654673258463,841.8452331542969,,320,fp32-fd-warnings,2,0.0,0.0,0,1254400,1086.0574350992838,1089.7184661865235,841.7841008504232,841.9351318359375,245.52023417154942,,0.00010054633497702525,2.974537751053582e-07
g1,coriolis_matrix,grim_jax,16,collection,float32,analytical,3,validated,,361.6394000000001,222.1876,,,fp32-fd-warnings,2,0.0,0.0,0,19600,280.3161666666667,382.67536666666666,214.61743333333337,313.81463333333335,139.45180000000008,,0.00010054633497702525,3.06622425272035e-07
g1,coriolis_matrix,grim_jax,32,collection,float32,analytical,3,validated,,332.4215666666667,198.10446666666664,,,fp32-fd-warnings,2,0.0,0.0,0,39200,316.5757666666667,416.03909999999996,167.93446666666665,231.95739999999998,134.31710000000007,,0.00010054633497702525,3.050239972080781e-07
g1,coriolis_matrix,grim_jax,64,collection,float32,analytical,3,validated,,372.9538333333333,223.0165333333333,,,fp32-fd-warnings,2,0.0,0.0,0,78400,332.68783333333334,392.43330000000003,182.5607,236.1144,149.9373,,0.00010054633497702525,3.0911903362061817e-07
g1,coriolis_matrix,grim_jax,128,collection,float32,analytical,3,validated,,412.83389999999986,205.9189,,,fp32-fd-warnings,2,0.0,0.0,0,156800,371.5530666666667,435.4059999999999,199.52920000000003,215.80573333333334,206.91499999999985,,0.00010054633497702525,3.102736524341691e-07
g1,coriolis_matrix,grim_jax,256,collection,float32,analytical,3,validated,,464.74999999999994,216.58169999999998,,,fp32-fd-warnings,2,0.0,0.0,0,313600,438.3677333333334,479.94199999999995,194.94790000000003,284.8079666666667,248.16829999999996,,0.00010054633497702525,3.0271852041316354e-07
g1,coriolis_matrix,grim_jax,1024,collection,float32,analytical,3,validated,,1754.834333333333,685.2956666666666,,,fp32-fd-warnings,2,0.0,0.0,0,1254400,1665.9800333333333,1784.8975333333333,661.4856333333335,743.1986,1069.5386666666664,,0.00010054633497702525,2.974537751053582e-07
g1,coriolis_matrix,mjx,16,collection,unknown,unknown,3,adapter_pending,no matched centroidal-momentum / Coriolis-matrix output in this library's public API,,,,,fp32-fd-warnings,2,,,0,0,,,,,,,,
g1,coriolis_matrix,mjx,32,collection,unknown,unknown,3,adapter_pending,no matched centroidal-momentum / Coriolis-matrix output in this library's public API,,,,,fp32-fd-warnings,2,,,0,0,,,,,,,,
g1,coriolis_matrix,mjx,64,collection,unknown,unknown,3,adapter_pending,no matched centroidal-momentum / Coriolis-matrix output in this library's public API,,,,,fp32-fd-warnings,2,,,0,0,,,,,,,,
g1,coriolis_matrix,mjx,128,collection,unknown,unknown,3,adapter_pending,no matched centroidal-momentum / Coriolis-matrix output in this library's public API,,,,,fp32-fd-warnings,2,,,0,0,,,,,,,,
g1,coriolis_matrix,mjx,256,collection,unknown,unknown,3,adapter_pending,no matched centroidal-momentum / Coriolis-matrix output in this library's public API,,,,,fp32-fd-warnings,2,,,0,0,,,,,,,,
g1,coriolis_matrix,mjx,1024,collection,unknown,unknown,3,adapter_pending,no matched centroidal-momentum / Coriolis-matrix output in this library's public API,,,,,fp32-fd-warnings,2,,,0,0,,,,,,,,
g1,coriolis_matrix,mujoco_cpu,16,collection,unknown,unknown,3,adapter_pending,no matched centroidal-momentum / Coriolis-matrix output in this library's public API,,,,,fp32-fd-warnings,2,,,0,0,,,,,,,,
g1,coriolis_matrix,mujoco_cpu,32,collection,unknown,unknown,3,adapter_pending,no matched centroidal-momentum / Coriolis-matrix output in this library's public API,,,,,fp32-fd-warnings,2,,,0,0,,,,,,,,
g1,coriolis_matrix,mujoco_cpu,64,collection,unknown,unknown,3,adapter_pending,no matched centroidal-momentum / Coriolis-matrix output in this library's public API,,,,,fp32-fd-warnings,2,,,0,0,,,,,,,,
g1,coriolis_matrix,mujoco_cpu,128,collection,unknown,unknown,3,adapter_pending,no matched centroidal-momentum / Coriolis-matrix output in this library's public API,,,,,fp32-fd-warnings,2,,,0,0,,,,,,,,
g1,coriolis_matrix,mujoco_cpu,256,collection,unknown,unknown,3,adapter_pending,no matched centroidal-momentum / Coriolis-matrix output in this library's public API,,,,,fp32-fd-warnings,2,,,0,0,,,,,,,,
g1,coriolis_matrix,mujoco_cpu,1024,collection,unknown,unknown,3,adapter_pending,no matched centroidal-momentum / Coriolis-matrix output in this library's public API,,,,,fp32-fd-warnings,2,,,0,0,,,,,,,,
g1,coriolis_matrix,mujoco_warp,16,collection,unknown,unknown,3,adapter_pending,no matched centroidal-momentum / Coriolis-matrix output in this library's public API,,,,,fp32-fd-warnings,2,,,0,0,,,,,,,,
g1,coriolis_matrix,mujoco_warp,32,collection,unknown,unknown,3,adapter_pending,no matched centroidal-momentum / Coriolis-matrix output in this library's public API,,,,,fp32-fd-warnings,2,,,0,0,,,,,,,,
g1,coriolis_matrix,mujoco_warp,64,collection,unknown,unknown,3,adapter_pending,no matched centroidal-momentum / Coriolis-matrix output in this library's public API,,,,,fp32-fd-warnings,2,,,0,0,,,,,,,,
g1,coriolis_matrix,mujoco_warp,128,collection,unknown,unknown,3,adapter_pending,no matched centroidal-momentum / Coriolis-matrix output in this library's public API,,,,,fp32-fd-warnings,2,,,0,0,,,,,,,,
g1,coriolis_matrix,mujoco_warp,256,collection,unknown,unknown,3,adapter_pending,no matched centroidal-momentum / Coriolis-matrix output in this library's public API,,,,,fp32-fd-warnings,2,,,0,0,,,,,,,,
g1,coriolis_matrix,mujoco_warp,1024,collection,unknown,unknown,3,adapter_pending,no matched centroidal-momentum / Coriolis-matrix output in this library's public API,,,,,fp32-fd-warnings,2,,,0,0,,,,,,,,
g1,coriolis_matrix,pinocchio,16,collection,unknown,unknown,3,adapter_pending,no CppADCodeGen class for this operation; see pinocchio_plain,,,,,fp32-fd-warnings,2,,,0,0,,,,,,,,
g1,coriolis_matrix,pinocchio,32,collection,unknown,unknown,3,adapter_pending,no CppADCodeGen class for this operation; see pinocchio_plain,,,,,fp32-fd-warnings,2,,,0,0,,,,,,,,
g1,coriolis_matrix,pinocchio,64,collection,unknown,unknown,3,adapter_pending,no CppADCodeGen class for this operation; see pinocchio_plain,,,,,fp32-fd-warnings,2,,,0,0,,,,,,,,
g1,coriolis_matrix,pinocchio,128,collection,unknown,unknown,3,adapter_pending,no CppADCodeGen class for this operation; see pinocchio_plain,,,,,fp32-fd-warnings,2,,,0,0,,,,,,,,
g1,coriolis_matrix,pinocchio,256,collection,unknown,unknown,3,adapter_pending,no CppADCodeGen class for this operation; see pinocchio_plain,,,,,fp32-fd-warnings,2,,,0,0,,,,,,,,
g1,coriolis_matrix,pinocchio,1024,collection,unknown,unknown,3,adapter_pending,no CppADCodeGen class for this operation; see pinocchio_plain,,,,,fp32-fd-warnings,2,,,0,0,,,,,,,,
g1,coriolis_matrix,pinocchio_plain,16,collection,float32,standard Pinocchio API (no codegen),3,validated,,24.172733333333333,,,8,fp32-fd-warnings,2,0.0,0.0,0,19600,24.077233333333336,24.31063333333334,,,,,8.411790440732148e-05,2.2165876076278363e-07
g1,coriolis_matrix,pinocchio_plain,32,collection,float32,standard Pinocchio API (no codegen),3,validated,,38.14366666666667,,,8,fp32-fd-warnings,2,0.0,0.0,0,39200,37.747,38.42376666666666,,,,,8.411790440732148e-05,2.1977741925893216e-07
g1,coriolis_matrix,pinocchio_plain,64,collection,float32,standard Pinocchio API (no codegen),3,validated,,65.1542,,,8,fp32-fd-warnings,2,0.0,0.0,0,78400,61.995133333333335,65.31286666666666,,,,,8.411790440732148e-05,2.2048766769283297e-07
g1,coriolis_matrix,pinocchio_plain,128,collection,float32,standard Pinocchio API (no codegen),3,validated,,121.62116666666665,,,8,fp32-fd-warnings,2,0.0,0.0,0,156800,110.87319999999998,121.84516666666669,,,,,8.411790440732148e-05,2.1985252772643235e-07
g1,coriolis_matrix,pinocchio_plain,256,collection,float32,standard Pinocchio API (no codegen),3,validated,,231.2061,,,8,fp32-fd-warnings,2,0.0,0.0,0,313600,211.48923333333335,408.2277000000001,,,,,8.411790440732148e-05,2.1737283211172888e-07
g1,coriolis_matrix,pinocchio_plain,1024,collection,float32,standard Pinocchio API (no codegen),3,validated,,999.3592333333333,,,8,fp32-fd-warnings,2,0.0,0.0,0,1254400,809.3981666666666,1003.1138666666666,,,,,8.411790440732148e-05,2.1554304830386555e-07
g1,crba,bard,16,collection,float32,library dynamics,3,validated,,5423.421266666667,5354.427966666667,,,fp32-fd-warnings,2,0.0,0.0,0,19600,5378.7659,5465.054933333333,5300.969566666666,5367.654033333334,68.99330000000009,,8.43166015584984e-06,9.06692607537794e-08
g1,crba,bard,32,collection,float32,library dynamics,3,validated,,5423.138766666666,5344.285700000001,,,fp32-fd-warnings,2,0.0,0.0,0,39200,5408.2314333333325,5507.354233333332,5300.738333333334,5386.427666666667,78.85306666666474,,8.43166015584984e-06,8.403268787769848e-08
g1,crba,bard,64,collection,float32,library dynamics,3,validated,,5464.827633333333,5350.393233333333,,,fp32-fd-warnings,2,0.0,0.0,0,78400,5439.380133333334,5510.621233333332,5337.719500000001,5354.207166666668,114.4344000000001,,8.43166015584984e-06,8.243254263055359e-08
g1,crba,bard,128,collection,float32,library dynamics,3,validated,,5538.439133333332,5338.536866666666,,,fp32-fd-warnings,2,0.0,0.0,0,156800,5486.005133333333,5574.258833333332,5324.419566666666,5389.956433333332,199.90226666666604,,8.43166015584984e-06,7.643890277893718e-08
g1,crba,bard,256,collection,float32,library dynamics,3,validated,,5558.013000000001,5365.385266666666,,,fp32-fd-warnings,2,0.0,0.0,0,313600,5551.320133333333,5618.209100000001,5344.752100000001,5365.502133333333,192.62773333333462,,8.43166015584984e-06,7.595370446059717e-08
g1,crba,bard,1024,collection,float32,library dynamics,3,validated,,5853.932733333334,5473.391833333334,,,fp32-fd-warnings,2,0.0,0.0,0,1254400,5812.697333333333,5973.714933333334,5334.727199999999,5509.397833333333,380.54089999999997,,8.43166015584984e-06,7.424419985530518e-08
g1,crba,frax,16,collection,unknown,unknown,3,model_mismatch,existing Frax adapter uses a six-coordinate floating base; shared quaternion fixture needs a validated conversion,,,,,fp32-fd-warnings,2,,,0,0,,,,,,,,
g1,crba,frax,32,collection,unknown,unknown,3,model_mismatch,existing Frax adapter uses a six-coordinate floating base; shared quaternion fixture needs a validated conversion,,,,,fp32-fd-warnings,2,,,0,0,,,,,,,,
g1,crba,frax,64,collection,unknown,unknown,3,model_mismatch,existing Frax adapter uses a six-coordinate floating base; shared quaternion fixture needs a validated conversion,,,,,fp32-fd-warnings,2,,,0,0,,,,,,,,
g1,crba,frax,128,collection,unknown,unknown,3,model_mismatch,existing Frax adapter uses a six-coordinate floating base; shared quaternion fixture needs a validated conversion,,,,,fp32-fd-warnings,2,,,0,0,,,,,,,,
g1,crba,frax,256,collection,unknown,unknown,3,model_mismatch,existing Frax adapter uses a six-coordinate floating base; shared quaternion fixture needs a validated conversion,,,,,fp32-fd-warnings,2,,,0,0,,,,,,,,
g1,crba,frax,1024,collection,unknown,unknown,3,model_mismatch,existing Frax adapter uses a six-coordinate floating base; shared quaternion fixture needs a validated conversion,,,,,fp32-fd-warnings,2,,,0,0,,,,,,,,
g1,crba,grim_cuda,16,collection,float32,analytical,3,validated,,41.820367431640626,34.2690668741862,,384,fp32-fd-warnings,2,0.0,0.0,0,19600,41.795267740885414,41.88493398030599,34.23899892171224,34.306399536132815,7.551300557454425,,8.43166015584984e-06,8.885799412166267e-08
g1,crba,grim_cuda,32,collection,float32,analytical,3,validated,,44.2288319905599,34.1752680460612,,384,fp32-fd-warnings,2,0.0,0.0,0,39200,44.19973347981771,44.23930002848307,34.172465006510414,34.29383239746094,10.053563944498698,,8.43166015584984e-06,7.952812975149675e-08
g1,crba,grim_cuda,64,collection,float32,analytical,3,validated,,48.1117660522461,33.80090077718099,,384,fp32-fd-warnings,2,0.0,0.0,0,78400,48.07063242594401,48.11523284912109,33.773033650716144,33.92903442382813,14.310865275065105,,8.43166015584984e-06,7.678152998570995e-08
g1,crba,grim_cuda,128,collection,float32,analytical,3,validated,,71.1333999633789,33.99190165201823,,384,fp32-fd-warnings,2,0.0,0.0,0,156800,70.99259999593099,71.3346684773763,33.99173533121745,34.17236582438151,37.14149831136068,,8.43166015584984e-06,7.559532466423206e-08
g1,crba,grim_cuda,256,collection,float32,analytical,3,validated,,101.60959879557292,34.92089945475261,,384,fp32-fd-warnings,2,0.0,0.0,0,313600,100.47756652832031,102.33666636149088,34.908066813151045,35.077633158365884,66.6886993408203,,8.43166015584984e-06,7.665967480024833e-08
g1,crba,grim_cuda,1024,collection,float32,analytical,3,validated,,369.7579661051432,119.72259877522787,,384,fp32-fd-warnings,2,0.0,0.0,0,1254400,366.46083374023436,371.3503667195638,119.7070317586263,120.20513356526693,250.03536732991535,,8.43166015584984e-06,7.592795230727907e-08
g1,crba,grim_jax,16,collection,float32,analytical,3,validated,,234.29670000000002,61.159233333333326,,,fp32-fd-warnings,2,0.0,0.0,0,19600,149.98493333333334,310.8282666666666,59.8071,62.496766666666666,173.13746666666668,,8.43166015584984e-06,8.885799412166267e-08
g1,crba,grim_jax,32,collection,float32,analytical,3,validated,,183.02703333333338,69.3284,,,fp32-fd-warnings,2,0.0,0.0,0,39200,161.00393333333332,277.33303333333333,59.77553333333334,71.08343333333333,113.69863333333338,,8.43166015584984e-06,7.952812975149675e-08
g1,crba,grim_jax,64,collection,float32,analytical,3,validated,,212.74823333333333,70.2201,,,fp32-fd-warnings,2,0.0,0.0,0,78400,195.16826666666665,425.76953333333336,62.23120000000001,71.2744,142.52813333333333,,8.43166015584984e-06,7.678152998570995e-08
g1,crba,grim_jax,128,collection,float32,analytical,3,validated,,256.79110000000003,69.09263333333334,,,fp32-fd-warnings,2,0.0,0.0,0,156800,227.37040000000005,317.8571,59.26753333333333,70.05266666666667,187.6984666666667,,8.43166015584984e-06,7.559532466423206e-08
g1,crba,grim_jax,256,collection,float32,analytical,3,validated,,434.16740000000004,61.96276666666666,,,fp32-fd-warnings,2,0.0,0.0,0,313600,325.5631666666667,458.5767666666665,61.44446666666666,70.52353333333333,372.2046333333334,,8.43166015584984e-06,7.665967480024833e-08
g1,crba,grim_jax,1024,collection,float32,analytical,3,validated,,1160.4196333333334,168.61296666666667,,,fp32-fd-warnings,2,0.0,0.0,0,1254400,941.1184999999999,1474.0089,166.64696666666669,212.5917,991.8066666666667,,8.43166015584984e-06,7.592795230727907e-08
g1,crba,mjx,16,collection,float32,simulator CRB + dense mass matrix,3,validated,,435.2776,223.0171,,,fp32-fd-warnings,2,8.344650268554688e-07,1.8591728069960148e-08,0,19600,423.9060333333334,671.9415,164.69826666666668,375.87693333333334,212.2605,,7.4991798015844324e-06,1.0339647626547727e-07
g1,crba,mjx,32,collection,float32,simulator CRB + dense mass matrix,3,validated,,438.73376666666667,142.72916666666666,,,fp32-fd-warnings,2,3.814697265625e-06,7.781755353640512e-08,0,39200,379.2815333333334,457.5489333333334,128.01253333333335,151.69963333333334,296.0046,,1.1362257737346226e-05,1.3889618022432703e-07
g1,crba,mjx,64,collection,float32,simulator CRB + dense mass matrix,3,validated,,568.2668666666666,153.81269999999998,,,fp32-fd-warnings,2,3.814697265625e-06,8.155300881609694e-08,0,78400,471.7822,651.6211999999999,142.92220000000003,340.54976666666664,414.45416666666665,,1.1362257737346226e-05,1.3048451605271873e-07
g1,crba,mjx,128,collection,float32,simulator CRB + dense mass matrix,3,validated,,600.2490333333335,191.5395666666667,,,fp32-fd-warnings,2,3.814697265625e-06,4.109075636374626e-08,0,156800,460.51646666666664,685.5931333333335,184.00396666666668,241.19323333333335,408.7094666666668,,1.0200805363069776e-05,1.3630012656557375e-07
g1,crba,mjx,256,collection,float32,simulator CRB + dense mass matrix,3,validated,,676.7656666666667,209.21186666666665,,,fp32-fd-warnings,2,3.814697265625e-06,9.204255528134096e-08,0,313600,671.2996000000002,709.1644666666665,181.35953333333333,227.63226666666665,467.5538,,1.1518375494290467e-05,1.5754370869488105e-07
g1,crba,mjx,1024,collection,float32,simulator CRB + dense mass matrix,3,validated,,1495.7343999999998,284.1461,,,fp32-fd-warnings,2,3.814697265625e-06,5.768610743113755e-08,0,1254400,1375.9836,1515.2724000000003,216.18730000000002,334.1503333333334,1211.5883,,1.3785208615502142e-05,1.5618085851869632e-07
g1,crba,mujoco_cpu,16,collection,float64,simulator CRB + dense mass matrix,3,validated,,76.22516666666665,,,,fp32-fd-warnings,2,0.0,0.0,0,19600,75.36096666666667,76.22793333333334,,,,,7.321445430363838e-06,8.681451608026691e-08
g1,crba,mujoco_cpu,32,collection,float64,simulator CRB + dense mass matrix,3,validated,,153.15419999999997,,,,fp32-fd-warnings,2,0.0,0.0,0,39200,153.14200000000002,159.0820666666667,,,,,7.725294842941821e-06,9.67584426127955e-08
g1,crba,mujoco_cpu,64,collection,float64,simulator CRB + dense mass matrix,3,validated,,317.9093333333333,,,,fp32-fd-warnings,2,0.0,0.0,0,78400,316.06253333333336,325.1009333333334,,,,,7.725294842941821e-06,8.992980179152801e-08
g1,crba,mujoco_cpu,128,collection,float64,simulator CRB + dense mass matrix,3,validated,,678.5637666666664,,,,fp32-fd-warnings,2,0.0,0.0,0,156800,676.7307333333335,693.9068,,,,,7.725294842941821e-06,8.750003903037609e-08
g1,crba,mujoco_cpu,256,collection,float64,simulator CRB + dense mass matrix,3,validated,,1389.7033666666669,,,,fp32-fd-warnings,2,0.0,0.0,0,313600,1385.5873666666664,1425.7476666666666,,,,,7.890626413598056e-06,8.71315085012837e-08
g1,crba,mujoco_cpu,1024,collection,float64,simulator CRB + dense mass matrix,3,validated,,7779.525733333333,,,,fp32-fd-warnings,2,0.0,0.0,0,1254400,7743.812833333333,7948.1807,,,,,1.0148245721097737e-05,9.25052226292672e-08
g1,crba,mujoco_warp,16,collection,float32,simulator CRB + dense mass matrix,3,validated,,118.45680000000002,71.37740000000001,283.51756666666665,,fp32-fd-warnings,2,4.76837158203125e-07,4.5078342027489625e-09,0,19600,118.16906666666665,118.62886666666665,71.31913333333333,71.46123333333334,47.07940000000001,,8.10216786106821e-06,1.3722281829999338e-07
g1,crba,mujoco_warp,32,collection,float32,simulator CRB + dense mass matrix,3,validated,,137.9736333333333,77.73970000000001,286.05286666666666,,fp32-fd-warnings,2,3.814697265625e-06,4.281272299726964e-08,0,39200,137.78143333333335,138.62933333333334,77.61533333333335,77.7738,60.2339333333333,,9.579518803093379e-06,1.441866738479581e-07
g1,crba,mujoco_warp,64,collection,float32,simulator CRB + dense mass matrix,3,validated,,179.59239999999997,84.70736666666669,288.2441,,fp32-fd-warnings,2,3.814697265625e-06,3.601410034548998e-08,0,78400,179.2392333333334,180.58516666666668,84.68440000000002,84.82959999999999,94.88503333333328,,1.1362257737346226e-05,1.5629159672278406e-07
g1,crba,mujoco_warp,128,collection,float32,simulator CRB + dense mass matrix,3,validated,,248.08909999999997,94.60783333333335,285.52183333333335,,fp32-fd-warnings,2,3.814697265625e-06,3.966447381131537e-08,0,156800,247.91856666666672,248.79750000000004,94.5728333333333,94.7082,153.4812666666666,,1.1362257737346226e-05,1.5580143709547658e-07
g1,crba,mujoco_warp,256,collection,float32,simulator CRB + dense mass matrix,3,validated,,325.6783333333333,103.20736666666667,293.1235333333333,,fp32-fd-warnings,2,3.814697265625e-06,3.715386649615678e-08,0,313600,325.45586666666674,325.77540000000005,103.15606666666666,103.30386666666666,222.4709666666666,,1.1518375494290467e-05,1.5452190774841864e-07
g1,crba,mujoco_warp,1024,collection,float32,simulator CRB + dense mass matrix,3,validated,,830.5360000000002,116.53939999999999,291.20856666666674,,fp32-fd-warnings,2,3.814697265625e-06,3.5173559664804115e-08,0,1254400,793.8000666666666,875.4739333333332,116.43653333333332,116.55949999999999,713.9966000000002,,1.3785208615502142e-05,1.6080258224773062e-07
g1,crba,pinocchio,16,collection,float32,codegen,3,validated,,15.993066666666662,,,8,fp32-fd-warnings,2,0.0,0.0,0,19600,15.983566666666665,16.055400000000002,,,,,8.43166015584984e-06,1.4069069406468216e-07
g1,crba,pinocchio,32,collection,float32,codegen,3,validated,,21.729899999999997,,,8,fp32-fd-warnings,2,0.0,0.0,0,39200,21.70206666666667,21.901400000000002,,,,,1.224635742147484e-05,1.372274565864623e-07
g1,crba,pinocchio,64,collection,float32,codegen,3,validated,,33.394133333333336,,,8,fp32-fd-warnings,2,0.0,0.0,0,78400,33.15316666666667,33.42143333333333,,,,,1.224635742147484e-05,1.2751988429992716e-07
g1,crba,pinocchio,128,collection,float32,codegen,3,validated,,55.33506666666666,,,8,fp32-fd-warnings,2,0.0,0.0,0,156800,55.06923333333334,55.547900000000006,,,,,1.224635742147484e-05,1.2342811631580552e-07
g1,crba,pinocchio,256,collection,float32,codegen,3,validated,,101.05940000000001,,,8,fp32-fd-warnings,2,0.0,0.0,0,313600,100.65079999999999,296.69649999999996,,,,,1.224635742147484e-05,1.2532966736714718e-07
g1,crba,pinocchio,1024,collection,float32,codegen,3,validated,,508.22550000000007,,,8,fp32-fd-warnings,2,0.0,0.0,0,1254400,498.6245666666666,531.5572666666667,,,,,1.224635742147484e-05,1.291441367366029e-07
g1,crba,pinocchio_plain,16,collection,float32,standard Pinocchio API (no codegen),3,validated,,22.37986666666667,,,8,fp32-fd-warnings,2,0.0,0.0,0,19600,22.1718,23.909333333333333,,,,,8.022656245998405e-07,3.0148042786278225e-08
g1,crba,pinocchio_plain,32,collection,float32,standard Pinocchio API (no codegen),3,validated,,35.16409999999999,,,8,fp32-fd-warnings,2,0.0,0.0,0,39200,34.07253333333333,43.67400000000001,,,,,8.022656245998405e-07,3.06669325167154e-08
g1,crba,pinocchio_plain,64,collection,float32,standard Pinocchio API (no codegen),3,validated,,62.00303333333333,,,8,fp32-fd-warnings,2,0.0,0.0,0,78400,61.717800000000004,63.623799999999996,,,,,9.73153365002588e-07,3.190620609363982e-08
g1,crba,pinocchio_plain,128,collection,float32,standard Pinocchio API (no codegen),3,validated,,116.32780000000001,,,8,fp32-fd-warnings,2,0.0,0.0,0,156800,116.05966666666669,134.07156666666666,,,,,1.1270476143465658e-06,3.176714793685696e-08
g1,crba,pinocchio_plain,256,collection,float32,standard Pinocchio API (no codegen),3,validated,,220.15083333333334,,,8,fp32-fd-warnings,2,0.0,0.0,0,313600,217.3535666666667,220.17226666666664,,,,,1.1270476143465658e-06,3.172267895870101e-08
g1,crba,pinocchio_plain,1024,collection,float32,standard Pinocchio API (no codegen),3,validated,,1000.8806000000002,,,8,fp32-fd-warnings,2,0.0,0.0,0,1254400,840.8714,1006.0292333333333,,,,,1.3182495024466334e-06,3.148550383968049e-08
g1,end_effector_pose,bard,16,collection,unknown,unknown,3,adapter_pending,selected operation not wired; not a library capability claim,,,,,fp32-fd-warnings,2,,,0,0,,,,,,,,
g1,end_effector_pose,bard,32,collection,unknown,unknown,3,adapter_pending,selected operation not wired; not a library capability claim,,,,,fp32-fd-warnings,2,,,0,0,,,,,,,,
g1,end_effector_pose,bard,64,collection,unknown,unknown,3,adapter_pending,selected operation not wired; not a library capability claim,,,,,fp32-fd-warnings,2,,,0,0,,,,,,,,
g1,end_effector_pose,bard,128,collection,unknown,unknown,3,adapter_pending,selected operation not wired; not a library capability claim,,,,,fp32-fd-warnings,2,,,0,0,,,,,,,,
g1,end_effector_pose,bard,256,collection,unknown,unknown,3,adapter_pending,selected operation not wired; not a library capability claim,,,,,fp32-fd-warnings,2,,,0,0,,,,,,,,
g1,end_effector_pose,bard,1024,collection,unknown,unknown,3,adapter_pending,selected operation not wired; not a library capability claim,,,,,fp32-fd-warnings,2,,,0,0,,,,,,,,
g1,end_effector_pose,frax,16,collection,unknown,unknown,3,model_mismatch,existing Frax adapter uses a six-coordinate floating base; shared quaternion fixture needs a validated conversion,,,,,fp32-fd-warnings,2,,,0,0,,,,,,,,
g1,end_effector_pose,frax,32,collection,unknown,unknown,3,model_mismatch,existing Frax adapter uses a six-coordinate floating base; shared quaternion fixture needs a validated conversion,,,,,fp32-fd-warnings,2,,,0,0,,,,,,,,
g1,end_effector_pose,frax,64,collection,unknown,unknown,3,model_mismatch,existing Frax adapter uses a six-coordinate floating base; shared quaternion fixture needs a validated conversion,,,,,fp32-fd-warnings,2,,,0,0,,,,,,,,
g1,end_effector_pose,frax,128,collection,unknown,unknown,3,model_mismatch,existing Frax adapter uses a six-coordinate floating base; shared quaternion fixture needs a validated conversion,,,,,fp32-fd-warnings,2,,,0,0,,,,,,,,
g1,end_effector_pose,frax,256,collection,unknown,unknown,3,model_mismatch,existing Frax adapter uses a six-coordinate floating base; shared quaternion fixture needs a validated conversion,,,,,fp32-fd-warnings,2,,,0,0,,,,,,,,
g1,end_effector_pose,frax,1024,collection,unknown,unknown,3,model_mismatch,existing Frax adapter uses a six-coordinate floating base; shared quaternion fixture needs a validated conversion,,,,,fp32-fd-warnings,2,,,0,0,,,,,,,,
g1,end_effector_pose,grim_cuda,16,collection,float32,analytical,3,validated,,41.28103332519531,31.83890177408854,,256,fp32-fd-warnings,2,0.0,0.0,0,96,41.24983266194661,41.35199991861979,31.824900817871093,31.876332092285157,9.442131551106769,,2.203860618443798e-07,5.879135418008479e-08
g1,end_effector_pose,grim_cuda,32,collection,float32,analytical,3,validated,,41.60653381347656,31.67553253173828,,256,fp32-fd-warnings,2,0.0,0.0,0,192,41.542398579915364,41.62443288167318,31.647235107421874,31.68803456624349,9.93100128173828,,2.203860618443798e-07,5.5625064484981887e-08
g1,end_effector_pose,grim_cuda,64,collection,float32,analytical,3,validated,,42.069498189290364,31.656067403157554,,256,fp32-fd-warnings,2,0.0,0.0,0,384,41.989298502604164,42.223734029134114,31.645199584960938,31.732735188802085,10.41343078613281,,2.203860618443798e-07,5.1688098122652876e-08
g1,end_effector_pose,grim_cuda,128,collection,float32,analytical,3,validated,,42.572899373372394,31.567767842610678,,256,fp32-fd-warnings,2,0.0,0.0,0,768,42.5611323038737,42.70826670328776,31.567433675130207,31.639634704589845,11.005131530761716,,4.836061151536342e-07,5.881747340133636e-08
g1,end_effector_pose,grim_cuda,256,collection,float32,analytical,3,validated,,44.22743479410807,31.911298116048176,,256,fp32-fd-warnings,2,0.0,0.0,0,1536,44.13883514404297,44.24793294270833,31.812234497070314,32.68450113932292,12.316136678059895,,5.462121957511279e-07,5.9961025631142e-08
g1,end_effector_pose,grim_cuda,1024,collection,float32,analytical,3,validated,,89.08406626383463,65.75753224690756,,256,fp32-fd-warnings,2,0.0,0.0,0,6144,89.07383270263672,89.42530212402343,65.48356679280599,65.76920013427734,23.32653401692707,,2.8041783867727155e-06,6.820962412473517e-08
g1,end_effector_pose,grim_jax,16,collection,float32,analytical,3,validated,,137.7093,68.0333,,,fp32-fd-warnings,2,0.0,0.0,0,96,131.8808666666667,159.29733333333328,60.390499999999996,69.17853333333333,69.67600000000002,,2.203860618443798e-07,5.879135418008479e-08
g1,end_effector_pose,grim_jax,32,collection,float32,analytical,3,validated,,180.17159999999998,57.628033333333335,,,fp32-fd-warnings,2,0.0,0.0,0,192,136.06303333333332,193.0899,57.52503333333333,66.30673333333333,122.54356666666665,,2.203860618443798e-07,5.5625064484981887e-08
g1,end_effector_pose,grim_jax,64,collection,float32,analytical,3,validated,,136.72286666666665,66.383,,,fp32-fd-warnings,2,0.0,0.0,0,384,134.3330666666667,281.85769999999997,58.366933333333336,105.52043333333333,70.33986666666665,,2.203860618443798e-07,5.1688098122652876e-08
g1,end_effector_pose,grim_jax,128,collection,float32,analytical,3,validated,,134.12226666666666,65.1199,,,fp32-fd-warnings,2,0.0,0.0,0,768,133.98923333333337,197.57683333333335,57.58186666666667,66.02903333333333,69.00236666666666,,4.836061151536342e-07,5.881747340133636e-08
g1,end_effector_pose,grim_jax,256,collection,float32,analytical,3,validated,,141.64399999999998,65.9677,,,fp32-fd-warnings,2,0.0,0.0,0,1536,139.37579999999997,291.9407,56.376933333333334,103.61116666666666,75.67629999999998,,5.462121957511279e-07,5.9961025631142e-08
g1,end_effector_pose,grim_jax,1024,collection,float32,analytical,3,validated,,245.11736666666664,92.85709999999999,,,fp32-fd-warnings,2,0.0,0.0,0,6144,194.53343333333333,257.4326,92.85116666666666,99.51880000000003,152.26026666666667,,2.8041783867727155e-06,6.820962412473517e-08
g1,end_effector_pose,mjx,16,collection,float32,simulator,3,validated,,297.4074666666666,74.66256666666666,,,fp32-fd-warnings,2,0.0,0.0,0,96,255.43163333333334,400.2416666666667,74.14040000000001,75.1447,222.74489999999994,,1.4735029859211133e-06,5.365833313448001e-07
g1,end_effector_pose,mjx,32,collection,float32,simulator,3,validated,,253.77396666666664,78.13573333333333,,,fp32-fd-warnings,2,0.0,0.0,0,192,215.26833333333335,377.79980000000006,77.30796666666666,122.17506666666667,175.6382333333333,,2.6738191316599824e-06,6.41972163750527e-07
g1,end_effector_pose,mjx,64,collection,float32,simulator,3,validated,,353.3828333333333,90.5451,,,fp32-fd-warnings,2,0.0,0.0,0,384,225.0867666666667,360.24590000000006,82.52759999999996,93.14293333333332,262.8377333333333,,3.2213988332419063e-06,6.773836368240672e-07
g1,end_effector_pose,mjx,128,collection,float32,simulator,3,validated,,382.4270333333333,78.77070000000002,,,fp32-fd-warnings,2,0.0,0.0,0,768,216.18290000000005,428.8716333333333,76.89959999999999,86.93386666666666,303.6563333333333,,3.63898561769882e-06,6.587923546468742e-07
g1,end_effector_pose,mjx,256,collection,float32,simulator,3,validated,,368.39523333333335,101.51803333333332,,,fp32-fd-warnings,2,0.0,0.0,0,1536,235.74603333333332,445.4021666666667,101.14766666666668,105.6369,266.8772,,7.384712257585413e-06,7.289052138971075e-07
g1,end_effector_pose,mjx,1024,collection,float32,simulator,3,validated,,414.6007333333334,72.93039999999999,,,fp32-fd-warnings,2,0.0,0.0,0,6144,358.5047,460.1107333333333,71.3993,265.1639333333333,341.67033333333336,,3.3727908974046095e-05,1.0188027032501827e-06
g1,end_effector_pose,mujoco_cpu,16,collection,float64,simulator,3,validated,,98.62586666666668,,,,fp32-fd-warnings,2,0.0,0.0,0,96,97.92456666666665,100.1242,,,,,1.550125085847398e-06,5.376602713170751e-07
g1,end_effector_pose,mujoco_cpu,32,collection,float64,simulator,3,validated,,197.1652666666667,,,,fp32-fd-warnings,2,0.0,0.0,0,192,196.74443333333335,200.51416666666668,,,,,2.8527070630168794e-06,6.190228753369983e-07
g1,end_effector_pose,mujoco_cpu,64,collection,float64,simulator,3,validated,,393.47110000000004,,,,fp32-fd-warnings,2,0.0,0.0,0,384,386.8912666666667,400.8040333333334,,,,,2.9839902967454535e-06,6.63614753883244e-07
g1,end_effector_pose,mujoco_cpu,128,collection,float64,simulator,3,validated,,814.3957000000001,,,,fp32-fd-warnings,2,0.0,0.0,0,768,787.7378666666668,826.5038666666667,,,,,3.59153748422103e-06,6.573493987897508e-07
g1,end_effector_pose,mujoco_cpu,256,collection,float64,simulator,3,validated,,1675.474633333334,,,,fp32-fd-warnings,2,0.0,0.0,0,1536,1616.4570333333336,1704.2409,,,,,7.728622610891911e-06,7.264010122396095e-07
g1,end_effector_pose,mujoco_cpu,1024,collection,float64,simulator,3,validated,,6601.9508,,,,fp32-fd-warnings,2,0.0,0.0,0,6144,6573.792499999999,6934.142566666667,,,,,3.879867655554037e-05,1.0423029001845468e-06
g1,end_effector_pose,mujoco_warp,16,collection,float32,simulator,3,validated,,56.56530000000001,26.49043333333334,47.793600000000005,,fp32-fd-warnings,2,0.0,0.0,0,96,56.29916666666666,70.62766666666667,26.470666666666666,26.52113333333334,30.07486666666667,,1.5164265245726227e-06,5.452928526087741e-07
g1,end_effector_pose,mujoco_warp,32,collection,float32,simulator,3,validated,,58.779700000000005,28.554199999999994,48.233999999999995,,fp32-fd-warnings,2,0.0,0.0,0,192,58.13926666666667,59.92716666666668,28.467733333333335,33.582633333333334,30.22550000000001,,2.8016192710200727e-06,6.31641942869833e-07
g1,end_effector_pose,mujoco_warp,64,collection,float32,simulator,3,validated,,60.44433333333334,29.462766666666667,47.62956666666667,,fp32-fd-warnings,2,0.0,0.0,0,384,60.42413333333334,61.7975,29.4356,29.679533333333328,30.981566666666673,,3.459817412343469e-06,6.711513545619084e-07
g1,end_effector_pose,mujoco_warp,128,collection,float32,simulator,3,validated,,62.7595,30.292333333333332,47.31053333333333,,fp32-fd-warnings,2,0.0,0.0,0,768,62.57039999999999,63.72303333333333,30.235333333333333,30.484800000000003,32.46716666666667,,3.459817412343469e-06,6.564616165702156e-07
g1,end_effector_pose,mujoco_warp,256,collection,float32,simulator,3,validated,,68.91203333333333,31.116366666666668,49.32773333333333,,fp32-fd-warnings,2,0.0,0.0,0,1536,67.88433333333334,69.2227,31.00546666666667,31.224533333333333,37.79566666666666,,7.563526191911585e-06,7.229001331720162e-07
g1,end_effector_pose,mujoco_warp,1024,collection,float32,simulator,3,validated,,80.9442,33.396766666666664,49.9388,,fp32-fd-warnings,2,0.0,0.0,0,6144,80.67783333333334,81.69196666666669,33.16946666666667,33.49476666666667,47.54743333333333,,3.778102481877266e-05,1.0434205930669854e-06
g1,end_effector_pose,pinocchio,16,collection,float64,analytical direct/composed,3,validated,,13.453300000000002,,,8,fp32-fd-warnings,2,0.0,0.0,0,96,13.251966666666666,14.486699999999997,,,,,0.0,0.0
g1,end_effector_pose,pinocchio,32,collection,float64,analytical direct/composed,3,validated,,17.6418,,,8,fp32-fd-warnings,2,0.0,0.0,0,192,16.947799999999997,23.084400000000006,,,,,0.0,0.0
g1,end_effector_pose,pinocchio,64,collection,float64,analytical direct/composed,3,validated,,24.389166666666664,,,8,fp32-fd-warnings,2,0.0,0.0,0,384,24.3254,25.09573333333334,,,,,0.0,0.0
g1,end_effector_pose,pinocchio,128,collection,float64,analytical direct/composed,3,validated,,39.830566666666655,,,8,fp32-fd-warnings,2,0.0,0.0,0,768,38.94423333333334,40.469466666666676,,,,,0.0,0.0
g1,end_effector_pose,pinocchio,256,collection,float64,analytical direct/composed,3,validated,,67.56550000000001,,,8,fp32-fd-warnings,2,0.0,0.0,0,1536,67.38856666666666,69.97749999999999,,,,,0.0,0.0
g1,end_effector_pose,pinocchio,1024,collection,float64,analytical direct/composed,3,validated,,398.2865666666666,,,8,fp32-fd-warnings,2,0.0,0.0,0,6144,380.1332,408.78419999999994,,,,,0.0,0.0
g1,end_effector_pose,pinocchio_plain,16,collection,float64,analytical direct/composed,3,validated,,13.503833333333334,,,8,fp32-fd-warnings,2,0.0,0.0,0,96,13.361533333333332,13.643866666666666,,,,,0.0,0.0
g1,end_effector_pose,pinocchio_plain,32,collection,float64,analytical direct/composed,3,validated,,17.33843333333333,,,8,fp32-fd-warnings,2,0.0,0.0,0,192,17.0733,17.559366666666666,,,,,0.0,0.0
g1,end_effector_pose,pinocchio_plain,64,collection,float64,analytical direct/composed,3,validated,,24.849699999999995,,,8,fp32-fd-warnings,2,0.0,0.0,0,384,24.717799999999997,24.98256666666667,,,,,0.0,0.0
g1,end_effector_pose,pinocchio_plain,128,collection,float64,analytical direct/composed,3,validated,,39.61643333333333,,,8,fp32-fd-warnings,2,0.0,0.0,0,768,39.27890000000001,77.56306666666666,,,,,0.0,0.0
g1,end_effector_pose,pinocchio_plain,256,collection,float64,analytical direct/composed,3,validated,,54.96223333333333,,,8,fp32-fd-warnings,2,0.0,0.0,0,1536,53.034933333333335,66.72733333333333,,,,,0.0,0.0
g1,end_effector_pose,pinocchio_plain,1024,collection,float64,analytical direct/composed,3,validated,,363.07693333333333,,,8,fp32-fd-warnings,2,0.0,0.0,0,6144,340.1667999999999,364.9605333333333,,,,,0.0,0.0
g1,end_effector_pose_gradient,bard,16,collection,unknown,unknown,3,adapter_pending,selected operation not wired; not a library capability claim,,,,,fp32-fd-warnings,2,,,0,0,,,,,,,,
g1,end_effector_pose_gradient,bard,32,collection,unknown,unknown,3,adapter_pending,selected operation not wired; not a library capability claim,,,,,fp32-fd-warnings,2,,,0,0,,,,,,,,
g1,end_effector_pose_gradient,bard,64,collection,unknown,unknown,3,adapter_pending,selected operation not wired; not a library capability claim,,,,,fp32-fd-warnings,2,,,0,0,,,,,,,,
g1,end_effector_pose_gradient,bard,128,collection,unknown,unknown,3,adapter_pending,selected operation not wired; not a library capability claim,,,,,fp32-fd-warnings,2,,,0,0,,,,,,,,
g1,end_effector_pose_gradient,bard,256,collection,unknown,unknown,3,adapter_pending,selected operation not wired; not a library capability claim,,,,,fp32-fd-warnings,2,,,0,0,,,,,,,,
g1,end_effector_pose_gradient,bard,1024,collection,unknown,unknown,3,adapter_pending,selected operation not wired; not a library capability claim,,,,,fp32-fd-warnings,2,,,0,0,,,,,,,,
g1,end_effector_pose_gradient,frax,16,collection,unknown,unknown,3,model_mismatch,existing Frax adapter uses a six-coordinate floating base; shared quaternion fixture needs a validated conversion,,,,,fp32-fd-warnings,2,,,0,0,,,,,,,,
g1,end_effector_pose_gradient,frax,32,collection,unknown,unknown,3,model_mismatch,existing Frax adapter uses a six-coordinate floating base; shared quaternion fixture needs a validated conversion,,,,,fp32-fd-warnings,2,,,0,0,,,,,,,,
g1,end_effector_pose_gradient,frax,64,collection,unknown,unknown,3,model_mismatch,existing Frax adapter uses a six-coordinate floating base; shared quaternion fixture needs a validated conversion,,,,,fp32-fd-warnings,2,,,0,0,,,,,,,,
g1,end_effector_pose_gradient,frax,128,collection,unknown,unknown,3,model_mismatch,existing Frax adapter uses a six-coordinate floating base; shared quaternion fixture needs a validated conversion,,,,,fp32-fd-warnings,2,,,0,0,,,,,,,,
g1,end_effector_pose_gradient,frax,256,collection,unknown,unknown,3,model_mismatch,existing Frax adapter uses a six-coordinate floating base; shared quaternion fixture needs a validated conversion,,,,,fp32-fd-warnings,2,,,0,0,,,,,,,,
g1,end_effector_pose_gradient,frax,1024,collection,unknown,unknown,3,model_mismatch,existing Frax adapter uses a six-coordinate floating base; shared quaternion fixture needs a validated conversion,,,,,fp32-fd-warnings,2,,,0,0,,,,,,,,
g1,end_effector_pose_gradient,grim_cuda,16,collection,unknown,unknown,3,adapter_pending,CUDA host-call timing bridge covers every operation but the end-effector derivatives,,,,,fp32-fd-warnings,2,,,0,0,,,,,,,,
g1,end_effector_pose_gradient,grim_cuda,32,collection,unknown,unknown,3,adapter_pending,CUDA host-call timing bridge covers every operation but the end-effector derivatives,,,,,fp32-fd-warnings,2,,,0,0,,,,,,,,
g1,end_effector_pose_gradient,grim_cuda,64,collection,unknown,unknown,3,adapter_pending,CUDA host-call timing bridge covers every operation but the end-effector derivatives,,,,,fp32-fd-warnings,2,,,0,0,,,,,,,,
g1,end_effector_pose_gradient,grim_cuda,128,collection,unknown,unknown,3,adapter_pending,CUDA host-call timing bridge covers every operation but the end-effector derivatives,,,,,fp32-fd-warnings,2,,,0,0,,,,,,,,
g1,end_effector_pose_gradient,grim_cuda,256,collection,unknown,unknown,3,adapter_pending,CUDA host-call timing bridge covers every operation but the end-effector derivatives,,,,,fp32-fd-warnings,2,,,0,0,,,,,,,,
g1,end_effector_pose_gradient,grim_cuda,1024,collection,unknown,unknown,3,adapter_pending,CUDA host-call timing bridge covers every operation but the end-effector derivatives,,,,,fp32-fd-warnings,2,,,0,0,,,,,,,,
g1,end_effector_pose_gradient,grim_jax,16,collection,float32,analytical,3,validated,,140.0025,60.6218,,,fp32-fd-warnings,2,0.0,0.0,0,3360,138.41443333333333,142.25753333333333,60.42550000000001,63.45456666666667,79.38069999999999,,1.7603017425926737e-06,2.4874267312821204e-07
g1,end_effector_pose_gradient,grim_jax,32,collection,float32,analytical,3,validated,,156.2691,64.95413333333335,,,fp32-fd-warnings,2,0.0,0.0,0,6720,143.14760000000004,406.6018666666667,61.853300000000004,69.3767,91.31496666666666,,1.7603017425926737e-06,1.9997791948074635e-07
g1,end_effector_pose_gradient,grim_jax,64,collection,float32,analytical,3,validated,,185.2172,71.52353333333333,,,fp32-fd-warnings,2,0.0,0.0,0,13440,142.91089999999997,198.98396666666667,71.29276666666668,81.07546666666667,113.69366666666666,,1.7603017425926737e-06,2.0981442980787236e-07
g1,end_effector_pose_gradient,grim_jax,128,collection,float32,analytical,3,validated,,305.8364333333333,62.93996666666666,,,fp32-fd-warnings,2,0.0,0.0,0,26880,157.3785333333333,414.1208333333334,62.27036666666666,73.46793333333333,242.8964666666666,,1.7779444334564687e-06,2.0630281968114085e-07
g1,end_effector_pose_gradient,grim_jax,256,collection,float32,analytical,3,validated,,204.36773333333332,70.44783333333332,,,fp32-fd-warnings,2,0.0,0.0,0,53760,192.2307,247.53913333333333,59.71203333333334,78.26756666666667,133.91989999999998,,5.028290189557083e-06,2.479188397411809e-07
g1,end_effector_pose_gradient,grim_jax,1024,collection,float32,analytical,3,validated,,393.84169999999995,82.67066666666666,,,fp32-fd-warnings,2,0.0,0.0,0,215040,376.45773333333335,747.6237666666667,80.80193333333334,143.39553333333336,311.1710333333333,,0.00018008614961217972,2.3284482112672013e-06
g1,end_effector_pose_gradient,mjx,16,collection,unknown,unknown,3,adapter_pending,selected operation not wired,,,,,fp32-fd-warnings,2,,,0,0,,,,,,,,
g1,end_effector_pose_gradient,mjx,32,collection,unknown,unknown,3,adapter_pending,selected operation not wired,,,,,fp32-fd-warnings,2,,,0,0,,,,,,,,
g1,end_effector_pose_gradient,mjx,64,collection,unknown,unknown,3,adapter_pending,selected operation not wired,,,,,fp32-fd-warnings,2,,,0,0,,,,,,,,
g1,end_effector_pose_gradient,mjx,128,collection,unknown,unknown,3,adapter_pending,selected operation not wired,,,,,fp32-fd-warnings,2,,,0,0,,,,,,,,
g1,end_effector_pose_gradient,mjx,256,collection,unknown,unknown,3,adapter_pending,selected operation not wired,,,,,fp32-fd-warnings,2,,,0,0,,,,,,,,
g1,end_effector_pose_gradient,mjx,1024,collection,unknown,unknown,3,adapter_pending,selected operation not wired,,,,,fp32-fd-warnings,2,,,0,0,,,,,,,,
g1,end_effector_pose_gradient,mujoco_cpu,16,collection,unknown,unknown,3,adapter_pending,no matched full tangent-space derivative adapter,,,,,fp32-fd-warnings,2,,,0,0,,,,,,,,
g1,end_effector_pose_gradient,mujoco_cpu,32,collection,unknown,unknown,3,adapter_pending,no matched full tangent-space derivative adapter,,,,,fp32-fd-warnings,2,,,0,0,,,,,,,,
g1,end_effector_pose_gradient,mujoco_cpu,64,collection,unknown,unknown,3,adapter_pending,no matched full tangent-space derivative adapter,,,,,fp32-fd-warnings,2,,,0,0,,,,,,,,
g1,end_effector_pose_gradient,mujoco_cpu,128,collection,unknown,unknown,3,adapter_pending,no matched full tangent-space derivative adapter,,,,,fp32-fd-warnings,2,,,0,0,,,,,,,,
g1,end_effector_pose_gradient,mujoco_cpu,256,collection,unknown,unknown,3,adapter_pending,no matched full tangent-space derivative adapter,,,,,fp32-fd-warnings,2,,,0,0,,,,,,,,
g1,end_effector_pose_gradient,mujoco_cpu,1024,collection,unknown,unknown,3,adapter_pending,no matched full tangent-space derivative adapter,,,,,fp32-fd-warnings,2,,,0,0,,,,,,,,
g1,end_effector_pose_gradient,mujoco_warp,16,collection,unknown,unknown,3,adapter_pending,no matched full tangent-space derivative adapter,,,,,fp32-fd-warnings,2,,,0,0,,,,,,,,
g1,end_effector_pose_gradient,mujoco_warp,32,collection,unknown,unknown,3,adapter_pending,no matched full tangent-space derivative adapter,,,,,fp32-fd-warnings,2,,,0,0,,,,,,,,
g1,end_effector_pose_gradient,mujoco_warp,64,collection,unknown,unknown,3,adapter_pending,no matched full tangent-space derivative adapter,,,,,fp32-fd-warnings,2,,,0,0,,,,,,,,
g1,end_effector_pose_gradient,mujoco_warp,128,collection,unknown,unknown,3,adapter_pending,no matched full tangent-space derivative adapter,,,,,fp32-fd-warnings,2,,,0,0,,,,,,,,
g1,end_effector_pose_gradient,mujoco_warp,256,collection,unknown,unknown,3,adapter_pending,no matched full tangent-space derivative adapter,,,,,fp32-fd-warnings,2,,,0,0,,,,,,,,
g1,end_effector_pose_gradient,mujoco_warp,1024,collection,unknown,unknown,3,adapter_pending,no matched full tangent-space derivative adapter,,,,,fp32-fd-warnings,2,,,0,0,,,,,,,,
g1,end_effector_pose_gradient,pinocchio,16,collection,unknown,unknown,3,adapter_pending,Pinocchio spatial kinematic derivatives are not the requested RPY pose-coordinate derivatives,,,,,fp32-fd-warnings,2,,,0,0,,,,,,,,
g1,end_effector_pose_gradient,pinocchio,32,collection,unknown,unknown,3,adapter_pending,Pinocchio spatial kinematic derivatives are not the requested RPY pose-coordinate derivatives,,,,,fp32-fd-warnings,2,,,0,0,,,,,,,,
g1,end_effector_pose_gradient,pinocchio,64,collection,unknown,unknown,3,adapter_pending,Pinocchio spatial kinematic derivatives are not the requested RPY pose-coordinate derivatives,,,,,fp32-fd-warnings,2,,,0,0,,,,,,,,
g1,end_effector_pose_gradient,pinocchio,128,collection,unknown,unknown,3,adapter_pending,Pinocchio spatial kinematic derivatives are not the requested RPY pose-coordinate derivatives,,,,,fp32-fd-warnings,2,,,0,0,,,,,,,,
g1,end_effector_pose_gradient,pinocchio,256,collection,unknown,unknown,3,adapter_pending,Pinocchio spatial kinematic derivatives are not the requested RPY pose-coordinate derivatives,,,,,fp32-fd-warnings,2,,,0,0,,,,,,,,
g1,end_effector_pose_gradient,pinocchio,1024,collection,unknown,unknown,3,adapter_pending,Pinocchio spatial kinematic derivatives are not the requested RPY pose-coordinate derivatives,,,,,fp32-fd-warnings,2,,,0,0,,,,,,,,
g1,end_effector_pose_gradient,pinocchio_plain,16,collection,unknown,unknown,3,adapter_pending,Pinocchio spatial kinematic derivatives are not the requested RPY pose-coordinate derivatives,,,,,fp32-fd-warnings,2,,,0,0,,,,,,,,
g1,end_effector_pose_gradient,pinocchio_plain,32,collection,unknown,unknown,3,adapter_pending,Pinocchio spatial kinematic derivatives are not the requested RPY pose-coordinate derivatives,,,,,fp32-fd-warnings,2,,,0,0,,,,,,,,
g1,end_effector_pose_gradient,pinocchio_plain,64,collection,unknown,unknown,3,adapter_pending,Pinocchio spatial kinematic derivatives are not the requested RPY pose-coordinate derivatives,,,,,fp32-fd-warnings,2,,,0,0,,,,,,,,
g1,end_effector_pose_gradient,pinocchio_plain,128,collection,unknown,unknown,3,adapter_pending,Pinocchio spatial kinematic derivatives are not the requested RPY pose-coordinate derivatives,,,,,fp32-fd-warnings,2,,,0,0,,,,,,,,
g1,end_effector_pose_gradient,pinocchio_plain,256,collection,unknown,unknown,3,adapter_pending,Pinocchio spatial kinematic derivatives are not the requested RPY pose-coordinate derivatives,,,,,fp32-fd-warnings,2,,,0,0,,,,,,,,
g1,end_effector_pose_gradient,pinocchio_plain,1024,collection,unknown,unknown,3,adapter_pending,Pinocchio spatial kinematic derivatives are not the requested RPY pose-coordinate derivatives,,,,,fp32-fd-warnings,2,,,0,0,,,,,,,,
g1,end_effector_pose_hessian,bard,16,collection,unknown,unknown,3,excluded_method,analytical Hessian study; no finite-difference or nested-autodiff Hessian sweep,,,,,fp32-fd-warnings,2,,,0,0,,,,,,,,
g1,end_effector_pose_hessian,bard,32,collection,unknown,unknown,3,excluded_method,analytical Hessian study; no finite-difference or nested-autodiff Hessian sweep,,,,,fp32-fd-warnings,2,,,0,0,,,,,,,,
g1,end_effector_pose_hessian,bard,64,collection,unknown,unknown,3,excluded_method,analytical Hessian study; no finite-difference or nested-autodiff Hessian sweep,,,,,fp32-fd-warnings,2,,,0,0,,,,,,,,
g1,end_effector_pose_hessian,bard,128,collection,unknown,unknown,3,excluded_method,analytical Hessian study; no finite-difference or nested-autodiff Hessian sweep,,,,,fp32-fd-warnings,2,,,0,0,,,,,,,,
g1,end_effector_pose_hessian,bard,256,collection,unknown,unknown,3,excluded_method,analytical Hessian study; no finite-difference or nested-autodiff Hessian sweep,,,,,fp32-fd-warnings,2,,,0,0,,,,,,,,
g1,end_effector_pose_hessian,bard,1024,collection,unknown,unknown,3,excluded_method,analytical Hessian study; no finite-difference or nested-autodiff Hessian sweep,,,,,fp32-fd-warnings,2,,,0,0,,,,,,,,
g1,end_effector_pose_hessian,frax,16,collection,unknown,unknown,3,excluded_method,analytical Hessian study; no finite-difference or nested-autodiff Hessian sweep,,,,,fp32-fd-warnings,2,,,0,0,,,,,,,,
g1,end_effector_pose_hessian,frax,32,collection,unknown,unknown,3,excluded_method,analytical Hessian study; no finite-difference or nested-autodiff Hessian sweep,,,,,fp32-fd-warnings,2,,,0,0,,,,,,,,
g1,end_effector_pose_hessian,frax,64,collection,unknown,unknown,3,excluded_method,analytical Hessian study; no finite-difference or nested-autodiff Hessian sweep,,,,,fp32-fd-warnings,2,,,0,0,,,,,,,,
g1,end_effector_pose_hessian,frax,128,collection,unknown,unknown,3,excluded_method,analytical Hessian study; no finite-difference or nested-autodiff Hessian sweep,,,,,fp32-fd-warnings,2,,,0,0,,,,,,,,
g1,end_effector_pose_hessian,frax,256,collection,unknown,unknown,3,excluded_method,analytical Hessian study; no finite-difference or nested-autodiff Hessian sweep,,,,,fp32-fd-warnings,2,,,0,0,,,,,,,,
g1,end_effector_pose_hessian,frax,1024,collection,unknown,unknown,3,excluded_method,analytical Hessian study; no finite-difference or nested-autodiff Hessian sweep,,,,,fp32-fd-warnings,2,,,0,0,,,,,,,,
g1,end_effector_pose_hessian,grim_cuda,16,collection,unknown,unknown,3,adapter_pending,CUDA host-call timing bridge covers every operation but the end-effector derivatives,,,,,fp32-fd-warnings,2,,,0,0,,,,,,,,
g1,end_effector_pose_hessian,grim_cuda,32,collection,unknown,unknown,3,adapter_pending,CUDA host-call timing bridge covers every operation but the end-effector derivatives,,,,,fp32-fd-warnings,2,,,0,0,,,,,,,,
g1,end_effector_pose_hessian,grim_cuda,64,collection,unknown,unknown,3,adapter_pending,CUDA host-call timing bridge covers every operation but the end-effector derivatives,,,,,fp32-fd-warnings,2,,,0,0,,,,,,,,
g1,end_effector_pose_hessian,grim_cuda,128,collection,unknown,unknown,3,adapter_pending,CUDA host-call timing bridge covers every operation but the end-effector derivatives,,,,,fp32-fd-warnings,2,,,0,0,,,,,,,,
g1,end_effector_pose_hessian,grim_cuda,256,collection,unknown,unknown,3,adapter_pending,CUDA host-call timing bridge covers every operation but the end-effector derivatives,,,,,fp32-fd-warnings,2,,,0,0,,,,,,,,
g1,end_effector_pose_hessian,grim_cuda,1024,collection,unknown,unknown,3,adapter_pending,CUDA host-call timing bridge covers every operation but the end-effector derivatives,,,,,fp32-fd-warnings,2,,,0,0,,,,,,,,
g1,end_effector_pose_hessian,grim_jax,16,collection,float32,analytical,3,validated,,254.2680333333333,74.53543333333333,,,fp32-fd-warnings,2,0.0,0.0,0,117600,251.2109,264.5453333333333,72.87766666666668,84.6601333333333,179.7326,,3.827212140095071e-05,4.981299272059941e-06
g1,end_effector_pose_hessian,grim_jax,32,collection,float32,analytical,3,validated,,278.17220000000003,71.90833333333333,,,fp32-fd-warnings,2,0.0,0.0,0,235200,272.24803333333335,314.2462333333333,64.08453333333334,73.90213333333334,206.2638666666667,,4.7094575393424876e-05,4.091061403855686e-06
g1,end_effector_pose_hessian,grim_jax,64,collection,float32,analytical,3,validated,,473.8546333333334,84.63283333333335,,,fp32-fd-warnings,2,0.0,0.0,0,470400,453.5961666666666,563.4729666666667,74.09566666666667,86.61390000000002,389.2218000000001,,4.8708972599342815e-05,4.315139173697178e-06
g1,end_effector_pose_hessian,grim_jax,128,collection,float32,analytical,3,validated,,1117.2853333333333,75.48826666666666,,,fp32-fd-warnings,2,0.0,0.0,0,940800,892.7219333333334,1330.659566666667,66.26113333333333,76.79323333333332,1041.7970666666665,,6.936185104677861e-05,3.2944277783151652e-06
g1,end_effector_pose_hessian,grim_jax,256,collection,float32,analytical,3,validated,,1730.0814,94.13353333333332,,,fp32-fd-warnings,2,0.0,0.0,0,1881600,1694.1663333333333,1947.2962000000002,81.82103333333333,120.32353333333336,1635.9478666666666,,0.0001195739782779981,2.9020101046190957e-06
g1,end_effector_pose_hessian,grim_jax,1024,collection,float32,analytical,3,validated,,4331.9092,205.03916666666672,,,fp32-fd-warnings,2,0.0,0.0,0,7526400,3806.6338333333333,4376.367433333333,181.52083333333334,220.71536666666668,4126.870033333334,,0.01636726847709724,8.134532851923655e-06
g1,end_effector_pose_hessian,mjx,16,collection,unknown,unknown,3,excluded_method,analytical Hessian study; no finite-difference or nested-autodiff Hessian sweep,,,,,fp32-fd-warnings,2,,,0,0,,,,,,,,
g1,end_effector_pose_hessian,mjx,32,collection,unknown,unknown,3,excluded_method,analytical Hessian study; no finite-difference or nested-autodiff Hessian sweep,,,,,fp32-fd-warnings,2,,,0,0,,,,,,,,
g1,end_effector_pose_hessian,mjx,64,collection,unknown,unknown,3,excluded_method,analytical Hessian study; no finite-difference or nested-autodiff Hessian sweep,,,,,fp32-fd-warnings,2,,,0,0,,,,,,,,
g1,end_effector_pose_hessian,mjx,128,collection,unknown,unknown,3,excluded_method,analytical Hessian study; no finite-difference or nested-autodiff Hessian sweep,,,,,fp32-fd-warnings,2,,,0,0,,,,,,,,
g1,end_effector_pose_hessian,mjx,256,collection,unknown,unknown,3,excluded_method,analytical Hessian study; no finite-difference or nested-autodiff Hessian sweep,,,,,fp32-fd-warnings,2,,,0,0,,,,,,,,
g1,end_effector_pose_hessian,mjx,1024,collection,unknown,unknown,3,excluded_method,analytical Hessian study; no finite-difference or nested-autodiff Hessian sweep,,,,,fp32-fd-warnings,2,,,0,0,,,,,,,,
g1,end_effector_pose_hessian,mujoco_cpu,16,collection,unknown,unknown,3,excluded_method,analytical Hessian study; no finite-difference or nested-autodiff Hessian sweep,,,,,fp32-fd-warnings,2,,,0,0,,,,,,,,
g1,end_effector_pose_hessian,mujoco_cpu,32,collection,unknown,unknown,3,excluded_method,analytical Hessian study; no finite-difference or nested-autodiff Hessian sweep,,,,,fp32-fd-warnings,2,,,0,0,,,,,,,,
g1,end_effector_pose_hessian,mujoco_cpu,64,collection,unknown,unknown,3,excluded_method,analytical Hessian study; no finite-difference or nested-autodiff Hessian sweep,,,,,fp32-fd-warnings,2,,,0,0,,,,,,,,
g1,end_effector_pose_hessian,mujoco_cpu,128,collection,unknown,unknown,3,excluded_method,analytical Hessian study; no finite-difference or nested-autodiff Hessian sweep,,,,,fp32-fd-warnings,2,,,0,0,,,,,,,,
g1,end_effector_pose_hessian,mujoco_cpu,256,collection,unknown,unknown,3,excluded_method,analytical Hessian study; no finite-difference or nested-autodiff Hessian sweep,,,,,fp32-fd-warnings,2,,,0,0,,,,,,,,
g1,end_effector_pose_hessian,mujoco_cpu,1024,collection,unknown,unknown,3,excluded_method,analytical Hessian study; no finite-difference or nested-autodiff Hessian sweep,,,,,fp32-fd-warnings,2,,,0,0,,,,,,,,
g1,end_effector_pose_hessian,mujoco_warp,16,collection,unknown,unknown,3,excluded_method,analytical Hessian study; no finite-difference or nested-autodiff Hessian sweep,,,,,fp32-fd-warnings,2,,,0,0,,,,,,,,
g1,end_effector_pose_hessian,mujoco_warp,32,collection,unknown,unknown,3,excluded_method,analytical Hessian study; no finite-difference or nested-autodiff Hessian sweep,,,,,fp32-fd-warnings,2,,,0,0,,,,,,,,
g1,end_effector_pose_hessian,mujoco_warp,64,collection,unknown,unknown,3,excluded_method,analytical Hessian study; no finite-difference or nested-autodiff Hessian sweep,,,,,fp32-fd-warnings,2,,,0,0,,,,,,,,
g1,end_effector_pose_hessian,mujoco_warp,128,collection,unknown,unknown,3,excluded_method,analytical Hessian study; no finite-difference or nested-autodiff Hessian sweep,,,,,fp32-fd-warnings,2,,,0,0,,,,,,,,
g1,end_effector_pose_hessian,mujoco_warp,256,collection,unknown,unknown,3,excluded_method,analytical Hessian study; no finite-difference or nested-autodiff Hessian sweep,,,,,fp32-fd-warnings,2,,,0,0,,,,,,,,
g1,end_effector_pose_hessian,mujoco_warp,1024,collection,unknown,unknown,3,excluded_method,analytical Hessian study; no finite-difference or nested-autodiff Hessian sweep,,,,,fp32-fd-warnings,2,,,0,0,,,,,,,,
g1,end_effector_pose_hessian,pinocchio,16,collection,unknown,unknown,3,adapter_pending,Pinocchio spatial kinematic derivatives are not the requested RPY pose-coordinate derivatives,,,,,fp32-fd-warnings,2,,,0,0,,,,,,,,
g1,end_effector_pose_hessian,pinocchio,32,collection,unknown,unknown,3,adapter_pending,Pinocchio spatial kinematic derivatives are not the requested RPY pose-coordinate derivatives,,,,,fp32-fd-warnings,2,,,0,0,,,,,,,,
g1,end_effector_pose_hessian,pinocchio,64,collection,unknown,unknown,3,adapter_pending,Pinocchio spatial kinematic derivatives are not the requested RPY pose-coordinate derivatives,,,,,fp32-fd-warnings,2,,,0,0,,,,,,,,
g1,end_effector_pose_hessian,pinocchio,128,collection,unknown,unknown,3,adapter_pending,Pinocchio spatial kinematic derivatives are not the requested RPY pose-coordinate derivatives,,,,,fp32-fd-warnings,2,,,0,0,,,,,,,,
g1,end_effector_pose_hessian,pinocchio,256,collection,unknown,unknown,3,adapter_pending,Pinocchio spatial kinematic derivatives are not the requested RPY pose-coordinate derivatives,,,,,fp32-fd-warnings,2,,,0,0,,,,,,,,
g1,end_effector_pose_hessian,pinocchio,1024,collection,unknown,unknown,3,adapter_pending,Pinocchio spatial kinematic derivatives are not the requested RPY pose-coordinate derivatives,,,,,fp32-fd-warnings,2,,,0,0,,,,,,,,
g1,end_effector_pose_hessian,pinocchio_plain,16,collection,unknown,unknown,3,adapter_pending,Pinocchio spatial kinematic derivatives are not the requested RPY pose-coordinate derivatives,,,,,fp32-fd-warnings,2,,,0,0,,,,,,,,
g1,end_effector_pose_hessian,pinocchio_plain,32,collection,unknown,unknown,3,adapter_pending,Pinocchio spatial kinematic derivatives are not the requested RPY pose-coordinate derivatives,,,,,fp32-fd-warnings,2,,,0,0,,,,,,,,
g1,end_effector_pose_hessian,pinocchio_plain,64,collection,unknown,unknown,3,adapter_pending,Pinocchio spatial kinematic derivatives are not the requested RPY pose-coordinate derivatives,,,,,fp32-fd-warnings,2,,,0,0,,,,,,,,
g1,end_effector_pose_hessian,pinocchio_plain,128,collection,unknown,unknown,3,adapter_pending,Pinocchio spatial kinematic derivatives are not the requested RPY pose-coordinate derivatives,,,,,fp32-fd-warnings,2,,,0,0,,,,,,,,
g1,end_effector_pose_hessian,pinocchio_plain,256,collection,unknown,unknown,3,adapter_pending,Pinocchio spatial kinematic derivatives are not the requested RPY pose-coordinate derivatives,,,,,fp32-fd-warnings,2,,,0,0,,,,,,,,
g1,end_effector_pose_hessian,pinocchio_plain,1024,collection,unknown,unknown,3,adapter_pending,Pinocchio spatial kinematic derivatives are not the requested RPY pose-coordinate derivatives,,,,,fp32-fd-warnings,2,,,0,0,,,,,,,,
g1,fdsva_so,bard,16,collection,unknown,unknown,3,excluded_method,analytical Hessian study; no finite-difference or nested-autodiff Hessian sweep,,,,,fp32-fd-warnings,2,,,0,0,,,,,,,,
g1,fdsva_so,bard,32,collection,unknown,unknown,3,excluded_method,analytical Hessian study; no finite-difference or nested-autodiff Hessian sweep,,,,,fp32-fd-warnings,2,,,0,0,,,,,,,,
g1,fdsva_so,bard,64,collection,unknown,unknown,3,excluded_method,analytical Hessian study; no finite-difference or nested-autodiff Hessian sweep,,,,,fp32-fd-warnings,2,,,0,0,,,,,,,,
g1,fdsva_so,bard,128,collection,unknown,unknown,3,excluded_method,analytical Hessian study; no finite-difference or nested-autodiff Hessian sweep,,,,,fp32-fd-warnings,2,,,0,0,,,,,,,,
g1,fdsva_so,bard,256,collection,unknown,unknown,3,excluded_method,analytical Hessian study; no finite-difference or nested-autodiff Hessian sweep,,,,,fp32-fd-warnings,2,,,0,0,,,,,,,,
g1,fdsva_so,bard,1024,collection,unknown,unknown,3,excluded_method,analytical Hessian study; no finite-difference or nested-autodiff Hessian sweep,,,,,fp32-fd-warnings,2,,,0,0,,,,,,,,
g1,fdsva_so,frax,16,collection,unknown,unknown,3,excluded_method,analytical Hessian study; no finite-difference or nested-autodiff Hessian sweep,,,,,fp32-fd-warnings,2,,,0,0,,,,,,,,
g1,fdsva_so,frax,32,collection,unknown,unknown,3,excluded_method,analytical Hessian study; no finite-difference or nested-autodiff Hessian sweep,,,,,fp32-fd-warnings,2,,,0,0,,,,,,,,
g1,fdsva_so,frax,64,collection,unknown,unknown,3,excluded_method,analytical Hessian study; no finite-difference or nested-autodiff Hessian sweep,,,,,fp32-fd-warnings,2,,,0,0,,,,,,,,
g1,fdsva_so,frax,128,collection,unknown,unknown,3,excluded_method,analytical Hessian study; no finite-difference or nested-autodiff Hessian sweep,,,,,fp32-fd-warnings,2,,,0,0,,,,,,,,
g1,fdsva_so,frax,256,collection,unknown,unknown,3,excluded_method,analytical Hessian study; no finite-difference or nested-autodiff Hessian sweep,,,,,fp32-fd-warnings,2,,,0,0,,,,,,,,
g1,fdsva_so,frax,1024,collection,unknown,unknown,3,excluded_method,analytical Hessian study; no finite-difference or nested-autodiff Hessian sweep,,,,,fp32-fd-warnings,2,,,0,0,,,,,,,,
g1,fdsva_so,grim_cuda,16,collection,float32,analytical,3,accuracy_warning,Entrywise oracle/variation gate exceeded; explicitly retained with errors reported,2159.303232828776,1650.7684682210286,,512,fp32-fd-warnings,2,0.0,0.0,10397,2744000,2154.34640045166,2160.6882319132487,1644.9365346272787,1651.8746658325194,508.5347646077473,,1.1593179226607617,7.496489695064758e-05
g1,fdsva_so,grim_cuda,32,collection,float32,analytical,3,accuracy_warning,Entrywise oracle/variation gate exceeded; explicitly retained with errors reported,2687.3123001098634,1679.3419001261393,,512,fp32-fd-warnings,2,0.0,0.0,15317,5488000,2686.703568013509,2689.5606318155924,1673.0915318806967,1679.574533589681,1007.9703999837241,,1.1593179226607617,7.161289349094614e-05
g1,fdsva_so,grim_cuda,64,collection,float32,analytical,3,accuracy_warning,Entrywise oracle/variation gate exceeded; explicitly retained with errors reported,3764.36273244222,1755.6005991617837,,512,fp32-fd-warnings,2,0.0,0.0,26670,10976000,3763.725365702311,3775.565133158366,1750.2139994303386,1755.7470998128256,2008.7621332804363,,1.1593179226607617,6.947424775823745e-05
g1,fdsva_so,grim_cuda,128,collection,float32,analytical,3,accuracy_warning,Entrywise oracle/variation gate exceeded; explicitly retained with errors reported,6104.623300679525,2077.1865346272784,,512,fp32-fd-warnings,2,0.0,0.0,51187,21952000,6103.574732971191,6115.561501057943,2073.259600830078,2078.658632914225,4027.436766052246,,1.1593179226607617,6.774219098844525e-05
g1,fdsva_so,grim_cuda,256,collection,float32,analytical,3,accuracy_warning,Entrywise oracle/variation gate exceeded; explicitly retained with errors reported,12165.75953318278,4061.1117329915364,,512,fp32-fd-warnings,2,0.0,0.0,101088,43904000,12111.738199869791,12168.691633605957,4060.849799601237,4062.446165974935,8104.647800191244,,1.1593179226607617,6.559423033941892e-05
g1,fdsva_so,grim_cuda,1024,collection,float32,analytical,3,accuracy_warning,Entrywise oracle/variation gate exceeded; explicitly retained with errors reported,47685.77909749349,14960.988334147136,,512,fp32-fd-warnings,2,0.0,0.0,410257,175616000,47504.40463409424,47966.87569936117,14948.115900675455,15673.854133605957,32724.790763346355,,1.1593179226607617,6.130443197589072e-05
g1,fdsva_so,grim_jax,16,collection,float32,analytical,3,accuracy_warning,Entrywise oracle/variation gate exceeded; explicitly retained with errors reported,4014.0777999999996,2148.4594666666667,,,fp32-fd-warnings,2,0.0,0.0,10397,2744000,3957.1615,4032.6048,2123.4523000000004,2218.094633333333,1865.6183333333329,,1.1593179226607617,7.496489695064758e-05
g1,fdsva_so,grim_jax,32,collection,float32,analytical,3,accuracy_warning,Entrywise oracle/variation gate exceeded; explicitly retained with errors reported,5219.577633333334,2281.2193666666667,,,fp32-fd-warnings,2,0.0,0.0,15317,5488000,5179.371833333334,5274.582666666667,2192.6685666666667,2286.1645,2938.3582666666675,,1.1593179226607617,7.161289349094614e-05
g1,fdsva_so,grim_jax,64,collection,float32,analytical,3,accuracy_warning,Entrywise oracle/variation gate exceeded; explicitly retained with errors reported,8293.013033333335,2276.515566666667,,,fp32-fd-warnings,2,0.0,0.0,26670,10976000,8170.8156666666655,8610.043933333332,2266.6966666666663,2324.0011666666674,6016.497466666668,,1.1593179226607617,6.947424775823745e-05
g1,fdsva_so,grim_jax,128,collection,float32,analytical,3,accuracy_warning,Entrywise oracle/variation gate exceeded; explicitly retained with errors reported,16578.951233333333,2801.095500000001,,,fp32-fd-warnings,2,0.0,0.0,51187,21952000,16320.937933333333,16649.1411,2723.8911000000003,2811.249433333334,13777.855733333332,,1.1593179226607617,6.774219098844525e-05
g1,fdsva_so,grim_jax,256,collection,float32,analytical,3,accuracy_warning,Entrywise oracle/variation gate exceeded; explicitly retained with errors reported,37773.5553,5631.279233333333,,,fp32-fd-warnings,2,0.0,0.0,101088,43904000,35237.28913333333,37835.33313333334,4984.142900000001,5702.579366666666,32142.276066666665,,1.1593179226607617,6.559423033941892e-05
g1,fdsva_so,grim_jax,1024,collection,float32,analytical,3,accuracy_warning,Entrywise oracle/variation gate exceeded; explicitly retained with errors reported,142191.54176666666,18038.118166666667,,,fp32-fd-warnings,2,0.0,0.0,410257,175616000,140507.8800666667,155027.76486666666,18010.784,18171.549366666666,124153.4236,,1.1593179226607617,6.130443197589072e-05
g1,fdsva_so,mjx,16,collection,unknown,unknown,3,excluded_method,analytical Hessian study; no finite-difference or nested-autodiff Hessian sweep,,,,,fp32-fd-warnings,2,,,0,0,,,,,,,,
g1,fdsva_so,mjx,32,collection,unknown,unknown,3,excluded_method,analytical Hessian study; no finite-difference or nested-autodiff Hessian sweep,,,,,fp32-fd-warnings,2,,,0,0,,,,,,,,
g1,fdsva_so,mjx,64,collection,unknown,unknown,3,excluded_method,analytical Hessian study; no finite-difference or nested-autodiff Hessian sweep,,,,,fp32-fd-warnings,2,,,0,0,,,,,,,,
g1,fdsva_so,mjx,128,collection,unknown,unknown,3,excluded_method,analytical Hessian study; no finite-difference or nested-autodiff Hessian sweep,,,,,fp32-fd-warnings,2,,,0,0,,,,,,,,
g1,fdsva_so,mjx,256,collection,unknown,unknown,3,excluded_method,analytical Hessian study; no finite-difference or nested-autodiff Hessian sweep,,,,,fp32-fd-warnings,2,,,0,0,,,,,,,,
g1,fdsva_so,mjx,1024,collection,unknown,unknown,3,excluded_method,analytical Hessian study; no finite-difference or nested-autodiff Hessian sweep,,,,,fp32-fd-warnings,2,,,0,0,,,,,,,,
g1,fdsva_so,mujoco_cpu,16,collection,unknown,unknown,3,excluded_method,analytical Hessian study; no finite-difference or nested-autodiff Hessian sweep,,,,,fp32-fd-warnings,2,,,0,0,,,,,,,,
g1,fdsva_so,mujoco_cpu,32,collection,unknown,unknown,3,excluded_method,analytical Hessian study; no finite-difference or nested-autodiff Hessian sweep,,,,,fp32-fd-warnings,2,,,0,0,,,,,,,,
g1,fdsva_so,mujoco_cpu,64,collection,unknown,unknown,3,excluded_method,analytical Hessian study; no finite-difference or nested-autodiff Hessian sweep,,,,,fp32-fd-warnings,2,,,0,0,,,,,,,,
g1,fdsva_so,mujoco_cpu,128,collection,unknown,unknown,3,excluded_method,analytical Hessian study; no finite-difference or nested-autodiff Hessian sweep,,,,,fp32-fd-warnings,2,,,0,0,,,,,,,,
g1,fdsva_so,mujoco_cpu,256,collection,unknown,unknown,3,excluded_method,analytical Hessian study; no finite-difference or nested-autodiff Hessian sweep,,,,,fp32-fd-warnings,2,,,0,0,,,,,,,,
g1,fdsva_so,mujoco_cpu,1024,collection,unknown,unknown,3,excluded_method,analytical Hessian study; no finite-difference or nested-autodiff Hessian sweep,,,,,fp32-fd-warnings,2,,,0,0,,,,,,,,
g1,fdsva_so,mujoco_warp,16,collection,unknown,unknown,3,excluded_method,analytical Hessian study; no finite-difference or nested-autodiff Hessian sweep,,,,,fp32-fd-warnings,2,,,0,0,,,,,,,,
g1,fdsva_so,mujoco_warp,32,collection,unknown,unknown,3,excluded_method,analytical Hessian study; no finite-difference or nested-autodiff Hessian sweep,,,,,fp32-fd-warnings,2,,,0,0,,,,,,,,
g1,fdsva_so,mujoco_warp,64,collection,unknown,unknown,3,excluded_method,analytical Hessian study; no finite-difference or nested-autodiff Hessian sweep,,,,,fp32-fd-warnings,2,,,0,0,,,,,,,,
g1,fdsva_so,mujoco_warp,128,collection,unknown,unknown,3,excluded_method,analytical Hessian study; no finite-difference or nested-autodiff Hessian sweep,,,,,fp32-fd-warnings,2,,,0,0,,,,,,,,
g1,fdsva_so,mujoco_warp,256,collection,unknown,unknown,3,excluded_method,analytical Hessian study; no finite-difference or nested-autodiff Hessian sweep,,,,,fp32-fd-warnings,2,,,0,0,,,,,,,,
g1,fdsva_so,mujoco_warp,1024,collection,unknown,unknown,3,excluded_method,analytical Hessian study; no finite-difference or nested-autodiff Hessian sweep,,,,,fp32-fd-warnings,2,,,0,0,,,,,,,,
g1,fdsva_so,pinocchio,16,collection,float64,analytical direct/composed,3,validated,,3357.909233333333,,,8,fp32-fd-warnings,2,0.0,0.0,0,2744000,3343.6350333333335,3426.0674999999997,,,,,2.1827872842550278e-11,1.3005516451201097e-15
g1,fdsva_so,pinocchio,32,collection,float64,analytical direct/composed,3,validated,,7661.9498,,,8,fp32-fd-warnings,2,0.0,0.0,0,5488000,7416.151766666668,7777.262499999998,,,,,2.1827872842550278e-11,1.2669109816808067e-15
g1,fdsva_so,pinocchio,64,collection,float64,analytical direct/composed,3,validated,,13323.642233333338,,,8,fp32-fd-warnings,2,0.0,0.0,0,10976000,12500.739333333333,13380.523699999998,,,,,2.1827872842550278e-11,1.249125675346822e-15
g1,fdsva_so,pinocchio,128,collection,float64,analytical direct/composed,3,validated,,27615.5519,,,8,fp32-fd-warnings,2,0.0,0.0,0,21952000,25594.619833333334,27711.325333333338,,,,,2.1827872842550278e-11,1.2665192595040446e-15
g1,fdsva_so,pinocchio,256,collection,float64,analytical direct/composed,3,validated,,48897.46426666667,,,8,fp32-fd-warnings,2,0.0,0.0,0,43904000,48836.09323333333,50735.63086666667,,,,,2.637534635141492e-11,1.2959925615320836e-15
g1,fdsva_so,pinocchio,1024,collection,float64,analytical direct/composed,3,validated,,190013.94400000002,,,8,fp32-fd-warnings,2,0.0,0.0,0,175616000,189493.73366666667,190418.6398666667,,,,,3.9108272176235914e-11,1.3335998275281928e-15
g1,fdsva_so,pinocchio_plain,16,collection,float64,analytical direct/composed,3,validated,,3331.3950333333337,,,8,fp32-fd-warnings,2,0.0,0.0,0,2744000,3197.1528666666663,3426.9965666666667,,,,,2.1827872842550278e-11,1.3005516451201097e-15
g1,fdsva_so,pinocchio_plain,32,collection,float64,analytical direct/composed,3,validated,,7623.355933333335,,,8,fp32-fd-warnings,2,0.0,0.0,0,5488000,6752.751800000001,7690.756066666666,,,,,2.1827872842550278e-11,1.2669109816808067e-15
g1,fdsva_so,pinocchio_plain,64,collection,float64,analytical direct/composed,3,validated,,12247.506566666669,,,8,fp32-fd-warnings,2,0.0,0.0,0,10976000,11992.719400000002,12559.871933333332,,,,,2.1827872842550278e-11,1.249125675346822e-15
g1,fdsva_so,pinocchio_plain,128,collection,float64,analytical direct/composed,3,validated,,24927.983533333336,,,8,fp32-fd-warnings,2,0.0,0.0,0,21952000,24748.63306666666,25837.161566666662,,,,,2.1827872842550278e-11,1.2665192595040446e-15
g1,fdsva_so,pinocchio_plain,256,collection,float64,analytical direct/composed,3,validated,,48955.97363333333,,,8,fp32-fd-warnings,2,0.0,0.0,0,43904000,48583.86473333335,48959.57299999999,,,,,2.637534635141492e-11,1.2959925615320836e-15
g1,fdsva_so,pinocchio_plain,1024,collection,float64,analytical direct/composed,3,validated,,189957.56006666666,,,8,fp32-fd-warnings,2,0.0,0.0,0,175616000,189932.64626666668,190203.8744666667,,,,,3.9108272176235914e-11,1.3335998275281928e-15
g1,forward_dynamics,bard,16,collection,float32,library dynamics,3,validated,,6069.415433333332,5977.022400000001,,,fp32-fd-warnings,2,1.9073486328125e-06,2.083849826702465e-10,0,560,5966.5517666666665,6126.6227666666655,5896.300833333333,6023.711800000001,92.393033333331,,0.002366616892629736,4.022823620850878e-07
g1,forward_dynamics,bard,32,collection,float32,library dynamics,3,validated,,6115.698133333333,6074.097500000001,,,fp32-fd-warnings,2,1.430511474609375e-06,1.4920601343192633e-10,0,1120,6037.097900000002,6143.7498000000005,5986.280699999999,6080.685233333334,41.60063333333255,,0.004136636423879736,3.5061917673732135e-07
g1,forward_dynamics,bard,64,collection,float32,library dynamics,3,validated,,6133.256166666668,6169.895600000001,,,fp32-fd-warnings,2,1.430511474609375e-06,1.417435050962034e-10,0,2240,6093.6457,6243.760366666666,6073.437999999999,6174.2998,,negative total-minus-resident in at least one repeat; decomposition unavailable,0.005912289206207788,3.416453013496905e-07
g1,forward_dynamics,bard,128,collection,float32,library dynamics,3,validated,,6260.980666666667,6208.839200000001,,,fp32-fd-warnings,2,0.0,0.0,0,4480,6184.314266666666,6271.0038,6112.978133333334,6212.3538,52.14146666666602,,0.003959164206207788,2.4744593649459184e-07
g1,forward_dynamics,bard,256,collection,float32,library dynamics,3,validated,,6270.788566666667,6195.732066666666,,,fp32-fd-warnings,2,0.0,0.0,0,8960,6206.654766666666,6293.593100000001,6119.613666666667,6201.391966666667,75.0565000000015,,0.003959164206207788,2.0974508509675842e-07
g1,forward_dynamics,bard,1024,collection,float32,library dynamics,3,validated,,6328.634333333333,6217.802799999999,,,fp32-fd-warnings,2,0.0,0.0,0,35840,6234.791800000001,6336.864000000001,6164.1586,6246.081966666667,110.83153333333485,,0.003959164206207788,1.7021550635318376e-07
g1,forward_dynamics,frax,16,collection,unknown,unknown,3,model_mismatch,existing Frax adapter uses a six-coordinate floating base; shared quaternion fixture needs a validated conversion,,,,,fp32-fd-warnings,2,,,0,0,,,,,,,,
g1,forward_dynamics,frax,32,collection,unknown,unknown,3,model_mismatch,existing Frax adapter uses a six-coordinate floating base; shared quaternion fixture needs a validated conversion,,,,,fp32-fd-warnings,2,,,0,0,,,,,,,,
g1,forward_dynamics,frax,64,collection,unknown,unknown,3,model_mismatch,existing Frax adapter uses a six-coordinate floating base; shared quaternion fixture needs a validated conversion,,,,,fp32-fd-warnings,2,,,0,0,,,,,,,,
g1,forward_dynamics,frax,128,collection,unknown,unknown,3,model_mismatch,existing Frax adapter uses a six-coordinate floating base; shared quaternion fixture needs a validated conversion,,,,,fp32-fd-warnings,2,,,0,0,,,,,,,,
g1,forward_dynamics,frax,256,collection,unknown,unknown,3,model_mismatch,existing Frax adapter uses a six-coordinate floating base; shared quaternion fixture needs a validated conversion,,,,,fp32-fd-warnings,2,,,0,0,,,,,,,,
g1,forward_dynamics,frax,1024,collection,unknown,unknown,3,model_mismatch,existing Frax adapter uses a six-coordinate floating base; shared quaternion fixture needs a validated conversion,,,,,fp32-fd-warnings,2,,,0,0,,,,,,,,
g1,forward_dynamics,grim_cuda,16,collection,float32,analytical,3,validated,,83.66973215738932,74.14746653238932,,128,fp32-fd-warnings,2,0.0,0.0,0,560,83.52519938151042,83.72730000813802,73.89856872558593,74.22033386230468,9.522265625000003,,0.004829898293792212,7.357731533792626e-07
g1,forward_dynamics,grim_cuda,32,collection,float32,analytical,3,validated,,83.65443318684896,73.80970052083333,,128,fp32-fd-warnings,2,0.0,0.0,0,1120,83.62120005289714,83.93349965413411,73.5986323038737,73.84556732177734,9.84473266601563,,0.004829898293792212,5.479207941566272e-07
g1,forward_dynamics,grim_cuda,64,collection,float32,analytical,3,validated,,83.59600067138672,73.05250091552735,,128,fp32-fd-warnings,2,0.0,0.0,0,2240,83.56126708984375,83.67933349609375,73.02193247477213,73.11639963785807,10.543499755859372,,0.004829898293792212,3.9271757770038294e-07
g1,forward_dynamics,grim_cuda,128,collection,float32,analytical,3,validated,,84.55370076497395,73.41280008951823,,128,fp32-fd-warnings,2,0.0,0.0,0,4480,84.4899668375651,84.72576599121093,73.41000061035156,73.46579945882162,11.140900675455725,,0.004829898293792212,3.209639083691195e-07
g1,forward_dynamics,grim_cuda,256,collection,float32,analytical,3,validated,,151.85263417561848,139.1157999674479,,128,fp32-fd-warnings,2,0.0,0.0,0,8960,151.64156494140624,152.13696746826173,139.0187001546224,139.37793375651043,12.736834208170563,,0.004829898293792212,2.710654694142427e-07
g1,forward_dynamics,grim_cuda,1024,collection,float32,analytical,3,validated,,487.2965016682943,459.26136576334636,,128,fp32-fd-warnings,2,0.0,0.0,0,35840,487.0783671061198,488.24040069580076,459.23853352864586,460.3141662597656,28.035135904947936,,0.004829898293792212,2.2942782033403373e-07
g1,forward_dynamics,grim_jax,16,collection,float32,analytical,3,validated,,264.54906666666665,107.54569999999998,,,fp32-fd-warnings,2,0.0,0.0,0,560,257.4483666666667,288.69643333333335,107.41413333333331,123.27136666666667,157.00336666666666,,0.004829898293792212,7.357731533792626e-07
g1,forward_dynamics,grim_jax,32,collection,float32,analytical,3,validated,,285.7413666666667,108.73910000000001,,,fp32-fd-warnings,2,0.0,0.0,0,1120,260.46326666666664,330.3103333333333,107.78876666666669,108.81896666666667,177.00226666666669,,0.004829898293792212,5.479207941566272e-07
g1,forward_dynamics,grim_jax,64,collection,float32,analytical,3,validated,,283.0717000000001,115.92676666666667,,,fp32-fd-warnings,2,0.0,0.0,0,2240,265.0131333333333,314.7758,107.82546666666664,135.367,167.14493333333343,,0.004829898293792212,3.9271757770038294e-07
g1,forward_dynamics,grim_jax,128,collection,float32,analytical,3,validated,,278.18556666666666,107.67213333333333,,,fp32-fd-warnings,2,0.0,0.0,0,4480,262.7714333333334,307.6482333333333,107.50993333333331,109.27080000000001,170.51343333333332,,0.004829898293792212,3.209639083691195e-07
g1,forward_dynamics,grim_jax,256,collection,float32,analytical,3,validated,,404.91386666666676,207.67983333333328,,,fp32-fd-warnings,2,0.0,0.0,0,8960,344.9675666666666,437.68879999999996,206.45796666666666,232.6089,197.23403333333349,,0.004829898293792212,2.710654694142427e-07
g1,forward_dynamics,grim_jax,1024,collection,float32,analytical,3,validated,,821.4641333333334,637.2013000000001,,,fp32-fd-warnings,2,0.0,0.0,0,35840,809.4450666666664,1155.3816666666667,635.3314666666666,640.8916333333334,184.26283333333333,,0.004829898293792212,2.2942782033403373e-07
g1,forward_dynamics,mjx,16,collection,float32,simulator,3,accuracy_warning,Entrywise oracle/variation gate exceeded; explicitly retained with errors reported,602.0422999999998,368.52253333333323,,,fp32-fd-warnings,2,0.318603515625,3.1441979515464953e-05,6,560,539.2392,608.6932666666667,314.6728,380.1229000000001,233.5197666666666,,0.19041699674380652,3.185799333648328e-05
g1,forward_dynamics,mjx,32,collection,float32,simulator,3,accuracy_warning,Entrywise oracle/variation gate exceeded; explicitly retained with errors reported,770.3949333333335,375.8065,,,fp32-fd-warnings,2,0.1529541015625,1.4630558073294225e-05,11,1120,640.0594333333333,987.1145333333335,351.0537333333333,490.28689999999995,394.58843333333346,,0.3404466143156242,3.726360969904101e-05
g1,forward_dynamics,mjx,64,collection,float32,simulator,3,accuracy_warning,Entrywise oracle/variation gate exceeded; explicitly retained with errors reported,639.6856666666666,366.8984333333334,,,fp32-fd-warnings,2,0.404541015625,2.8581052415295008e-05,21,2240,571.3168666666666,861.3627,293.17623333333336,503.14930000000004,272.78723333333323,,0.4666697508350808,4.2451692243712796e-05
g1,forward_dynamics,mjx,128,collection,float32,simulator,3,accuracy_warning,Entrywise oracle/variation gate exceeded; explicitly retained with errors reported,826.7323,417.70699999999994,,,fp32-fd-warnings,2,0.851806640625,2.49413551553561e-05,44,4480,748.873,873.2892333333334,303.0533,500.69460000000004,409.0253000000001,,0.5682150050961354,4.21306554248078e-05
g1,forward_dynamics,mjx,256,collection,float32,simulator,3,accuracy_warning,Entrywise oracle/variation gate exceeded; explicitly retained with errors reported,853.9509999999999,545.6162999999999,,,fp32-fd-warnings,2,0.590576171875,2.1973640712764278e-05,100,8960,781.5205666666667,919.9382666666666,432.8693333333334,555.9445333333333,308.3347,,0.7357433192437384,4.6387943222302944e-05
g1,forward_dynamics,mjx,1024,collection,float32,simulator,3,accuracy_warning,Entrywise oracle/variation gate exceeded; explicitly retained with errors reported,1265.9180666666664,788.2326999999999,,,fp32-fd-warnings,2,0.583740234375,2.2161936515050246e-05,410,35840,1226.9643333333331,1282.6450333333332,787.4521333333334,847.4293333333334,477.6853666666665,,0.7362316004937384,4.6773607408935975e-05
g1,forward_dynamics,mujoco_cpu,16,collection,float64,simulator,3,validated,,78.66166666666666,,,,fp32-fd-warnings,2,0.0,0.0,0,560,77.91199999999999,81.6502,,,,,0.004255361417563108,7.889437063714697e-07
g1,forward_dynamics,mujoco_cpu,32,collection,float64,simulator,3,validated,,157.65073333333333,,,,fp32-fd-warnings,2,0.0,0.0,0,1120,155.82283333333334,164.51263333333333,,,,,0.004259247310983483,7.727953047236169e-07
g1,forward_dynamics,mujoco_cpu,64,collection,float64,simulator,3,validated,,328.46096666666665,,,,fp32-fd-warnings,2,0.0,0.0,0,2240,325.47760000000005,336.5321333333333,,,,,0.0054778294052084675,7.861689388271328e-07
g1,forward_dynamics,mujoco_cpu,128,collection,float64,simulator,3,validated,,680.4403999999998,,,,fp32-fd-warnings,2,0.0,0.0,0,4480,678.3016333333336,695.2728333333332,,,,,0.0054778294052084675,7.774072945889039e-07
g1,forward_dynamics,mujoco_cpu,256,collection,float64,simulator,3,validated,,1376.5072666666667,,,,fp32-fd-warnings,2,0.0,0.0,0,8960,1372.8948666666663,1416.6659333333334,,,,,0.005645084441312065,7.571939459003558e-07
g1,forward_dynamics,mujoco_cpu,1024,collection,float64,simulator,3,validated,,8204.729833333335,,,,fp32-fd-warnings,2,0.0,0.0,0,35840,8140.2891666666665,8344.022533333333,,,,,0.005645084441312065,7.571165005359021e-07
g1,forward_dynamics,mujoco_warp,16,collection,float32,simulator,3,accuracy_warning,Entrywise oracle/variation gate exceeded; explicitly retained with errors reported,331.2915333333333,299.83313333333325,1577.0014333333334,,fp32-fd-warnings,2,0.03948974609375,3.4271162111951596e-06,7,560,330.9371333333333,331.3765000000001,299.7494333333333,300.1585666666667,31.45840000000004,,0.19410448763119348,3.094670934096076e-05
g1,forward_dynamics,mujoco_warp,32,collection,float32,simulator,3,accuracy_warning,Entrywise oracle/variation gate exceeded; explicitly retained with errors reported,343.2062333333334,309.97650000000004,1574.5,,fp32-fd-warnings,2,0.15283203125,8.454388361237816e-06,8,1120,343.14336666666674,343.6599,309.85923333333335,310.20716666666675,33.22973333333334,,0.19410448763119348,2.9863193459038714e-05
g1,forward_dynamics,mujoco_warp,64,collection,float32,simulator,3,accuracy_warning,Entrywise oracle/variation gate exceeded; explicitly retained with errors reported,361.4889999999999,328.15413333333333,1600.5738,,fp32-fd-warnings,2,0.15283203125,7.105602155663774e-06,14,2240,360.40226666666666,363.48153333333335,327.8782333333333,328.58036666666663,33.334866666666585,,0.32979131522597527,3.353789101847628e-05
g1,forward_dynamics,mujoco_warp,128,collection,float32,simulator,3,accuracy_warning,Entrywise oracle/variation gate exceeded; explicitly retained with errors reported,381.5384333333333,347.0482666666667,1623.3943333333334,,fp32-fd-warnings,2,0.2445068359375,8.340957224416972e-06,27,4480,381.0066,382.69073333333324,346.95606666666663,347.32523333333336,34.490166666666596,,0.32979131522597527,3.278321633267551e-05
g1,forward_dynamics,mujoco_warp,256,collection,float32,simulator,3,accuracy_warning,Entrywise oracle/variation gate exceeded; explicitly retained with errors reported,417.6054333333334,375.6763,1633.8664666666664,,fp32-fd-warnings,2,0.244384765625,8.155321753985296e-06,64,8960,417.1628,417.97533333333337,375.53196666666656,376.29843333333326,41.92913333333337,,0.5044084699388804,3.595089937563133e-05
g1,forward_dynamics,mujoco_warp,1024,collection,float32,simulator,3,accuracy_warning,Entrywise oracle/variation gate exceeded; explicitly retained with errors reported,482.04216666666673,419.3156333333333,1642.9534,,fp32-fd-warnings,2,0.4482421875,6.711714550759751e-06,254,35840,481.39063333333337,482.2909333333334,419.2517333333333,419.48889999999994,62.72653333333341,,0.5044084699388804,3.54872119563547e-05
g1,forward_dynamics,pinocchio,16,collection,float32,codegen Minv/RNEA composition,3,accuracy_warning,Entrywise oracle/variation gate exceeded; explicitly retained with errors reported,25.136966666666662,,,8,fp32-fd-warnings,2,0.0,0.0,13,560,25.061466666666664,25.223033333333333,,,,,0.2943988044598882,4.048552395539848e-05
g1,forward_dynamics,pinocchio,32,collection,float32,codegen Minv/RNEA composition,3,accuracy_warning,Entrywise oracle/variation gate exceeded; explicitly retained with errors reported,39.447266666666664,,,8,fp32-fd-warnings,2,0.0,0.0,16,1120,39.28243333333333,39.545100000000005,,,,,0.4464226338595836,5.0035118398095945e-05
g1,forward_dynamics,pinocchio,64,collection,float32,codegen Minv/RNEA composition,3,accuracy_warning,Entrywise oracle/variation gate exceeded; explicitly retained with errors reported,68.64616666666666,,,8,fp32-fd-warnings,2,0.0,0.0,39,2240,59.296833333333325,70.31700000000001,,,,,0.4464226338595836,4.9764722933769895e-05
g1,forward_dynamics,pinocchio,128,collection,float32,codegen Minv/RNEA composition,3,accuracy_warning,Entrywise oracle/variation gate exceeded; explicitly retained with errors reported,127.45363333333331,,,8,fp32-fd-warnings,2,0.0,0.0,82,4480,108.61413333333334,314.09993333333335,,,,,0.7578089747753438,5.2705604948724264e-05
g1,forward_dynamics,pinocchio,256,collection,float32,codegen Minv/RNEA composition,3,accuracy_warning,Entrywise oracle/variation gate exceeded; explicitly retained with errors reported,436.73023333333333,,,8,fp32-fd-warnings,2,0.0,0.0,194,8960,412.4157000000001,438.97499999999997,,,,,1.059315500908724,5.762620654365671e-05
g1,forward_dynamics,pinocchio,1024,collection,float32,codegen Minv/RNEA composition,3,accuracy_warning,Entrywise oracle/variation gate exceeded; explicitly retained with errors reported,996.9408,,,8,fp32-fd-warnings,2,0.0,0.0,853,35840,798.4632999999999,1006.0140000000002,,,,,1.241457657144565,6.444977897118329e-05
g1,forward_dynamics,pinocchio_plain,16,collection,float32,standard Pinocchio API (no codegen),3,validated,,22.599600000000002,,,8,fp32-fd-warnings,2,0.0,0.0,0,560,22.465633333333333,22.72286666666666,,,,,0.005353140453507876,6.942537174953838e-07
g1,forward_dynamics,pinocchio_plain,32,collection,float32,standard Pinocchio API (no codegen),3,validated,,35.07363333333333,,,8,fp32-fd-warnings,2,0.0,0.0,0,1120,34.54483333333333,35.8688,,,,,0.005353140453507876,5.107682607339155e-07
g1,forward_dynamics,pinocchio_plain,64,collection,float32,standard Pinocchio API (no codegen),3,validated,,58.79916666666666,,,8,fp32-fd-warnings,2,0.0,0.0,0,2240,58.633733333333325,59.084466666666664,,,,,0.005353140453507876,3.595614281263962e-07
g1,forward_dynamics,pinocchio_plain,128,collection,float32,standard Pinocchio API (no codegen),3,validated,,108.36250000000001,,,8,fp32-fd-warnings,2,0.0,0.0,0,4480,107.45696666666664,284.1923666666667,,,,,0.005353140453507876,2.799514667989296e-07
g1,forward_dynamics,pinocchio_plain,256,collection,float32,standard Pinocchio API (no codegen),3,validated,,371.85363333333333,,,8,fp32-fd-warnings,2,0.0,0.0,0,8960,366.51146666666676,403.6244,,,,,0.005353140453507876,2.2221837060629952e-07
g1,forward_dynamics,pinocchio_plain,1024,collection,float32,standard Pinocchio API (no codegen),3,validated,,946.9191333333332,,,8,fp32-fd-warnings,2,0.0,0.0,0,35840,931.1725,948.8325333333336,,,,,0.005353140453507876,1.6988157171563994e-07
g1,forward_dynamics_gradient,bard,16,collection,unknown,unknown,3,adapter_pending,selected operation not wired; not a library capability claim,,,,,fp32-fd-warnings,2,,,0,0,,,,,,,,
g1,forward_dynamics_gradient,bard,32,collection,unknown,unknown,3,adapter_pending,selected operation not wired; not a library capability claim,,,,,fp32-fd-warnings,2,,,0,0,,,,,,,,
g1,forward_dynamics_gradient,bard,64,collection,unknown,unknown,3,adapter_pending,selected operation not wired; not a library capability claim,,,,,fp32-fd-warnings,2,,,0,0,,,,,,,,
g1,forward_dynamics_gradient,bard,128,collection,unknown,unknown,3,adapter_pending,selected operation not wired; not a library capability claim,,,,,fp32-fd-warnings,2,,,0,0,,,,,,,,
g1,forward_dynamics_gradient,bard,256,collection,unknown,unknown,3,adapter_pending,selected operation not wired; not a library capability claim,,,,,fp32-fd-warnings,2,,,0,0,,,,,,,,
g1,forward_dynamics_gradient,bard,1024,collection,unknown,unknown,3,adapter_pending,selected operation not wired; not a library capability claim,,,,,fp32-fd-warnings,2,,,0,0,,,,,,,,
g1,forward_dynamics_gradient,frax,16,collection,unknown,unknown,3,model_mismatch,existing Frax adapter uses a six-coordinate floating base; shared quaternion fixture needs a validated conversion,,,,,fp32-fd-warnings,2,,,0,0,,,,,,,,
g1,forward_dynamics_gradient,frax,32,collection,unknown,unknown,3,model_mismatch,existing Frax adapter uses a six-coordinate floating base; shared quaternion fixture needs a validated conversion,,,,,fp32-fd-warnings,2,,,0,0,,,,,,,,
g1,forward_dynamics_gradient,frax,64,collection,unknown,unknown,3,model_mismatch,existing Frax adapter uses a six-coordinate floating base; shared quaternion fixture needs a validated conversion,,,,,fp32-fd-warnings,2,,,0,0,,,,,,,,
g1,forward_dynamics_gradient,frax,128,collection,unknown,unknown,3,model_mismatch,existing Frax adapter uses a six-coordinate floating base; shared quaternion fixture needs a validated conversion,,,,,fp32-fd-warnings,2,,,0,0,,,,,,,,
g1,forward_dynamics_gradient,frax,256,collection,unknown,unknown,3,model_mismatch,existing Frax adapter uses a six-coordinate floating base; shared quaternion fixture needs a validated conversion,,,,,fp32-fd-warnings,2,,,0,0,,,,,,,,
g1,forward_dynamics_gradient,frax,1024,collection,unknown,unknown,3,model_mismatch,existing Frax adapter uses a six-coordinate floating base; shared quaternion fixture needs a validated conversion,,,,,fp32-fd-warnings,2,,,0,0,,,,,,,,
g1,forward_dynamics_gradient,grim_cuda,16,collection,float32,analytical,3,accuracy_warning,Entrywise oracle/variation gate exceeded; explicitly retained with errors reported,203.03719940185547,189.69686940511068,,256,fp32-fd-warnings,2,0.0,0.0,147,39200,202.92539978027344,203.60313313802084,189.39813435872395,190.35316619873046,13.3403299967448,,0.2624857857435927,3.115331683371797e-05
g1,forward_dynamics_gradient,grim_cuda,32,collection,float32,analytical,3,accuracy_warning,Entrywise oracle/variation gate exceeded; explicitly retained with errors reported,207.2655008951823,189.532834370931,,256,fp32-fd-warnings,2,0.0,0.0,181,78400,207.14773305257162,207.40316365559895,189.48346761067708,189.73003336588542,17.7326665242513,,0.2624857857435927,2.386996576193559e-05
g1,forward_dynamics_gradient,grim_cuda,64,collection,float32,analytical,3,accuracy_warning,Entrywise oracle/variation gate exceeded; explicitly retained with errors reported,229.1757334391276,188.38050028483073,,256,fp32-fd-warnings,2,0.0,0.0,288,156800,228.32676493326824,229.36400146484374,188.25416717529296,188.5835978190104,40.79523315429688,,0.2624857857435927,1.7514656181172277e-05
g1,forward_dynamics_gradient,grim_cuda,128,collection,float32,analytical,3,accuracy_warning,Entrywise oracle/variation gate exceeded; explicitly retained with errors reported,263.830967203776,195.93559875488282,,256,fp32-fd-warnings,2,0.0,0.0,480,313600,263.6112655639648,264.368202718099,195.93259887695314,196.0014668782552,67.89536844889321,,0.2624857857435927,1.278071883144811e-05
g1,forward_dynamics_gradient,grim_cuda,256,collection,float32,analytical,3,accuracy_warning,Entrywise oracle/variation gate exceeded; explicitly retained with errors reported,368.3883661905924,240.88206685384114,,256,fp32-fd-warnings,2,0.0,0.0,937,627200,368.0844329833984,369.90523122151694,240.7330332438151,241.32360026041667,127.50629933675128,,0.2624857857435927,9.477509225221946e-06
g1,forward_dynamics_gradient,grim_cuda,1024,collection,float32,analytical,3,accuracy_warning,Entrywise oracle/variation gate exceeded; explicitly retained with errors reported,1355.371732076009,878.8102345784505,,256,fp32-fd-warnings,2,0.0,0.0,3980,2508800,1355.0528340657552,1360.6311650594075,878.4112340291341,880.0822667439778,476.56149749755855,,0.2624857857435927,6.591770370271209e-06
g1,forward_dynamics_gradient,grim_jax,16,collection,float32,analytical,3,accuracy_warning,Entrywise oracle/variation gate exceeded; explicitly retained with errors reported,453.55649999999997,209.87140000000002,,,fp32-fd-warnings,2,0.0,0.0,147,39200,444.5740000000001,459.3484333333333,198.23863333333335,233.42123333333333,243.68509999999995,,0.2624857857435927,3.115331683371797e-05
g1,forward_dynamics_gradient,grim_jax,32,collection,float32,analytical,3,accuracy_warning,Entrywise oracle/variation gate exceeded; explicitly retained with errors reported,418.0556,204.57589999999996,,,fp32-fd-warnings,2,0.0,0.0,181,78400,397.2608666666667,482.3643,195.10556666666665,205.6995666666667,213.47970000000007,,0.2624857857435927,2.386996576193559e-05
g1,forward_dynamics_gradient,grim_jax,64,collection,float32,analytical,3,accuracy_warning,Entrywise oracle/variation gate exceeded; explicitly retained with errors reported,436.4048666666667,195.18816666666663,,,fp32-fd-warnings,2,0.0,0.0,288,156800,434.2796666666667,456.27080000000007,194.382,196.92203333333336,241.21670000000006,,0.2624857857435927,1.7514656181172277e-05
g1,forward_dynamics_gradient,grim_jax,128,collection,float32,analytical,3,accuracy_warning,Entrywise oracle/variation gate exceeded; explicitly retained with errors reported,538.9349666666666,249.9826666666667,,,fp32-fd-warnings,2,0.0,0.0,480,313600,535.9842666666667,573.8089333333334,248.79553333333337,260.156,288.9522999999999,,0.2624857857435927,1.278071883144811e-05
g1,forward_dynamics_gradient,grim_jax,256,collection,float32,analytical,3,accuracy_warning,Entrywise oracle/variation gate exceeded; explicitly retained with errors reported,837.5772333333333,297.4135,,,fp32-fd-warnings,2,0.0,0.0,937,627200,837.3977000000002,838.3240666666666,296.73170000000005,307.2037666666667,540.1637333333333,,0.2624857857435927,9.477509225221946e-06
g1,forward_dynamics_gradient,grim_jax,1024,collection,float32,analytical,3,accuracy_warning,Entrywise oracle/variation gate exceeded; explicitly retained with errors reported,3133.975766666667,1165.1638333333333,,,fp32-fd-warnings,2,0.0,0.0,3980,2508800,3038.306633333333,3148.7906000000007,1157.7305333333331,1275.503133333333,1968.8119333333336,,0.2624857857435927,6.591770370271209e-06
g1,forward_dynamics_gradient,mjx,16,collection,float32,autodiff,3,accuracy_warning,Entrywise oracle/variation gate exceeded; explicitly retained with errors reported,1880.5855000000001,1517.842233333333,,,fp32-fd-warnings,2,0.28402357548475266,5.462388854064922e-05,1533,39200,1491.8843666666662,2040.541666666667,1172.0538333333332,1991.9126333333334,362.74326666666707,,0.47703869258589293,9.148364607055096e-05
g1,forward_dynamics_gradient,mjx,32,collection,float32,autodiff,3,accuracy_warning,Entrywise oracle/variation gate exceeded; explicitly retained with errors reported,2263.607766666667,2326.800066666667,,,fp32-fd-warnings,2,0.4302763342857361,5.655593871778529e-05,3113,78400,2196.5662,2352.9770999999996,2042.1429,2329.612533333333,,negative total-minus-resident in at least one repeat; decomposition unavailable,0.5480225793046429,9.091934932434506e-05
g1,forward_dynamics_gradient,mjx,64,collection,float32,autodiff,3,accuracy_warning,Entrywise oracle/variation gate exceeded; explicitly retained with errors reported,2599.2779999999993,2648.661733333334,,,fp32-fd-warnings,2,0.56201171875,6.891693657247576e-05,6587,156800,2428.980566666666,2833.3770333333327,2243.9108333333334,3110.514566666666,,negative total-minus-resident in at least one repeat; decomposition unavailable,0.47508556758589293,0.00010870951583750303
g1,forward_dynamics_gradient,mjx,128,collection,float32,autodiff,3,accuracy_warning,Entrywise oracle/variation gate exceeded; explicitly retained with errors reported,3509.2009000000007,3393.597366666667,,,fp32-fd-warnings,2,0.8246555030345917,7.114784044024363e-05,13122,313600,3362.5939000000003,3764.325433333333,3060.3457999999996,4133.6196,,negative total-minus-resident in at least one repeat; decomposition unavailable,1.133578766804929,0.00011740525415088739
g1,forward_dynamics_gradient,mjx,256,collection,float32,autodiff,3,accuracy_warning,Entrywise oracle/variation gate exceeded; explicitly retained with errors reported,4866.9132666666665,5130.6002,,,fp32-fd-warnings,2,0.8250001221895218,7.484490104215558e-05,26691,627200,4827.850433333334,6297.8042,4117.469366666667,5471.7576,,negative total-minus-resident in at least one repeat; decomposition unavailable,1.13300000570416,0.00012007350789776326
g1,forward_dynamics_gradient,mjx,1024,collection,float32,autodiff,3,accuracy_warning,Entrywise oracle/variation gate exceeded; explicitly retained with errors reported,14459.6825,12212.959333333336,,,fp32-fd-warnings,2,0.8235564231872559,8.044955011720982e-05,108676,2508800,12849.379466666667,14537.368066666668,12152.329499999998,12222.020566666668,2246.723166666665,,1.1321340694248632,0.00012126584327623413
g1,forward_dynamics_gradient,mujoco_cpu,16,collection,unknown,unknown,3,adapter_pending,no matched full tangent-space derivative adapter,,,,,fp32-fd-warnings,2,,,0,0,,,,,,,,
g1,forward_dynamics_gradient,mujoco_cpu,32,collection,unknown,unknown,3,adapter_pending,no matched full tangent-space derivative adapter,,,,,fp32-fd-warnings,2,,,0,0,,,,,,,,
g1,forward_dynamics_gradient,mujoco_cpu,64,collection,unknown,unknown,3,adapter_pending,no matched full tangent-space derivative adapter,,,,,fp32-fd-warnings,2,,,0,0,,,,,,,,
g1,forward_dynamics_gradient,mujoco_cpu,128,collection,unknown,unknown,3,adapter_pending,no matched full tangent-space derivative adapter,,,,,fp32-fd-warnings,2,,,0,0,,,,,,,,
g1,forward_dynamics_gradient,mujoco_cpu,256,collection,unknown,unknown,3,adapter_pending,no matched full tangent-space derivative adapter,,,,,fp32-fd-warnings,2,,,0,0,,,,,,,,
g1,forward_dynamics_gradient,mujoco_cpu,1024,collection,unknown,unknown,3,adapter_pending,no matched full tangent-space derivative adapter,,,,,fp32-fd-warnings,2,,,0,0,,,,,,,,
g1,forward_dynamics_gradient,mujoco_warp,16,collection,unknown,unknown,3,adapter_pending,no matched full tangent-space derivative adapter,,,,,fp32-fd-warnings,2,,,0,0,,,,,,,,
g1,forward_dynamics_gradient,mujoco_warp,32,collection,unknown,unknown,3,adapter_pending,no matched full tangent-space derivative adapter,,,,,fp32-fd-warnings,2,,,0,0,,,,,,,,
g1,forward_dynamics_gradient,mujoco_warp,64,collection,unknown,unknown,3,adapter_pending,no matched full tangent-space derivative adapter,,,,,fp32-fd-warnings,2,,,0,0,,,,,,,,
g1,forward_dynamics_gradient,mujoco_warp,128,collection,unknown,unknown,3,adapter_pending,no matched full tangent-space derivative adapter,,,,,fp32-fd-warnings,2,,,0,0,,,,,,,,
g1,forward_dynamics_gradient,mujoco_warp,256,collection,unknown,unknown,3,adapter_pending,no matched full tangent-space derivative adapter,,,,,fp32-fd-warnings,2,,,0,0,,,,,,,,
g1,forward_dynamics_gradient,mujoco_warp,1024,collection,unknown,unknown,3,adapter_pending,no matched full tangent-space derivative adapter,,,,,fp32-fd-warnings,2,,,0,0,,,,,,,,
g1,forward_dynamics_gradient,pinocchio,16,collection,float32,codegen Minv/RNEA composition,3,accuracy_warning,Entrywise oracle/variation gate exceeded; explicitly retained with errors reported,58.04336666666667,,,8,fp32-fd-warnings,2,0.0,0.0,1140,39200,51.922999999999995,58.47023333333334,,,,,0.2771342232435927,6.731984958230794e-05
g1,forward_dynamics_gradient,pinocchio,32,collection,float32,codegen Minv/RNEA composition,3,accuracy_warning,Entrywise oracle/variation gate exceeded; explicitly retained with errors reported,94.09953333333335,,,8,fp32-fd-warnings,2,0.0,0.0,1817,78400,93.62259999999999,104.836,,,,,0.4829600470252444,6.0747536159603036e-05
g1,forward_dynamics_gradient,pinocchio,64,collection,float32,codegen Minv/RNEA composition,3,accuracy_warning,Entrywise oracle/variation gate exceeded; explicitly retained with errors reported,336.3007666666666,,,4/8,fp32-fd-warnings,2,0.0,0.0,4135,156800,174.96096666666668,452.8251666666667,,,,,0.4829600470252444,5.652783956355578e-05
g1,forward_dynamics_gradient,pinocchio,128,collection,float32,codegen Minv/RNEA composition,3,accuracy_warning,Entrywise oracle/variation gate exceeded; explicitly retained with errors reported,337.57353333333333,,,8,fp32-fd-warnings,2,0.0,0.0,8273,313600,336.2214333333333,545.4525666666666,,,,,0.4829600470252444,5.6006314857414e-05
g1,forward_dynamics_gradient,pinocchio,256,collection,float32,codegen Minv/RNEA composition,3,accuracy_warning,Entrywise oracle/variation gate exceeded; explicitly retained with errors reported,899.1023666666667,,,8,fp32-fd-warnings,2,0.0,0.0,16934,627200,662.2615333333335,911.8032000000001,,,,,0.712388470427868,5.66267876255864e-05
g1,forward_dynamics_gradient,pinocchio,1024,collection,float32,codegen Minv/RNEA composition,3,accuracy_warning,Entrywise oracle/variation gate exceeded; explicitly retained with errors reported,2933.8504000000003,,,8,fp32-fd-warnings,2,0.0,0.0,71366,2508800,2910.4227333333333,3248.3908333333325,,,,,1.3026434853218234,5.9890315036970616e-05
g1,forward_dynamics_gradient,pinocchio_plain,16,collection,float32,standard Pinocchio API (no codegen),3,accuracy_warning,Entrywise oracle/variation gate exceeded; explicitly retained with errors reported,55.781899999999986,,,8,fp32-fd-warnings,2,0.0,0.0,111,39200,55.484566666666666,56.122033333333334,,,,,0.10151214939287456,2.7149682265801307e-05
g1,forward_dynamics_gradient,pinocchio_plain,32,collection,float32,standard Pinocchio API (no codegen),3,accuracy_warning,Entrywise oracle/variation gate exceeded; explicitly retained with errors reported,100.54753333333333,,,8,fp32-fd-warnings,2,0.0,0.0,208,78400,95.43859999999998,278.22673333333336,,,,,0.4120371954627444,3.802829034065141e-05
g1,forward_dynamics_gradient,pinocchio_plain,64,collection,float32,standard Pinocchio API (no codegen),3,accuracy_warning,Entrywise oracle/variation gate exceeded; explicitly retained with errors reported,341.59346666666664,,,4/8,fp32-fd-warnings,2,0.0,0.0,630,156800,175.55149999999998,397.8748333333333,,,,,0.5633219692581406,4.9438436604510314e-05
g1,forward_dynamics_gradient,pinocchio_plain,128,collection,float32,standard Pinocchio API (no codegen),3,accuracy_warning,Entrywise oracle/variation gate exceeded; explicitly retained with errors reported,518.6625666666666,,,8,fp32-fd-warnings,2,0.0,0.0,1030,313600,335.8265333333332,523.5359,,,,,0.5633219692581406,4.58029768678945e-05
g1,forward_dynamics_gradient,pinocchio_plain,256,collection,float32,standard Pinocchio API (no codegen),3,accuracy_warning,Entrywise oracle/variation gate exceeded; explicitly retained with errors reported,907.1302000000001,,,8,fp32-fd-warnings,2,0.0,0.0,2082,627200,904.2654333333334,910.3780666666668,,,,,0.5811139626721342,4.845650524060842e-05
g1,forward_dynamics_gradient,pinocchio_plain,1024,collection,float32,standard Pinocchio API (no codegen),3,accuracy_warning,Entrywise oracle/variation gate exceeded; explicitly retained with errors reported,3004.8989666666675,,,8,fp32-fd-warnings,2,0.0,0.0,9295,2508800,2938.552933333333,3050.9041666666667,,,,,1.1184393837593234,5.116194871505388e-05
g1,generalized_gravity,bard,16,collection,float32,library dynamics,3,validated,,2729.9977,2683.3627666666666,,,fp32-fd-warnings,2,6.103515625e-05,8.523707807921358e-08,0,560,2685.6685666666667,2743.4770333333336,2629.451699999999,2705.9547666666667,46.634933333333265,,8.634130637119597e-05,1.8632184890381327e-07
g1,generalized_gravity,bard,32,collection,float32,library dynamics,3,validated,,2787.9936,2713.854633333334,,,fp32-fd-warnings,2,6.103515625e-05,8.848260987745371e-08,0,1120,2727.693533333333,2818.1796666666655,2666.8906666666667,2743.033366666667,74.13896666666597,,0.00010156399281413542,1.7681675792418357e-07
g1,generalized_gravity,bard,64,collection,float32,library dynamics,3,validated,,2786.4837999999995,2737.4214999999995,,,fp32-fd-warnings,2,6.103515625e-05,6.659803667999797e-08,0,2240,2732.5995333333335,2812.4163666666664,2683.836433333333,2765.1605333333337,49.06230000000005,,0.00015774402311308222,1.9096389603292026e-07
g1,generalized_gravity,bard,128,collection,float32,library dynamics,3,validated,,2818.5425999999998,2745.621533333333,,,fp32-fd-warnings,2,0.0,0.0,0,4480,2761.0207666666665,2822.4712,2688.5269666666663,2759.612666666667,72.92106666666677,,0.00015774402311308222,1.7205915217712937e-07
g1,generalized_gravity,bard,256,collection,float32,library dynamics,3,validated,,2812.4864666666667,2735.2156666666665,,,fp32-fd-warnings,2,0.0,0.0,0,8960,2761.6140666666674,2835.8419333333327,2689.492866666667,2757.0126,77.27080000000024,,0.00015774402311308222,1.758232478591399e-07
g1,generalized_gravity,bard,1024,collection,float32,library dynamics,3,validated,,2907.3079333333326,2794.3525666666665,,,fp32-fd-warnings,2,0.0,0.0,0,35840,2864.1710000000003,2938.9642333333336,2744.6370333333334,2828.6281999999997,112.95536666666612,,0.00017528799133970097,1.7424840661192646e-07
g1,generalized_gravity,frax,16,collection,unknown,unknown,3,model_mismatch,existing Frax adapter uses a six-coordinate floating base; shared quaternion fixture needs a validated conversion,,,,,fp32-fd-warnings,2,,,0,0,,,,,,,,
g1,generalized_gravity,frax,32,collection,unknown,unknown,3,model_mismatch,existing Frax adapter uses a six-coordinate floating base; shared quaternion fixture needs a validated conversion,,,,,fp32-fd-warnings,2,,,0,0,,,,,,,,
g1,generalized_gravity,frax,64,collection,unknown,unknown,3,model_mismatch,existing Frax adapter uses a six-coordinate floating base; shared quaternion fixture needs a validated conversion,,,,,fp32-fd-warnings,2,,,0,0,,,,,,,,
g1,generalized_gravity,frax,128,collection,unknown,unknown,3,model_mismatch,existing Frax adapter uses a six-coordinate floating base; shared quaternion fixture needs a validated conversion,,,,,fp32-fd-warnings,2,,,0,0,,,,,,,,
g1,generalized_gravity,frax,256,collection,unknown,unknown,3,model_mismatch,existing Frax adapter uses a six-coordinate floating base; shared quaternion fixture needs a validated conversion,,,,,fp32-fd-warnings,2,,,0,0,,,,,,,,
g1,generalized_gravity,frax,1024,collection,unknown,unknown,3,model_mismatch,existing Frax adapter uses a six-coordinate floating base; shared quaternion fixture needs a validated conversion,,,,,fp32-fd-warnings,2,,,0,0,,,,,,,,
g1,generalized_gravity,grim_cuda,16,collection,float32,analytical,3,validated,,45.53496805826823,39.6065678914388,,224,fp32-fd-warnings,2,0.0,0.0,0,560,45.35293477376302,45.58486684163412,39.5871332804362,39.62220255533854,5.928400166829427,,7.336874858765441e-05,1.4038663443651165e-07
g1,generalized_gravity,grim_cuda,32,collection,float32,analytical,3,validated,,45.59110005696615,39.18909861246745,,224,fp32-fd-warnings,2,0.0,0.0,0,1120,45.53200174967448,45.603799947102864,39.15210164388021,39.20450286865234,6.402001444498701,,9.445767364013591e-05,1.365471790592211e-07
g1,generalized_gravity,grim_cuda,64,collection,float32,analytical,3,validated,,46.07036794026693,39.29460042317708,,224,fp32-fd-warnings,2,0.0,0.0,0,2240,45.992400614420575,46.07826538085938,39.284532674153645,39.31390126546224,6.775767517089847,,9.445767364013591e-05,1.3549610075970388e-07
g1,generalized_gravity,grim_cuda,128,collection,float32,analytical,3,validated,,46.334067281087236,38.61823374430339,,224,fp32-fd-warnings,2,0.0,0.0,0,4480,45.815633646647136,46.40360107421875,38.53580169677734,38.649531555175784,7.7158335367838475,,9.445767364013591e-05,1.3166137521644425e-07
g1,generalized_gravity,grim_cuda,256,collection,float32,analytical,3,validated,,47.53396402994792,37.47273457845052,,224,fp32-fd-warnings,2,0.0,0.0,0,8960,47.32496643066406,49.66853281656901,37.461832682291664,37.4778330485026,10.061229451497397,,0.00010157176177472138,1.3410759075620245e-07
g1,generalized_gravity,grim_cuda,1024,collection,float32,analytical,3,validated,,150.1445332845052,123.50536499023437,,224,fp32-fd-warnings,2,0.0,0.0,0,35840,149.9273666381836,150.53203277587892,123.4982666015625,123.54273325602213,26.63916829427083,,0.0001259015446066769,1.354419231528191e-07
g1,generalized_gravity,grim_jax,16,collection,float32,analytical,3,validated,,162.54020000000003,65.40043333333332,,,fp32-fd-warnings,2,0.0,0.0,0,560,141.35496666666666,386.5140333333333,63.795300000000005,65.55396666666667,97.1397666666667,,7.336874858765441e-05,1.4038663443651165e-07
g1,generalized_gravity,grim_jax,32,collection,float32,analytical,3,validated,,142.28283333333331,64.18176666666666,,,fp32-fd-warnings,2,0.0,0.0,0,1120,141.5314666666667,166.01503333333326,63.541266666666665,72.93996666666666,78.10106666666665,,9.445767364013591e-05,1.365471790592211e-07
g1,generalized_gravity,grim_jax,64,collection,float32,analytical,3,validated,,200.90833333333333,66.33433333333333,,,fp32-fd-warnings,2,0.0,0.0,0,2240,144.05326666666664,561.8266333333333,64.10893333333333,75.53353333333334,134.574,,9.445767364013591e-05,1.3549610075970388e-07
g1,generalized_gravity,grim_jax,128,collection,float32,analytical,3,validated,,280.7095333333334,65.16486666666668,,,fp32-fd-warnings,2,0.0,0.0,0,4480,139.75830000000002,380.76779999999985,63.79313333333334,82.37526666666666,215.54466666666673,,9.445767364013591e-05,1.3166137521644425e-07
g1,generalized_gravity,grim_jax,256,collection,float32,analytical,3,validated,,146.04006666666666,65.11703333333332,,,fp32-fd-warnings,2,0.0,0.0,0,8960,143.8836,203.9117333333333,61.96773333333335,80.83246666666666,80.92303333333334,,0.00010157176177472138,1.3410759075620245e-07
g1,generalized_gravity,grim_jax,1024,collection,float32,analytical,3,validated,,563.1284666666667,409.51973333333325,,,fp32-fd-warnings,2,0.0,0.0,0,35840,517.7530333333333,703.4485,191.6003,422.94076666666666,153.60873333333342,,0.0001259015446066769,1.354419231528191e-07
g1,generalized_gravity,mjx,16,collection,float32,simulator inverse dynamics at zero velocity and acceleration,3,validated,,561.6591333333332,298.0400666666667,,,fp32-fd-warnings,2,3.0517578125e-05,8.922676856452186e-08,0,560,441.9345666666666,581.3449,284.9614666666667,329.42940000000004,263.6190666666665,,8.813654346795374e-05,2.0315537231504003e-07
g1,generalized_gravity,mjx,32,collection,float32,simulator inverse dynamics at zero velocity and acceleration,3,validated,,642.5175666666667,278.5359666666667,,,fp32-fd-warnings,2,3.0517578125e-05,5.30284928062541e-08,0,1120,622.3123666666667,695.1471666666665,277.8245,314.7087666666667,363.98159999999996,,9.673465262949321e-05,2.0443052334741229e-07
g1,generalized_gravity,mjx,64,collection,float32,simulator inverse dynamics at zero velocity and acceleration,3,validated,,607.4402333333333,272.35476666666665,,,fp32-fd-warnings,2,3.0517578125e-05,5.8596759845724875e-08,0,2240,584.144,610.8677333333333,252.78856666666664,272.9465,335.0854666666666,,9.673465262949321e-05,1.6531666985122797e-07
g1,generalized_gravity,mjx,128,collection,float32,simulator inverse dynamics at zero velocity and acceleration,3,validated,,739.3019,318.0955000000001,,,fp32-fd-warnings,2,3.0517578125e-05,5.869907722964944e-08,0,4480,675.0346333333333,744.3633333333333,244.55216666666666,329.10510000000005,421.2064,,9.801360721439778e-05,1.860021789703062e-07
g1,generalized_gravity,mjx,256,collection,float32,simulator inverse dynamics at zero velocity and acceleration,3,validated,,650.1818999999999,351.91840000000013,,,fp32-fd-warnings,2,3.0517578125e-05,6.397495499978246e-08,0,8960,642.5125666666668,658.5725666666666,289.41126666666673,357.42656666666664,298.2634999999998,,9.862610676236727e-05,1.8372002124986697e-07
g1,generalized_gravity,mjx,1024,collection,float32,simulator inverse dynamics at zero velocity and acceleration,3,validated,,1015.4325333333334,550.2347000000001,,,fp32-fd-warnings,2,3.0517578125e-05,3.971158850618977e-08,0,35840,991.7601666666666,1147.4523333333336,494.6461333333333,575.6642333333334,465.1978333333333,,0.000109886692996497,1.4656568540059016e-07
g1,generalized_gravity,mujoco_cpu,16,collection,float64,simulator inverse dynamics at zero velocity and acceleration,3,validated,,82.2335,,,,fp32-fd-warnings,2,0.0,0.0,0,560,81.30966666666667,82.55339999999998,,,,,2.670873095667048e-05,4.977804359823174e-08
g1,generalized_gravity,mujoco_cpu,32,collection,float64,simulator inverse dynamics at zero velocity and acceleration,3,validated,,164.1128,,,,fp32-fd-warnings,2,0.0,0.0,0,1120,162.61839999999998,164.56673333333336,,,,,3.530684011820995e-05,5.682071800792747e-08
g1,generalized_gravity,mujoco_cpu,64,collection,float64,simulator inverse dynamics at zero velocity and acceleration,3,validated,,338.3714,,,,fp32-fd-warnings,2,0.0,0.0,0,2240,336.6235,340.7298666666667,,,,,3.530684011820995e-05,5.407708806461257e-08
g1,generalized_gravity,mujoco_cpu,128,collection,float64,simulator inverse dynamics at zero velocity and acceleration,3,validated,,704.5868333333332,,,,fp32-fd-warnings,2,0.0,0.0,0,4480,703.7543,709.3785333333332,,,,,3.6585794703114516e-05,5.3855687015549724e-08
g1,generalized_gravity,mujoco_cpu,256,collection,float64,simulator inverse dynamics at zero velocity and acceleration,3,validated,,1427.8941666666663,,,,fp32-fd-warnings,2,0.0,0.0,0,8960,1420.3529666666668,1465.5837000000001,,,,,3.719829425108401e-05,5.3853793967871743e-08
g1,generalized_gravity,mujoco_cpu,1024,collection,float64,simulator inverse dynamics at zero velocity and acceleration,3,validated,,8481.110733333333,,,,fp32-fd-warnings,2,0.0,0.0,0,35840,8276.970466666668,8497.997,,,,,4.845888048521374e-05,5.769499913952544e-08
g1,generalized_gravity,mujoco_warp,16,collection,float32,simulator inverse dynamics at zero velocity and acceleration,3,validated,,247.1315,212.02349999999996,1050.4556333333335,,fp32-fd-warnings,2,3.0517578125e-05,2.2453727556688575e-08,0,560,246.9179,247.61823333333334,211.9659666666667,212.57356666666672,35.10800000000003,,8.813654346795374e-05,2.020394357432702e-07
g1,generalized_gravity,mujoco_warp,32,collection,float32,simulator inverse dynamics at zero velocity and acceleration,3,validated,,255.96123333333335,224.10059999999996,1042.7461333333333,,fp32-fd-warnings,2,3.0517578125e-05,1.5773493334338555e-08,0,1120,255.60213333333334,258.40976666666666,224.09963333333334,224.2752333333333,31.860633333333396,,9.673465262949321e-05,2.0198012841729282e-07
g1,generalized_gravity,mujoco_warp,64,collection,float32,simulator inverse dynamics at zero velocity and acceleration,3,validated,,273.36139999999995,241.22150000000002,1083.1829666666665,,fp32-fd-warnings,2,3.0517578125e-05,1.95843015430763e-08,0,2240,273.2871333333333,274.9878666666666,241.2192,241.51176666666666,32.139899999999926,,9.673465262949321e-05,2.0688211569115422e-07
g1,generalized_gravity,mujoco_warp,128,collection,float32,simulator inverse dynamics at zero velocity and acceleration,3,validated,,301.0321,264.53259999999995,1090.7648,,fp32-fd-warnings,2,3.0517578125e-05,2.2521003655098297e-08,0,4480,299.33043333333336,301.49746666666675,264.4003333333333,264.6673333333333,36.49950000000007,,9.801360721439778e-05,2.0842495534494476e-07
g1,generalized_gravity,mujoco_warp,256,collection,float32,simulator inverse dynamics at zero velocity and acceleration,3,validated,,327.52903333333336,286.7878,1082.8561666666665,,fp32-fd-warnings,2,3.0517578125e-05,2.0564577997732864e-08,0,8960,327.31780000000003,327.55816666666664,286.5607666666666,286.93420000000003,40.741233333333355,,9.862610676236727e-05,2.0857537052871396e-07
g1,generalized_gravity,mujoco_warp,1024,collection,float32,simulator inverse dynamics at zero velocity and acceleration,3,validated,,370.8376666666666,314.1627333333334,1088.6941,,fp32-fd-warnings,2,3.0517578125e-05,1.957691529433847e-08,0,35840,370.75326666666666,371.3900333333333,314.10373333333337,314.56246666666664,56.67493333333323,,0.000109886692996497,2.116661274427833e-07
g1,generalized_gravity,pinocchio,16,collection,float32,codegen RNEA at zero acceleration/velocity,3,validated,,12.767766666666667,,,8,fp32-fd-warnings,2,0.0,0.0,0,560,12.641966666666667,14.345266666666666,,,,,6.0033364093214914e-05,1.1817639964930751e-07
g1,generalized_gravity,pinocchio,32,collection,float32,codegen RNEA at zero acceleration/velocity,3,validated,,14.816833333333333,,,8,fp32-fd-warnings,2,0.0,0.0,0,1120,14.549433333333333,14.869100000000001,,,,,6.394009551513591e-05,1.2539353033683724e-07
g1,generalized_gravity,pinocchio,64,collection,float32,codegen RNEA at zero acceleration/velocity,3,validated,,18.92456666666667,,,8,fp32-fd-warnings,2,0.0,0.0,0,2240,18.67273333333333,19.091033333333332,,,,,7.365601015862921e-05,1.2064390590113766e-07
g1,generalized_gravity,pinocchio,128,collection,float32,codegen RNEA at zero acceleration/velocity,3,validated,,27.946433333333335,,,8,fp32-fd-warnings,2,0.0,0.0,0,4480,27.776933333333332,28.325166666666668,,,,,0.00011259145549047389,1.2534377947999698e-07
g1,generalized_gravity,pinocchio,256,collection,float32,codegen RNEA at zero acceleration/velocity,3,validated,,44.8096,,,8,fp32-fd-warnings,2,0.0,0.0,0,8960,44.55096666666666,48.9131,,,,,0.00011259145549047389,1.2087560038759643e-07
g1,generalized_gravity,pinocchio,1024,collection,float32,codegen RNEA at zero acceleration/velocity,3,validated,,151.67473333333334,,,8,fp32-fd-warnings,2,0.0,0.0,0,35840,150.6998333333333,359.78256666666675,,,,,0.00011259145549047389,1.2000414008966084e-07
g1,generalized_gravity,pinocchio_plain,16,collection,float32,standard Pinocchio API (no codegen),3,validated,,13.126133333333332,,,8,fp32-fd-warnings,2,0.0,0.0,0,560,13.109633333333333,19.33363333333334,,,,,6.420433089715516e-05,1.3342266257437792e-07
g1,generalized_gravity,pinocchio_plain,32,collection,float32,standard Pinocchio API (no codegen),3,validated,,16.2459,,,8,fp32-fd-warnings,2,0.0,0.0,0,1120,16.23016666666667,16.349566666666668,,,,,8.630520375163542e-05,1.3410066966250294e-07
g1,generalized_gravity,pinocchio_plain,64,collection,float32,standard Pinocchio API (no codegen),3,validated,,22.330699999999997,,,8,fp32-fd-warnings,2,0.0,0.0,0,2240,22.159800000000004,22.365366666666667,,,,,9.098732869006199e-05,1.3068099379025183e-07
g1,generalized_gravity,pinocchio_plain,128,collection,float32,standard Pinocchio API (no codegen),3,validated,,34.82366666666667,,,8,fp32-fd-warnings,2,0.0,0.0,0,4480,34.76593333333334,35.889133333333334,,,,,9.098732869006199e-05,1.2633730067437955e-07
g1,generalized_gravity,pinocchio_plain,256,collection,float32,standard Pinocchio API (no codegen),3,validated,,58.73683333333335,,,8,fp32-fd-warnings,2,0.0,0.0,0,8960,51.261500000000005,59.45626666666667,,,,,9.098732869006199e-05,1.259717323005948e-07
g1,generalized_gravity,pinocchio_plain,1024,collection,float32,standard Pinocchio API (no codegen),3,validated,,408.5042,,,8,fp32-fd-warnings,2,0.0,0.0,0,35840,208.57879999999997,412.97866666666664,,,,,0.00010394002481461939,1.2361349528669284e-07
g1,minv,bard,16,collection,unknown,unknown,3,adapter_pending,selected operation not wired; not a library capability claim,,,,,fp32-fd-warnings,2,,,0,0,,,,,,,,
g1,minv,bard,32,collection,unknown,unknown,3,adapter_pending,selected operation not wired; not a library capability claim,,,,,fp32-fd-warnings,2,,,0,0,,,,,,,,
g1,minv,bard,64,collection,unknown,unknown,3,adapter_pending,selected operation not wired; not a library capability claim,,,,,fp32-fd-warnings,2,,,0,0,,,,,,,,
g1,minv,bard,128,collection,unknown,unknown,3,adapter_pending,selected operation not wired; not a library capability claim,,,,,fp32-fd-warnings,2,,,0,0,,,,,,,,
g1,minv,bard,256,collection,unknown,unknown,3,adapter_pending,selected operation not wired; not a library capability claim,,,,,fp32-fd-warnings,2,,,0,0,,,,,,,,
g1,minv,bard,1024,collection,unknown,unknown,3,adapter_pending,selected operation not wired; not a library capability claim,,,,,fp32-fd-warnings,2,,,0,0,,,,,,,,
g1,minv,frax,16,collection,unknown,unknown,3,model_mismatch,existing Frax adapter uses a six-coordinate floating base; shared quaternion fixture needs a validated conversion,,,,,fp32-fd-warnings,2,,,0,0,,,,,,,,
g1,minv,frax,32,collection,unknown,unknown,3,model_mismatch,existing Frax adapter uses a six-coordinate floating base; shared quaternion fixture needs a validated conversion,,,,,fp32-fd-warnings,2,,,0,0,,,,,,,,
g1,minv,frax,64,collection,unknown,unknown,3,model_mismatch,existing Frax adapter uses a six-coordinate floating base; shared quaternion fixture needs a validated conversion,,,,,fp32-fd-warnings,2,,,0,0,,,,,,,,
g1,minv,frax,128,collection,unknown,unknown,3,model_mismatch,existing Frax adapter uses a six-coordinate floating base; shared quaternion fixture needs a validated conversion,,,,,fp32-fd-warnings,2,,,0,0,,,,,,,,
g1,minv,frax,256,collection,unknown,unknown,3,model_mismatch,existing Frax adapter uses a six-coordinate floating base; shared quaternion fixture needs a validated conversion,,,,,fp32-fd-warnings,2,,,0,0,,,,,,,,
g1,minv,frax,1024,collection,unknown,unknown,3,model_mismatch,existing Frax adapter uses a six-coordinate floating base; shared quaternion fixture needs a validated conversion,,,,,fp32-fd-warnings,2,,,0,0,,,,,,,,
g1,minv,grim_cuda,16,collection,float32,analytical,3,validated,,66.88510080973307,55.6062993367513,,128,fp32-fd-warnings,2,0.0,0.0,0,19600,66.74406534830729,66.8853993733724,55.4948003133138,55.65516713460286,11.278801472981776,,0.0004947094321323675,9.131725812632451e-08
g1,minv,grim_cuda,32,collection,float32,analytical,3,validated,,68.90850067138672,55.29603169759115,,128,fp32-fd-warnings,2,0.0,0.0,0,39200,68.81353302001953,68.910866800944,55.29553324381511,55.36333211263021,13.612468973795572,,0.0007763799112581182,1.0734797966551189e-07
g1,minv,grim_cuda,64,collection,float32,analytical,3,validated,,73.71810099283854,55.41236572265625,,128,fp32-fd-warnings,2,0.0,0.0,0,78400,73.64323425292969,73.78506418863932,55.37516581217448,55.41703389485677,18.305735270182296,,0.0007763799112581182,1.0701635937935993e-07
g1,minv,grim_cuda,128,collection,float32,analytical,3,validated,,96.42996622721354,56.21616770426432,,128,fp32-fd-warnings,2,0.0,0.0,0,156800,96.32430114746094,96.81283315022786,56.11376749674479,56.26169891357422,40.21379852294922,,0.0007763799112581182,1.0727103690144973e-07
g1,minv,grim_cuda,256,collection,float32,analytical,3,validated,,174.56273244222004,104.73919677734375,,128,fp32-fd-warnings,2,0.0,0.0,0,313600,174.4301330566406,174.76193237304688,104.54353281656901,104.76196645100912,69.82353566487629,,0.0007822057355042489,1.1030001595211627e-07
g1,minv,grim_cuda,1024,collection,float32,analytical,3,validated,,592.9874674479166,344.8591339111328,,128,fp32-fd-warnings,2,0.0,0.0,0,1254400,590.7981684366862,595.8321304321289,344.85396575927734,345.10349833170574,248.12833353678383,,0.0008985455920083041,1.1096293859976476e-07
g1,minv,grim_jax,16,collection,float32,analytical,3,validated,,175.70626666666666,82.3536,,,fp32-fd-warnings,2,0.0,0.0,0,19600,174.4841,193.80856666666668,82.24476666666668,90.24543333333332,93.35266666666666,,0.0004947094321323675,9.131725812632451e-08
g1,minv,grim_jax,32,collection,float32,analytical,3,validated,,223.7944333333334,91.98153333333333,,,fp32-fd-warnings,2,0.0,0.0,0,39200,218.42086666666668,290.14203333333336,91.55806666666665,92.45773333333334,131.81290000000007,,0.0007763799112581182,1.0734797966551189e-07
g1,minv,grim_jax,64,collection,float32,analytical,3,validated,,213.85600000000005,92.41993333333332,,,fp32-fd-warnings,2,0.0,0.0,0,78400,202.0992,242.4973666666667,84.46226666666666,93.55683333333333,121.43606666666673,,0.0007763799112581182,1.0701635937935993e-07
g1,minv,grim_jax,128,collection,float32,analytical,3,validated,,306.07103333333333,93.15270000000001,,,fp32-fd-warnings,2,0.0,0.0,0,156800,264.20033333333333,337.12493333333333,82.92643333333334,93.72853333333335,212.91833333333332,,0.0007763799112581182,1.0727103690144973e-07
g1,minv,grim_jax,256,collection,float32,analytical,3,validated,,466.1002333333333,152.632,,,fp32-fd-warnings,2,0.0,0.0,0,313600,465.80553333333324,748.8151,143.50353333333334,353.0686666666667,313.4682333333333,,0.0007822057355042489,1.1030001595211627e-07
g1,minv,grim_jax,1024,collection,float32,analytical,3,validated,,1606.1745,515.2869666666667,,,fp32-fd-warnings,2,0.0,0.0,0,1254400,1374.6068000000002,1692.4474,493.3731,640.5540666666667,1090.8875333333335,,0.0008985455920083041,1.1096293859976476e-07
g1,minv,mjx,16,collection,unknown,unknown,3,adapter_pending,selected operation not wired,,,,,fp32-fd-warnings,2,,,0,0,,,,,,,,
g1,minv,mjx,32,collection,unknown,unknown,3,adapter_pending,selected operation not wired,,,,,fp32-fd-warnings,2,,,0,0,,,,,,,,
g1,minv,mjx,64,collection,unknown,unknown,3,adapter_pending,selected operation not wired,,,,,fp32-fd-warnings,2,,,0,0,,,,,,,,
g1,minv,mjx,128,collection,unknown,unknown,3,adapter_pending,selected operation not wired,,,,,fp32-fd-warnings,2,,,0,0,,,,,,,,
g1,minv,mjx,256,collection,unknown,unknown,3,adapter_pending,selected operation not wired,,,,,fp32-fd-warnings,2,,,0,0,,,,,,,,
g1,minv,mjx,1024,collection,unknown,unknown,3,adapter_pending,selected operation not wired,,,,,fp32-fd-warnings,2,,,0,0,,,,,,,,
g1,minv,mujoco_cpu,16,collection,float64,simulator,3,validated,,259.88266666666664,,,,fp32-fd-warnings,2,0.0,0.0,0,19600,258.7459333333333,260.039,,,,,0.004909067711196258,7.880343478922748e-07
g1,minv,mujoco_cpu,32,collection,float64,simulator,3,validated,,526.1578666666668,,,,fp32-fd-warnings,2,0.0,0.0,0,39200,525.2260666666666,529.8591333333333,,,,,0.005022531309805345,7.760925526527429e-07
g1,minv,mujoco_cpu,64,collection,float64,simulator,3,validated,,1069.0394333333336,,,,fp32-fd-warnings,2,0.0,0.0,0,78400,1062.0471666666667,1069.3651333333335,,,,,0.0053457536014320794,7.597768432311408e-07
g1,minv,mujoco_cpu,128,collection,float64,simulator,3,validated,,2177.4230333333335,,,,fp32-fd-warnings,2,0.0,0.0,0,156800,2170.1336333333334,2179.796933333333,,,,,0.0053457536014320794,7.551695258693465e-07
g1,minv,mujoco_cpu,256,collection,float64,simulator,3,validated,,4551.2449,,,,fp32-fd-warnings,2,0.0,0.0,0,313600,4453.7166,4609.957533333333,,,,,0.005471042512454005,7.581202440805766e-07
g1,minv,mujoco_cpu,1024,collection,float64,simulator,3,validated,,21896.457799999993,,,,fp32-fd-warnings,2,0.0,0.0,0,1254400,21872.385866666667,21982.661866666665,,,,,0.005471042512454005,7.523784851011049e-07
g1,minv,mujoco_warp,16,collection,unknown,unknown,3,adapter_pending,no dense inverse-inertia output path,,,,,fp32-fd-warnings,2,,,0,0,,,,,,,,
g1,minv,mujoco_warp,32,collection,unknown,unknown,3,adapter_pending,no dense inverse-inertia output path,,,,,fp32-fd-warnings,2,,,0,0,,,,,,,,
g1,minv,mujoco_warp,64,collection,unknown,unknown,3,adapter_pending,no dense inverse-inertia output path,,,,,fp32-fd-warnings,2,,,0,0,,,,,,,,
g1,minv,mujoco_warp,128,collection,unknown,unknown,3,adapter_pending,no dense inverse-inertia output path,,,,,fp32-fd-warnings,2,,,0,0,,,,,,,,
g1,minv,mujoco_warp,256,collection,unknown,unknown,3,adapter_pending,no dense inverse-inertia output path,,,,,fp32-fd-warnings,2,,,0,0,,,,,,,,
g1,minv,mujoco_warp,1024,collection,unknown,unknown,3,adapter_pending,no dense inverse-inertia output path,,,,,fp32-fd-warnings,2,,,0,0,,,,,,,,
g1,minv,pinocchio,16,collection,float32,codegen,3,accuracy_warning,Entrywise oracle/variation gate exceeded; explicitly retained with errors reported,27.095533333333336,,,8,fp32-fd-warnings,2,0.0,0.0,41,19600,22.230700000000002,38.550399999999996,,,,,0.6641074642470812,5.316981153212558e-05
g1,minv,pinocchio,32,collection,float32,codegen,3,accuracy_warning,Entrywise oracle/variation gate exceeded; explicitly retained with errors reported,34.145900000000005,,,8,fp32-fd-warnings,2,0.0,0.0,91,39200,33.97586666666667,35.422066666666666,,,,,0.6641074642470812,5.075667537261671e-05
g1,minv,pinocchio,64,collection,float32,codegen,3,accuracy_warning,Entrywise oracle/variation gate exceeded; explicitly retained with errors reported,53.995866666666664,,,8,fp32-fd-warnings,2,0.0,0.0,231,78400,53.92373333333333,54.31416666666667,,,,,0.9028637711662668,5.348203513864099e-05
g1,minv,pinocchio,128,collection,float32,codegen,3,accuracy_warning,Entrywise oracle/variation gate exceeded; explicitly retained with errors reported,93.85306666666666,,,8,fp32-fd-warnings,2,0.0,0.0,493,156800,93.29803333333331,94.27313333333333,,,,,0.9629957332463164,5.9014920092944015e-05
g1,minv,pinocchio,256,collection,float32,codegen,3,accuracy_warning,Entrywise oracle/variation gate exceeded; explicitly retained with errors reported,178.3389,,,8,fp32-fd-warnings,2,0.0,0.0,1077,313600,176.73970000000003,178.94053333333338,,,,,1.0896433313969283,6.093085088873996e-05
g1,minv,pinocchio,1024,collection,float32,codegen,3,accuracy_warning,Entrywise oracle/variation gate exceeded; explicitly retained with errors reported,676.0852,,,8,fp32-fd-warnings,2,0.0,0.0,4544,1254400,672.7332000000001,906.5574666666665,,,,,1.4451003940594092,6.362995964518967e-05
g1,minv,pinocchio_plain,16,collection,float32,standard Pinocchio API (no codegen),3,accuracy_warning,Entrywise oracle/variation gate exceeded; explicitly retained with errors reported,24.141599999999997,,,8,fp32-fd-warnings,2,0.0,0.0,50,19600,24.01133333333333,24.33853333333333,,,,,0.5913400882513997,5.1756520382329584e-05
g1,minv,pinocchio_plain,32,collection,float32,standard Pinocchio API (no codegen),3,accuracy_warning,Entrywise oracle/variation gate exceeded; explicitly retained with errors reported,38.11006666666666,,,8,fp32-fd-warnings,2,0.0,0.0,111,39200,37.5459,51.51336666666666,,,,,0.692200391183178,5.7190230645528304e-05
g1,minv,pinocchio_plain,64,collection,float32,standard Pinocchio API (no codegen),3,accuracy_warning,Entrywise oracle/variation gate exceeded; explicitly retained with errors reported,64.81466666666667,,,8,fp32-fd-warnings,2,0.0,0.0,307,78400,64.56356666666667,65.1348,,,,,1.354612510179777,6.696678543411755e-05
g1,minv,pinocchio_plain,128,collection,float32,standard Pinocchio API (no codegen),3,accuracy_warning,Entrywise oracle/variation gate exceeded; explicitly retained with errors reported,119.36699999999999,,,8,fp32-fd-warnings,2,0.0,0.0,580,156800,119.13963333333332,119.42439999999998,,,,,1.354612510179777,6.39946347261731e-05
g1,minv,pinocchio_plain,256,collection,float32,standard Pinocchio API (no codegen),3,accuracy_warning,Entrywise oracle/variation gate exceeded; explicitly retained with errors reported,401.83916666666664,,,8,fp32-fd-warnings,2,0.0,0.0,1075,313600,352.0772666666666,433.5203,,,,,1.354612510179777,6.33710948708204e-05
g1,minv,pinocchio_plain,1024,collection,float32,standard Pinocchio API (no codegen),3,accuracy_warning,Entrywise oracle/variation gate exceeded; explicitly retained with errors reported,1002.0197666666664,,,8,fp32-fd-warnings,2,0.0,0.0,4728,1254400,998.4788666666666,1032.0754333333334,,,,,1.572066197121785,6.54069414011846e-05
g1,nonlinear_effects,bard,16,collection,float32,library dynamics,3,validated,,2693.308366666666,2633.101266666666,,,fp32-fd-warnings,2,6.103515625e-05,4.6160971590470095e-08,0,560,2684.7916999999998,2780.9187666666667,2619.7249,2708.1217333333334,60.20710000000008,,0.00037205823718977626,2.487830685267995e-07
g1,nonlinear_effects,bard,32,collection,float32,library dynamics,3,validated,,2730.4080999999996,2673.4766,,,fp32-fd-warnings,2,6.103515625e-05,4.5029748384709036e-08,0,1120,2722.0265666666664,2848.2792999999997,2666.0506000000005,2772.161966666666,56.93149999999969,,0.0004015262306893419,2.301032986010335e-07
g1,nonlinear_effects,bard,64,collection,float32,library dynamics,3,validated,,2809.5858000000003,2754.5114666666673,,,fp32-fd-warnings,2,6.103515625e-05,5.03241438681613e-08,0,2240,2802.383266666667,2886.594166666667,2753.0555999999997,2831.4992666666667,55.074333333333016,,0.00037205823718977626,2.3329657965514593e-07
g1,nonlinear_effects,bard,128,collection,float32,library dynamics,3,validated,,2827.0192666666676,2766.6779333333334,,,fp32-fd-warnings,2,0.0,0.0,0,4480,2823.2574666666665,2922.4798666666675,2759.5088333333338,2851.0405333333333,60.341333333334205,,0.00037205823718977626,2.06805061362735e-07
g1,nonlinear_effects,bard,256,collection,float32,library dynamics,3,validated,,2842.8090666666662,2768.826233333333,,,fp32-fd-warnings,2,0.0,0.0,0,8960,2831.0182999999993,2911.8474,2763.239600000001,2836.986933333333,73.98283333333302,,0.00037205823718977626,1.9451089867659379e-07
g1,nonlinear_effects,bard,1024,collection,float32,library dynamics,3,validated,,2883.005933333334,2801.1222666666663,,,fp32-fd-warnings,2,0.0,0.0,0,35840,2865.0245,2964.021566666666,2759.6318666666675,2852.5593333333336,81.88366666666752,,0.00037205823718977626,1.7919500895301817e-07
g1,nonlinear_effects,frax,16,collection,unknown,unknown,3,model_mismatch,existing Frax adapter uses a six-coordinate floating base; shared quaternion fixture needs a validated conversion,,,,,fp32-fd-warnings,2,,,0,0,,,,,,,,
g1,nonlinear_effects,frax,32,collection,unknown,unknown,3,model_mismatch,existing Frax adapter uses a six-coordinate floating base; shared quaternion fixture needs a validated conversion,,,,,fp32-fd-warnings,2,,,0,0,,,,,,,,
g1,nonlinear_effects,frax,64,collection,unknown,unknown,3,model_mismatch,existing Frax adapter uses a six-coordinate floating base; shared quaternion fixture needs a validated conversion,,,,,fp32-fd-warnings,2,,,0,0,,,,,,,,
g1,nonlinear_effects,frax,128,collection,unknown,unknown,3,model_mismatch,existing Frax adapter uses a six-coordinate floating base; shared quaternion fixture needs a validated conversion,,,,,fp32-fd-warnings,2,,,0,0,,,,,,,,
g1,nonlinear_effects,frax,256,collection,unknown,unknown,3,model_mismatch,existing Frax adapter uses a six-coordinate floating base; shared quaternion fixture needs a validated conversion,,,,,fp32-fd-warnings,2,,,0,0,,,,,,,,
g1,nonlinear_effects,frax,1024,collection,unknown,unknown,3,model_mismatch,existing Frax adapter uses a six-coordinate floating base; shared quaternion fixture needs a validated conversion,,,,,fp32-fd-warnings,2,,,0,0,,,,,,,,
g1,nonlinear_effects,grim_cuda,16,collection,float32,analytical,3,validated,,46.00653228759766,40.04663340250651,,192,fp32-fd-warnings,2,0.0,0.0,0,560,45.968133544921876,46.09363301595052,40.03033447265625,40.060332743326825,5.95989888509115,,0.0002802296834829576,1.5169156468180166e-07
g1,nonlinear_effects,grim_cuda,32,collection,float32,analytical,3,validated,,45.9861328125,39.6055669148763,,192,fp32-fd-warnings,2,0.0,0.0,0,1120,45.980367024739586,45.98716481526693,39.58129984537761,39.630899047851564,6.380565897623704,,0.0002802296834829576,1.5206268690255347e-07
g1,nonlinear_effects,grim_cuda,64,collection,float32,analytical,3,validated,,46.54119923909505,39.820866394042966,,192,fp32-fd-warnings,2,0.0,0.0,0,2240,46.476366678873696,46.61603546142578,39.81493174235026,39.82906697591146,6.720332845052084,,0.0002802296834829576,1.4757643647655568e-07
g1,nonlinear_effects,grim_cuda,128,collection,float32,analytical,3,validated,,46.40853474934896,39.31310068766276,,192,fp32-fd-warnings,2,0.0,0.0,0,4480,46.378865559895836,46.591331990559894,39.30706634521484,39.35576833089193,7.095434061686198,,0.0002802296834829576,1.4287877516166568e-07
g1,nonlinear_effects,grim_cuda,256,collection,float32,analytical,3,validated,,48.184532674153644,38.168198649088545,,192,fp32-fd-warnings,2,0.0,0.0,0,8960,47.439465840657554,48.31869913736979,38.10386708577474,38.22123514811198,10.016334025065099,,0.0002802296834829576,1.3982415146099902e-07
g1,nonlinear_effects,grim_cuda,1024,collection,float32,analytical,3,validated,,151.67980092366537,124.93139902750652,,192,fp32-fd-warnings,2,0.0,0.0,0,35840,151.6530975341797,153.2199676513672,124.89209950764975,124.9791987101237,26.748401896158853,,0.0002802296834829576,1.3734640986574784e-07
g1,nonlinear_effects,grim_jax,16,collection,float32,analytical,3,validated,,176.73489999999998,67.3856,,,fp32-fd-warnings,2,0.0,0.0,0,560,176.46596666666665,183.8157,67.07123333333334,70.29509999999999,109.34929999999999,,0.0002802296834829576,1.5169156468180166e-07
g1,nonlinear_effects,grim_jax,32,collection,float32,analytical,3,validated,,183.1789333333334,75.5407,,,fp32-fd-warnings,2,0.0,0.0,0,1120,176.35449999999997,201.96563333333336,74.6744,77.34533333333334,107.63823333333339,,0.0002802296834829576,1.5206268690255347e-07
g1,nonlinear_effects,grim_jax,64,collection,float32,analytical,3,validated,,203.33866666666668,77.7968,,,fp32-fd-warnings,2,0.0,0.0,0,2240,176.95796666666666,247.4197333333333,77.25113333333334,80.069,125.54186666666668,,0.0002802296834829576,1.4757643647655568e-07
g1,nonlinear_effects,grim_jax,128,collection,float32,analytical,3,validated,,207.27956666666668,65.5617,,,fp32-fd-warnings,2,0.0,0.0,0,4480,185.79646666666665,233.39860000000002,65.0111,78.15793333333336,141.71786666666668,,0.0002802296834829576,1.4287877516166568e-07
g1,nonlinear_effects,grim_jax,256,collection,float32,analytical,3,validated,,222.8912333333333,74.3671,,,fp32-fd-warnings,2,0.0,0.0,0,8960,194.52643333333333,252.92193333333336,74.11483333333334,75.22623333333333,148.5241333333333,,0.0002802296834829576,1.3982415146099902e-07
g1,nonlinear_effects,grim_jax,1024,collection,float32,analytical,3,validated,,371.48653333333334,225.44016666666667,,,fp32-fd-warnings,2,0.0,0.0,0,35840,329.3458,559.6247,192.19366666666664,237.6843666666666,146.04636666666667,,0.0002802296834829576,1.3734640986574784e-07
g1,nonlinear_effects,mjx,16,collection,float32,simulator inverse dynamics at zero acceleration,3,validated,,541.013,296.58029999999997,,,fp32-fd-warnings,2,0.000244140625,1.841519114935435e-07,0,560,500.4446666666667,819.3527333333335,222.9869,316.08986666666675,244.43270000000007,,0.000532818076408148,3.66700843703312e-07
g1,nonlinear_effects,mjx,32,collection,float32,simulator inverse dynamics at zero acceleration,3,validated,,595.6142666666667,317.53063333333336,,,fp32-fd-warnings,2,0.00018310546875,1.1275533710522366e-07,0,1120,542.8898,660.4073666666667,257.7187333333334,548.6329000000001,278.08363333333335,,0.000593853232658148,3.2289098764828824e-07
g1,nonlinear_effects,mjx,64,collection,float32,simulator inverse dynamics at zero acceleration,3,validated,,540.2965,284.66903333333335,,,fp32-fd-warnings,2,0.0001220703125,8.369245481356538e-08,0,2240,538.0470333333333,604.3302666666666,218.52019999999996,500.3785333333334,255.6274666666667,,0.000532818076408148,2.5161582400604026e-07
g1,nonlinear_effects,mjx,128,collection,float32,simulator inverse dynamics at zero acceleration,3,validated,,854.7904000000001,389.74120000000005,,,fp32-fd-warnings,2,0.0002899169921875,9.570244653546938e-08,0,4480,626.7969666666667,1032.6152333333334,308.9764333333334,403.81983333333335,465.04920000000004,,0.00041074776390814804,2.0656673111571746e-07
g1,nonlinear_effects,mjx,256,collection,float32,simulator inverse dynamics at zero acceleration,3,validated,,843.7648666666668,510.8592666666666,,,fp32-fd-warnings,2,0.000244140625,7.523069330192737e-08,0,8960,681.0291000000002,911.6539666666665,407.74869999999993,551.1581999999999,332.90560000000016,,0.000532818076408148,1.7553871341830284e-07
g1,nonlinear_effects,mjx,1024,collection,float32,simulator inverse dynamics at zero acceleration,3,validated,,1101.1688,685.4202666666665,,,fp32-fd-warnings,2,9.1552734375e-05,5.9261286501073896e-08,0,35840,910.9630333333333,1153.3791666666668,491.0964333333333,686.3362666666668,415.7485333333334,,0.00041074776390814804,1.3114454410617152e-07
g1,nonlinear_effects,mujoco_cpu,16,collection,float64,simulator inverse dynamics at zero acceleration,3,validated,,82.73413333333333,,,,fp32-fd-warnings,2,0.0,0.0,0,560,82.07893333333337,85.0043,,,,,0.000322744076811432,1.990599147310859e-07
g1,nonlinear_effects,mujoco_cpu,32,collection,float64,simulator inverse dynamics at zero acceleration,3,validated,,165.40270000000004,,,,fp32-fd-warnings,2,0.0,0.0,0,1120,165.07703333333333,169.87610000000004,,,,,0.000322744076811432,1.694136837627306e-07
g1,nonlinear_effects,mujoco_cpu,64,collection,float64,simulator inverse dynamics at zero acceleration,3,validated,,344.68863333333326,,,,fp32-fd-warnings,2,0.0,0.0,0,2240,341.1745000000001,349.2244999999999,,,,,0.000322744076811432,1.3749128148452615e-07
g1,nonlinear_effects,mujoco_cpu,128,collection,float64,simulator inverse dynamics at zero acceleration,3,validated,,709.8178,,,,fp32-fd-warnings,2,0.0,0.0,0,4480,707.5932999999999,726.9853333333333,,,,,0.000322744076811432,1.1030242551134283e-07
g1,nonlinear_effects,mujoco_cpu,256,collection,float64,simulator inverse dynamics at zero acceleration,3,validated,,1438.2194333333334,,,,fp32-fd-warnings,2,0.0,0.0,0,8960,1428.4736999999998,1466.7307333333335,,,,,0.000322744076811432,8.93572239835808e-08
g1,nonlinear_effects,mujoco_cpu,1024,collection,float64,simulator inverse dynamics at zero acceleration,3,validated,,8423.706866666667,,,,fp32-fd-warnings,2,0.0,0.0,0,35840,8272.8664,8540.706499999998,,,,,0.000322744076811432,6.938235197606265e-08
g1,nonlinear_effects,mujoco_warp,16,collection,float32,simulator inverse dynamics at zero acceleration,3,validated,,245.9037666666667,211.1022,1052.0730333333333,,fp32-fd-warnings,2,1.9073486328125e-06,1.6309655498561914e-09,0,560,245.66673333333338,246.51336666666668,211.0533,211.94620000000003,34.8015666666667,,0.0003656127069007198,3.0171118279541324e-07
g1,nonlinear_effects,mujoco_warp,32,collection,float32,simulator inverse dynamics at zero acceleration,3,validated,,255.40709999999993,223.98053333333334,1068.0373,,fp32-fd-warnings,2,3.0517578125e-05,1.3031330470711727e-08,0,1120,254.23129999999998,256.92049999999995,223.67226666666664,224.02053333333336,31.426566666666588,,0.0003656127069007198,2.63222225031771e-07
g1,nonlinear_effects,mujoco_warp,64,collection,float32,simulator inverse dynamics at zero acceleration,3,validated,,274.3552666666667,241.21020000000001,1069.3415333333332,,fp32-fd-warnings,2,3.0517578125e-05,1.7209192743459546e-08,0,2240,273.3142,274.77520000000004,241.04723333333334,241.5968,33.14506666666668,,0.0003656127069007198,2.2276179331214383e-07
g1,nonlinear_effects,mujoco_warp,128,collection,float32,simulator inverse dynamics at zero acceleration,3,validated,,301.2503666666666,264.3376999999999,1082.8566666666666,,fp32-fd-warnings,2,3.0517578125e-05,2.2533097288732973e-08,0,4480,300.23923333333335,301.553,264.16676666666666,264.7458333333333,36.91266666666667,,0.0003656127069007198,1.8920497576656878e-07
g1,nonlinear_effects,mujoco_warp,256,collection,float32,simulator inverse dynamics at zero acceleration,3,validated,,327.57250000000005,287.09196666666674,1083.7604999999999,,fp32-fd-warnings,2,6.103515625e-05,2.243016384958707e-08,0,8960,327.23679999999996,327.8686666666666,286.9585666666666,287.17949999999996,40.48053333333331,,0.0003656127069007198,1.6558117900734102e-07
g1,nonlinear_effects,mujoco_warp,1024,collection,float32,simulator inverse dynamics at zero acceleration,3,validated,,371.2427,314.62453333333326,1097.0248333333332,,fp32-fd-warnings,2,6.103515625e-05,2.001958680457381e-08,0,35840,370.1183333333334,374.02656666666667,314.58619999999996,314.84516666666667,56.61816666666675,,0.0003656127069007198,1.4507751730780274e-07
g1,nonlinear_effects,pinocchio,16,collection,float32,codegen RNEA at zero acceleration/velocity,3,validated,,12.56973333333333,,,8,fp32-fd-warnings,2,0.0,0.0,0,560,12.488666666666667,13.009333333333332,,,,,0.00024208271082670763,1.458455410833769e-07
g1,nonlinear_effects,pinocchio,32,collection,float32,codegen RNEA at zero acceleration/velocity,3,validated,,14.46473333333333,,,8,fp32-fd-warnings,2,0.0,0.0,0,1120,14.464466666666668,14.772766666666666,,,,,0.00024208271082670763,1.4821030956420437e-07
g1,nonlinear_effects,pinocchio,64,collection,float32,codegen RNEA at zero acceleration/velocity,3,validated,,18.929433333333332,,,8,fp32-fd-warnings,2,0.0,0.0,0,2240,18.857533333333336,20.063933333333335,,,,,0.00024208271082670763,1.453653815914296e-07
g1,nonlinear_effects,pinocchio,128,collection,float32,codegen RNEA at zero acceleration/velocity,3,validated,,28.07493333333333,,,8,fp32-fd-warnings,2,0.0,0.0,0,4480,27.91103333333333,28.175766666666668,,,,,0.00024208271082670763,1.3736750463467294e-07
g1,nonlinear_effects,pinocchio,256,collection,float32,codegen RNEA at zero acceleration/velocity,3,validated,,44.469199999999994,,,8,fp32-fd-warnings,2,0.0,0.0,0,8960,44.232933333333335,45.3057,,,,,0.00024208271082670763,1.327818403418365e-07
g1,nonlinear_effects,pinocchio,1024,collection,float32,codegen RNEA at zero acceleration/velocity,3,validated,,150.8464,,,8,fp32-fd-warnings,2,0.0,0.0,0,35840,148.28573333333333,349.00073333333336,,,,,0.00024208271082670763,1.2889646208401826e-07
g1,nonlinear_effects,pinocchio_plain,16,collection,float32,standard Pinocchio API (no codegen),3,validated,,14.041666666666663,,,8,fp32-fd-warnings,2,0.0,0.0,0,560,13.883666666666667,15.365666666666668,,,,,0.0001879031838143419,1.2853734309172756e-07
g1,nonlinear_effects,pinocchio_plain,32,collection,float32,standard Pinocchio API (no codegen),3,validated,,17.942133333333334,,,8,fp32-fd-warnings,2,0.0,0.0,0,1120,17.813100000000002,18.129599999999996,,,,,0.0001879031838143419,1.3499063702615797e-07
g1,nonlinear_effects,pinocchio_plain,64,collection,float32,standard Pinocchio API (no codegen),3,validated,,25.792766666666672,,,8,fp32-fd-warnings,2,0.0,0.0,0,2240,25.619999999999997,25.87206666666667,,,,,0.0001879031838143419,1.3645676088976154e-07
g1,nonlinear_effects,pinocchio_plain,128,collection,float32,standard Pinocchio API (no codegen),3,validated,,41.51016666666666,,,8,fp32-fd-warnings,2,0.0,0.0,0,4480,41.48356666666667,41.731066666666656,,,,,0.0001879031838143419,1.341167992973622e-07
g1,nonlinear_effects,pinocchio_plain,256,collection,float32,standard Pinocchio API (no codegen),3,validated,,72.39573333333331,,,8,fp32-fd-warnings,2,0.0,0.0,0,8960,64.80099999999999,72.45226666666667,,,,,0.0001879031838143419,1.3116758127684927e-07
g1,nonlinear_effects,pinocchio_plain,1024,collection,float32,standard Pinocchio API (no codegen),3,validated,,406.6727666666667,,,8,fp32-fd-warnings,2,0.0,0.0,0,35840,228.26303333333334,452.5678000000001,,,,,0.0001879031838143419,1.2980593821075737e-07
go2,ccrba,bard,16,collection,unknown,unknown,3,adapter_pending,no matched centroidal-momentum / Coriolis-matrix output in this library's public API,,,,,fp32-fd-warnings,2,,,0,0,,,,,,,,
go2,ccrba,bard,32,collection,unknown,unknown,3,adapter_pending,no matched centroidal-momentum / Coriolis-matrix output in this library's public API,,,,,fp32-fd-warnings,2,,,0,0,,,,,,,,
go2,ccrba,bard,64,collection,unknown,unknown,3,adapter_pending,no matched centroidal-momentum / Coriolis-matrix output in this library's public API,,,,,fp32-fd-warnings,2,,,0,0,,,,,,,,
go2,ccrba,bard,128,collection,unknown,unknown,3,adapter_pending,no matched centroidal-momentum / Coriolis-matrix output in this library's public API,,,,,fp32-fd-warnings,2,,,0,0,,,,,,,,
go2,ccrba,bard,256,collection,unknown,unknown,3,adapter_pending,no matched centroidal-momentum / Coriolis-matrix output in this library's public API,,,,,fp32-fd-warnings,2,,,0,0,,,,,,,,
go2,ccrba,bard,1024,collection,unknown,unknown,3,adapter_pending,no matched centroidal-momentum / Coriolis-matrix output in this library's public API,,,,,fp32-fd-warnings,2,,,0,0,,,,,,,,
go2,ccrba,frax,16,collection,unknown,unknown,3,adapter_pending,no matched centroidal-momentum / Coriolis-matrix output in this library's public API,,,,,fp32-fd-warnings,2,,,0,0,,,,,,,,
go2,ccrba,frax,32,collection,unknown,unknown,3,adapter_pending,no matched centroidal-momentum / Coriolis-matrix output in this library's public API,,,,,fp32-fd-warnings,2,,,0,0,,,,,,,,
go2,ccrba,frax,64,collection,unknown,unknown,3,adapter_pending,no matched centroidal-momentum / Coriolis-matrix output in this library's public API,,,,,fp32-fd-warnings,2,,,0,0,,,,,,,,
go2,ccrba,frax,128,collection,unknown,unknown,3,adapter_pending,no matched centroidal-momentum / Coriolis-matrix output in this library's public API,,,,,fp32-fd-warnings,2,,,0,0,,,,,,,,
go2,ccrba,frax,256,collection,unknown,unknown,3,adapter_pending,no matched centroidal-momentum / Coriolis-matrix output in this library's public API,,,,,fp32-fd-warnings,2,,,0,0,,,,,,,,
go2,ccrba,frax,1024,collection,unknown,unknown,3,adapter_pending,no matched centroidal-momentum / Coriolis-matrix output in this library's public API,,,,,fp32-fd-warnings,2,,,0,0,,,,,,,,
go2,ccrba,grim_cuda,16,collection,float32,analytical,3,validated,,88.90193277994791,82.94090169270834,,256,fp32-fd-warnings,2,0.0,0.0,0,1824,88.899099222819,88.95259857177734,82.89083455403646,82.96610056559244,5.961031087239576,,3.9199444060500355e-05,2.2189462485548385e-07
go2,ccrba,grim_cuda,32,collection,float32,analytical,3,validated,,88.63669942220052,82.41139729817708,,256,fp32-fd-warnings,2,0.0,0.0,0,3648,88.58053232828776,88.64736684163411,82.38486887613932,82.46773376464844,6.225302124023443,,3.9199444060500355e-05,2.1666515844742052e-07
go2,ccrba,grim_cuda,64,collection,float32,analytical,3,validated,,89.3625,82.47786560058594,,256,fp32-fd-warnings,2,0.0,0.0,0,7296,89.36240030924479,89.37143351236979,82.460498046875,82.48170216878255,6.884634399414054,,3.9199444060500355e-05,2.0203366459596764e-07
go2,ccrba,grim_cuda,128,collection,float32,analytical,3,validated,,89.15326588948568,81.47829996744791,,256,fp32-fd-warnings,2,0.0,0.0,0,14592,89.13456624348959,89.82629903157552,81.45649922688803,81.48673350016276,7.674965922037771,,3.9199444060500355e-05,1.8940912823497293e-07
go2,ccrba,grim_cuda,256,collection,float32,analytical,3,validated,,88.11409962972006,78.45993296305339,,256,fp32-fd-warnings,2,0.0,0.0,0,29184,88.10166727701822,88.2146006266276,78.45959930419922,78.54293365478516,9.654166666666669,,3.9199444060500355e-05,1.738326948604451e-07
go2,ccrba,grim_cuda,1024,collection,float32,analytical,3,validated,,312.03143310546875,270.8062006632487,,256,fp32-fd-warnings,2,0.0,0.0,0,116736,311.1857335408529,312.2320337931315,270.76913401285805,270.82720235188805,41.22523244222003,,3.9199444060500355e-05,1.6637760386617962e-07
go2,ccrba,grim_jax,16,collection,float32,analytical,3,validated,,272.46363333333335,105.34966666666666,,,fp32-fd-warnings,2,0.0,0.0,0,1824,257.0534333333333,413.87046666666663,103.71993333333336,221.51969999999994,167.11396666666667,,3.9199444060500355e-05,2.2189462485548385e-07
go2,ccrba,grim_jax,32,collection,float32,analytical,3,validated,,316.12843333333336,145.23156666666668,,,fp32-fd-warnings,2,0.0,0.0,0,3648,243.9453,320.8218666666666,108.51443333333332,151.17699999999996,170.89686666666668,,3.9199444060500355e-05,2.1666515844742052e-07
go2,ccrba,grim_jax,64,collection,float32,analytical,3,validated,,391.5057666666666,107.70386666666668,,,fp32-fd-warnings,2,0.0,0.0,0,7296,322.79746666666665,396.76783333333333,102.054,110.70830000000001,283.80189999999993,,3.9199444060500355e-05,2.0203366459596764e-07
go2,ccrba,grim_jax,128,collection,float32,analytical,3,validated,,313.65353333333337,211.90879999999999,,,fp32-fd-warnings,2,0.0,0.0,0,14592,296.9895333333333,323.5381666666666,101.9875,338.54010000000005,,negative total-minus-resident in at least one repeat; decomposition unavailable,3.9199444060500355e-05,1.8940912823497293e-07
go2,ccrba,grim_jax,256,collection,float32,analytical,3,validated,,302.11129999999997,98.97389999999999,,,fp32-fd-warnings,2,0.0,0.0,0,29184,248.66886666666667,333.4538666666668,97.58066666666666,395.15329999999994,,negative total-minus-resident in at least one repeat; decomposition unavailable,3.9199444060500355e-05,1.738326948604451e-07
go2,ccrba,grim_jax,1024,collection,float32,analytical,3,validated,,486.9858333333334,225.55963333333332,,,fp32-fd-warnings,2,0.0,0.0,0,116736,464.61486666666667,510.4581,207.04273333333333,299.9969666666666,261.4262000000001,,3.9199444060500355e-05,1.6637760386617962e-07
go2,ccrba,mjx,16,collection,unknown,unknown,3,adapter_pending,no matched centroidal-momentum / Coriolis-matrix output in this library's public API,,,,,fp32-fd-warnings,2,,,0,0,,,,,,,,
go2,ccrba,mjx,32,collection,unknown,unknown,3,adapter_pending,no matched centroidal-momentum / Coriolis-matrix output in this library's public API,,,,,fp32-fd-warnings,2,,,0,0,,,,,,,,
go2,ccrba,mjx,64,collection,unknown,unknown,3,adapter_pending,no matched centroidal-momentum / Coriolis-matrix output in this library's public API,,,,,fp32-fd-warnings,2,,,0,0,,,,,,,,
go2,ccrba,mjx,128,collection,unknown,unknown,3,adapter_pending,no matched centroidal-momentum / Coriolis-matrix output in this library's public API,,,,,fp32-fd-warnings,2,,,0,0,,,,,,,,
go2,ccrba,mjx,256,collection,unknown,unknown,3,adapter_pending,no matched centroidal-momentum / Coriolis-matrix output in this library's public API,,,,,fp32-fd-warnings,2,,,0,0,,,,,,,,
go2,ccrba,mjx,1024,collection,unknown,unknown,3,adapter_pending,no matched centroidal-momentum / Coriolis-matrix output in this library's public API,,,,,fp32-fd-warnings,2,,,0,0,,,,,,,,
go2,ccrba,mujoco_cpu,16,collection,unknown,unknown,3,adapter_pending,no matched centroidal-momentum / Coriolis-matrix output in this library's public API,,,,,fp32-fd-warnings,2,,,0,0,,,,,,,,
go2,ccrba,mujoco_cpu,32,collection,unknown,unknown,3,adapter_pending,no matched centroidal-momentum / Coriolis-matrix output in this library's public API,,,,,fp32-fd-warnings,2,,,0,0,,,,,,,,
go2,ccrba,mujoco_cpu,64,collection,unknown,unknown,3,adapter_pending,no matched centroidal-momentum / Coriolis-matrix output in this library's public API,,,,,fp32-fd-warnings,2,,,0,0,,,,,,,,
go2,ccrba,mujoco_cpu,128,collection,unknown,unknown,3,adapter_pending,no matched centroidal-momentum / Coriolis-matrix output in this library's public API,,,,,fp32-fd-warnings,2,,,0,0,,,,,,,,
go2,ccrba,mujoco_cpu,256,collection,unknown,unknown,3,adapter_pending,no matched centroidal-momentum / Coriolis-matrix output in this library's public API,,,,,fp32-fd-warnings,2,,,0,0,,,,,,,,
go2,ccrba,mujoco_cpu,1024,collection,unknown,unknown,3,adapter_pending,no matched centroidal-momentum / Coriolis-matrix output in this library's public API,,,,,fp32-fd-warnings,2,,,0,0,,,,,,,,
go2,ccrba,mujoco_warp,16,collection,unknown,unknown,3,adapter_pending,no matched centroidal-momentum / Coriolis-matrix output in this library's public API,,,,,fp32-fd-warnings,2,,,0,0,,,,,,,,
go2,ccrba,mujoco_warp,32,collection,unknown,unknown,3,adapter_pending,no matched centroidal-momentum / Coriolis-matrix output in this library's public API,,,,,fp32-fd-warnings,2,,,0,0,,,,,,,,
go2,ccrba,mujoco_warp,64,collection,unknown,unknown,3,adapter_pending,no matched centroidal-momentum / Coriolis-matrix output in this library's public API,,,,,fp32-fd-warnings,2,,,0,0,,,,,,,,
go2,ccrba,mujoco_warp,128,collection,unknown,unknown,3,adapter_pending,no matched centroidal-momentum / Coriolis-matrix output in this library's public API,,,,,fp32-fd-warnings,2,,,0,0,,,,,,,,
go2,ccrba,mujoco_warp,256,collection,unknown,unknown,3,adapter_pending,no matched centroidal-momentum / Coriolis-matrix output in this library's public API,,,,,fp32-fd-warnings,2,,,0,0,,,,,,,,
go2,ccrba,mujoco_warp,1024,collection,unknown,unknown,3,adapter_pending,no matched centroidal-momentum / Coriolis-matrix output in this library's public API,,,,,fp32-fd-warnings,2,,,0,0,,,,,,,,
go2,ccrba,pinocchio,16,collection,unknown,unknown,3,adapter_pending,no CppADCodeGen class for this operation; see pinocchio_plain,,,,,fp32-fd-warnings,2,,,0,0,,,,,,,,
go2,ccrba,pinocchio,32,collection,unknown,unknown,3,adapter_pending,no CppADCodeGen class for this operation; see pinocchio_plain,,,,,fp32-fd-warnings,2,,,0,0,,,,,,,,
go2,ccrba,pinocchio,64,collection,unknown,unknown,3,adapter_pending,no CppADCodeGen class for this operation; see pinocchio_plain,,,,,fp32-fd-warnings,2,,,0,0,,,,,,,,
go2,ccrba,pinocchio,128,collection,unknown,unknown,3,adapter_pending,no CppADCodeGen class for this operation; see pinocchio_plain,,,,,fp32-fd-warnings,2,,,0,0,,,,,,,,
go2,ccrba,pinocchio,256,collection,unknown,unknown,3,adapter_pending,no CppADCodeGen class for this operation; see pinocchio_plain,,,,,fp32-fd-warnings,2,,,0,0,,,,,,,,
go2,ccrba,pinocchio,1024,collection,unknown,unknown,3,adapter_pending,no CppADCodeGen class for this operation; see pinocchio_plain,,,,,fp32-fd-warnings,2,,,0,0,,,,,,,,
go2,ccrba,pinocchio_plain,16,collection,float32,standard Pinocchio API (no codegen),3,validated,,12.714866666666666,,,8,fp32-fd-warnings,2,0.0,0.0,0,1824,12.650833333333331,12.931233333333333,,,,,1.6311260466750355e-05,9.414057949007536e-08
go2,ccrba,pinocchio_plain,32,collection,float32,standard Pinocchio API (no codegen),3,validated,,14.758166666666666,,,8,fp32-fd-warnings,2,0.0,0.0,0,3648,14.616333333333333,18.401066666666665,,,,,1.6311260466750355e-05,1.088293188333956e-07
go2,ccrba,pinocchio_plain,64,collection,float32,standard Pinocchio API (no codegen),3,validated,,19.197233333333333,,,8,fp32-fd-warnings,2,0.0,0.0,0,7296,18.938566666666667,19.287333333333336,,,,,1.6311260466750355e-05,1.1515924133455278e-07
go2,ccrba,pinocchio_plain,128,collection,float32,standard Pinocchio API (no codegen),3,validated,,28.2463,,,8,fp32-fd-warnings,2,0.0,0.0,0,14592,28.15336666666667,28.39083333333333,,,,,1.6311260466750355e-05,1.2038465979421132e-07
go2,ccrba,pinocchio_plain,256,collection,float32,standard Pinocchio API (no codegen),3,validated,,46.44359999999999,,,8,fp32-fd-warnings,2,0.0,0.0,0,29184,42.29193333333333,47.72609999999999,,,,,1.6311260466750355e-05,1.2136085897660875e-07
go2,ccrba,pinocchio_plain,1024,collection,float32,standard Pinocchio API (no codegen),3,validated,,264.7010666666667,,,8,fp32-fd-warnings,2,0.0,0.0,0,116736,146.23586666666668,337.95753333333323,,,,,1.6311260466750355e-05,1.2961649052558746e-07
go2,coriolis_matrix,bard,16,collection,unknown,unknown,3,adapter_pending,no matched centroidal-momentum / Coriolis-matrix output in this library's public API,,,,,fp32-fd-warnings,2,,,0,0,,,,,,,,
go2,coriolis_matrix,bard,32,collection,unknown,unknown,3,adapter_pending,no matched centroidal-momentum / Coriolis-matrix output in this library's public API,,,,,fp32-fd-warnings,2,,,0,0,,,,,,,,
go2,coriolis_matrix,bard,64,collection,unknown,unknown,3,adapter_pending,no matched centroidal-momentum / Coriolis-matrix output in this library's public API,,,,,fp32-fd-warnings,2,,,0,0,,,,,,,,
go2,coriolis_matrix,bard,128,collection,unknown,unknown,3,adapter_pending,no matched centroidal-momentum / Coriolis-matrix output in this library's public API,,,,,fp32-fd-warnings,2,,,0,0,,,,,,,,
go2,coriolis_matrix,bard,256,collection,unknown,unknown,3,adapter_pending,no matched centroidal-momentum / Coriolis-matrix output in this library's public API,,,,,fp32-fd-warnings,2,,,0,0,,,,,,,,
go2,coriolis_matrix,bard,1024,collection,unknown,unknown,3,adapter_pending,no matched centroidal-momentum / Coriolis-matrix output in this library's public API,,,,,fp32-fd-warnings,2,,,0,0,,,,,,,,
go2,coriolis_matrix,frax,16,collection,unknown,unknown,3,adapter_pending,no matched centroidal-momentum / Coriolis-matrix output in this library's public API,,,,,fp32-fd-warnings,2,,,0,0,,,,,,,,
go2,coriolis_matrix,frax,32,collection,unknown,unknown,3,adapter_pending,no matched centroidal-momentum / Coriolis-matrix output in this library's public API,,,,,fp32-fd-warnings,2,,,0,0,,,,,,,,
go2,coriolis_matrix,frax,64,collection,unknown,unknown,3,adapter_pending,no matched centroidal-momentum / Coriolis-matrix output in this library's public API,,,,,fp32-fd-warnings,2,,,0,0,,,,,,,,
go2,coriolis_matrix,frax,128,collection,unknown,unknown,3,adapter_pending,no matched centroidal-momentum / Coriolis-matrix output in this library's public API,,,,,fp32-fd-warnings,2,,,0,0,,,,,,,,
go2,coriolis_matrix,frax,256,collection,unknown,unknown,3,adapter_pending,no matched centroidal-momentum / Coriolis-matrix output in this library's public API,,,,,fp32-fd-warnings,2,,,0,0,,,,,,,,
go2,coriolis_matrix,frax,1024,collection,unknown,unknown,3,adapter_pending,no matched centroidal-momentum / Coriolis-matrix output in this library's public API,,,,,fp32-fd-warnings,2,,,0,0,,,,,,,,
go2,coriolis_matrix,grim_cuda,16,collection,float32,analytical,3,validated,,71.86426595052083,68.1468002319336,,192,fp32-fd-warnings,2,0.0,0.0,0,5184,71.8305669148763,72.34793345133464,68.12886555989583,68.1522003173828,3.717465718587235,,2.8779029833003733e-05,2.039323376473897e-07
go2,coriolis_matrix,grim_cuda,32,collection,float32,analytical,3,validated,,71.83389943440756,67.69083557128906,,192,fp32-fd-warnings,2,0.0,0.0,0,10368,71.79880015055339,71.90349884033203,67.68163452148437,67.81393330891927,4.143063863118499,,2.8779029833003733e-05,2.0435789839497764e-07
go2,coriolis_matrix,grim_cuda,64,collection,float32,analytical,3,validated,,73.9100331624349,68.4510009765625,,192,fp32-fd-warnings,2,0.0,0.0,0,20736,73.86900024414062,73.97880045572917,68.2504643758138,68.53073425292969,5.4590321858724025,,2.8779029833003733e-05,2.2172232357090729e-07
go2,coriolis_matrix,grim_cuda,128,collection,float32,analytical,3,validated,,75.35813344319662,67.7314676920573,,192,fp32-fd-warnings,2,0.0,0.0,0,41472,75.1430674235026,76.05619862874349,67.56593475341796,67.83550109863282,7.626665751139328,,2.8779029833003733e-05,2.26136405652014e-07
go2,coriolis_matrix,grim_cuda,256,collection,float32,analytical,3,validated,,87.97230021158855,69.32806650797527,,192,fp32-fd-warnings,2,0.0,0.0,0,82944,87.9721669514974,88.81090087890625,69.30946553548178,69.36666666666666,18.64423370361328,,2.8779029833003733e-05,2.424464879454318e-07
go2,coriolis_matrix,grim_cuda,1024,collection,float32,analytical,3,validated,,328.19166361490886,248.63620045979818,,192,fp32-fd-warnings,2,0.0,0.0,0,331776,326.78370259602866,329.25709838867186,248.17246704101564,248.84366709391276,79.55546315511069,,2.8779029833003733e-05,2.488794434594098e-07
go2,coriolis_matrix,grim_jax,16,collection,float32,analytical,3,validated,,209.06136666666666,94.41246666666667,,,fp32-fd-warnings,2,0.0,0.0,0,5184,204.23433333333335,236.7268666666667,94.21270000000001,103.99963333333334,114.64889999999998,,2.8779029833003733e-05,2.039323376473897e-07
go2,coriolis_matrix,grim_jax,32,collection,float32,analytical,3,validated,,211.11489999999998,93.18426666666666,,,fp32-fd-warnings,2,0.0,0.0,0,10368,209.4438,241.26786666666672,93.18206666666667,105.46916666666668,117.93063333333332,,2.8779029833003733e-05,2.0435789839497764e-07
go2,coriolis_matrix,grim_jax,64,collection,float32,analytical,3,validated,,236.15716666666665,109.85576666666664,,,fp32-fd-warnings,2,0.0,0.0,0,20736,214.2203666666667,278.6173,106.58206666666666,119.25783333333334,126.30140000000002,,2.8779029833003733e-05,2.2172232357090729e-07
go2,coriolis_matrix,grim_jax,128,collection,float32,analytical,3,validated,,250.48383333333334,103.36853333333333,,,fp32-fd-warnings,2,0.0,0.0,0,41472,241.0932666666667,252.11356666666669,102.76046666666664,111.9844,147.1153,,2.8779029833003733e-05,2.26136405652014e-07
go2,coriolis_matrix,grim_jax,256,collection,float32,analytical,3,validated,,288.4082,115.75483333333332,,,fp32-fd-warnings,2,0.0,0.0,0,82944,268.3314333333333,325.8959666666666,95.64936666666667,116.44313333333334,172.6533666666667,,2.8779029833003733e-05,2.424464879454318e-07
go2,coriolis_matrix,grim_jax,1024,collection,float32,analytical,3,validated,,467.30853333333323,179.26569999999998,,,fp32-fd-warnings,2,0.0,0.0,0,331776,430.0543666666666,752.2773666666667,175.9217333333333,222.9541666666666,288.04283333333325,,2.8779029833003733e-05,2.488794434594098e-07
go2,coriolis_matrix,mjx,16,collection,unknown,unknown,3,adapter_pending,no matched centroidal-momentum / Coriolis-matrix output in this library's public API,,,,,fp32-fd-warnings,2,,,0,0,,,,,,,,
go2,coriolis_matrix,mjx,32,collection,unknown,unknown,3,adapter_pending,no matched centroidal-momentum / Coriolis-matrix output in this library's public API,,,,,fp32-fd-warnings,2,,,0,0,,,,,,,,
go2,coriolis_matrix,mjx,64,collection,unknown,unknown,3,adapter_pending,no matched centroidal-momentum / Coriolis-matrix output in this library's public API,,,,,fp32-fd-warnings,2,,,0,0,,,,,,,,
go2,coriolis_matrix,mjx,128,collection,unknown,unknown,3,adapter_pending,no matched centroidal-momentum / Coriolis-matrix output in this library's public API,,,,,fp32-fd-warnings,2,,,0,0,,,,,,,,
go2,coriolis_matrix,mjx,256,collection,unknown,unknown,3,adapter_pending,no matched centroidal-momentum / Coriolis-matrix output in this library's public API,,,,,fp32-fd-warnings,2,,,0,0,,,,,,,,
go2,coriolis_matrix,mjx,1024,collection,unknown,unknown,3,adapter_pending,no matched centroidal-momentum / Coriolis-matrix output in this library's public API,,,,,fp32-fd-warnings,2,,,0,0,,,,,,,,
go2,coriolis_matrix,mujoco_cpu,16,collection,unknown,unknown,3,adapter_pending,no matched centroidal-momentum / Coriolis-matrix output in this library's public API,,,,,fp32-fd-warnings,2,,,0,0,,,,,,,,
go2,coriolis_matrix,mujoco_cpu,32,collection,unknown,unknown,3,adapter_pending,no matched centroidal-momentum / Coriolis-matrix output in this library's public API,,,,,fp32-fd-warnings,2,,,0,0,,,,,,,,
go2,coriolis_matrix,mujoco_cpu,64,collection,unknown,unknown,3,adapter_pending,no matched centroidal-momentum / Coriolis-matrix output in this library's public API,,,,,fp32-fd-warnings,2,,,0,0,,,,,,,,
go2,coriolis_matrix,mujoco_cpu,128,collection,unknown,unknown,3,adapter_pending,no matched centroidal-momentum / Coriolis-matrix output in this library's public API,,,,,fp32-fd-warnings,2,,,0,0,,,,,,,,
go2,coriolis_matrix,mujoco_cpu,256,collection,unknown,unknown,3,adapter_pending,no matched centroidal-momentum / Coriolis-matrix output in this library's public API,,,,,fp32-fd-warnings,2,,,0,0,,,,,,,,
go2,coriolis_matrix,mujoco_cpu,1024,collection,unknown,unknown,3,adapter_pending,no matched centroidal-momentum / Coriolis-matrix output in this library's public API,,,,,fp32-fd-warnings,2,,,0,0,,,,,,,,
go2,coriolis_matrix,mujoco_warp,16,collection,unknown,unknown,3,adapter_pending,no matched centroidal-momentum / Coriolis-matrix output in this library's public API,,,,,fp32-fd-warnings,2,,,0,0,,,,,,,,
go2,coriolis_matrix,mujoco_warp,32,collection,unknown,unknown,3,adapter_pending,no matched centroidal-momentum / Coriolis-matrix output in this library's public API,,,,,fp32-fd-warnings,2,,,0,0,,,,,,,,
go2,coriolis_matrix,mujoco_warp,64,collection,unknown,unknown,3,adapter_pending,no matched centroidal-momentum / Coriolis-matrix output in this library's public API,,,,,fp32-fd-warnings,2,,,0,0,,,,,,,,
go2,coriolis_matrix,mujoco_warp,128,collection,unknown,unknown,3,adapter_pending,no matched centroidal-momentum / Coriolis-matrix output in this library's public API,,,,,fp32-fd-warnings,2,,,0,0,,,,,,,,
go2,coriolis_matrix,mujoco_warp,256,collection,unknown,unknown,3,adapter_pending,no matched centroidal-momentum / Coriolis-matrix output in this library's public API,,,,,fp32-fd-warnings,2,,,0,0,,,,,,,,
go2,coriolis_matrix,mujoco_warp,1024,collection,unknown,unknown,3,adapter_pending,no matched centroidal-momentum / Coriolis-matrix output in this library's public API,,,,,fp32-fd-warnings,2,,,0,0,,,,,,,,
go2,coriolis_matrix,pinocchio,16,collection,unknown,unknown,3,adapter_pending,no CppADCodeGen class for this operation; see pinocchio_plain,,,,,fp32-fd-warnings,2,,,0,0,,,,,,,,
go2,coriolis_matrix,pinocchio,32,collection,unknown,unknown,3,adapter_pending,no CppADCodeGen class for this operation; see pinocchio_plain,,,,,fp32-fd-warnings,2,,,0,0,,,,,,,,
go2,coriolis_matrix,pinocchio,64,collection,unknown,unknown,3,adapter_pending,no CppADCodeGen class for this operation; see pinocchio_plain,,,,,fp32-fd-warnings,2,,,0,0,,,,,,,,
go2,coriolis_matrix,pinocchio,128,collection,unknown,unknown,3,adapter_pending,no CppADCodeGen class for this operation; see pinocchio_plain,,,,,fp32-fd-warnings,2,,,0,0,,,,,,,,
go2,coriolis_matrix,pinocchio,256,collection,unknown,unknown,3,adapter_pending,no CppADCodeGen class for this operation; see pinocchio_plain,,,,,fp32-fd-warnings,2,,,0,0,,,,,,,,
go2,coriolis_matrix,pinocchio,1024,collection,unknown,unknown,3,adapter_pending,no CppADCodeGen class for this operation; see pinocchio_plain,,,,,fp32-fd-warnings,2,,,0,0,,,,,,,,
go2,coriolis_matrix,pinocchio_plain,16,collection,float32,standard Pinocchio API (no codegen),3,validated,,16.009733333333333,,,8,fp32-fd-warnings,2,0.0,0.0,0,5184,15.922,16.024866666666664,,,,,1.4461517281461056e-05,1.281491137698067e-07
go2,coriolis_matrix,pinocchio_plain,32,collection,float32,standard Pinocchio API (no codegen),3,validated,,21.902766666666665,,,8,fp32-fd-warnings,2,0.0,0.0,0,10368,21.849033333333335,21.9547,,,,,1.4461517281461056e-05,1.3164747448055794e-07
go2,coriolis_matrix,pinocchio_plain,64,collection,float32,standard Pinocchio API (no codegen),3,validated,,33.8939,,,8,fp32-fd-warnings,2,0.0,0.0,0,20736,33.711933333333334,34.0336,,,,,1.4461517281461056e-05,1.4160287982532724e-07
go2,coriolis_matrix,pinocchio_plain,128,collection,float32,standard Pinocchio API (no codegen),3,validated,,55.04840000000001,,,8,fp32-fd-warnings,2,0.0,0.0,0,41472,54.37956666666668,56.89816666666666,,,,,1.4461517281461056e-05,1.506293435228769e-07
go2,coriolis_matrix,pinocchio_plain,256,collection,float32,standard Pinocchio API (no codegen),3,validated,,96.28479999999998,,,8,fp32-fd-warnings,2,0.0,0.0,0,82944,96.06216666666666,106.25299999999999,,,,,1.4461517281461056e-05,1.6181642487526583e-07
go2,coriolis_matrix,pinocchio_plain,1024,collection,float32,standard Pinocchio API (no codegen),3,validated,,348.29373333333325,,,8,fp32-fd-warnings,2,0.0,0.0,0,331776,347.89676666666674,527.3416333333333,,,,,1.4461517281461056e-05,1.7481248313142822e-07
go2,crba,bard,16,collection,float32,library dynamics,3,validated,,1885.9954333333333,1817.4087333333334,,,fp32-fd-warnings,2,0.0,0.0,0,5184,1883.9319333333335,1938.8675666666666,1813.2393333333332,1885.6148,68.58669999999984,,1.8005371060780817e-06,3.7607777158769715e-08
go2,crba,bard,32,collection,float32,library dynamics,3,validated,,1882.373233333333,1812.4025333333336,,,fp32-fd-warnings,2,0.0,0.0,0,10368,1879.3177666666666,1953.596833333333,1812.0153,1887.0664666666667,69.9706999999994,,1.8005371060780817e-06,3.7608587698784295e-08
go2,crba,bard,64,collection,float32,library dynamics,3,validated,,1895.0476999999998,1815.3437333333336,,,fp32-fd-warnings,2,0.0,0.0,0,20736,1893.347166666667,1990.3621666666666,1814.0485000000003,1904.1234666666667,79.70396666666625,,1.8005371060780817e-06,3.8427255734318084e-08
go2,crba,bard,128,collection,float32,library dynamics,3,validated,,1909.0146333333334,1826.7866,,,fp32-fd-warnings,2,0.0,0.0,0,41472,1903.5874666666668,1970.5915999999997,1817.5868,1888.1016333333332,82.22803333333354,,1.8005371060780817e-06,4.138516197952482e-08
go2,crba,bard,256,collection,float32,library dynamics,3,validated,,1937.5930666666666,1821.0929,,,fp32-fd-warnings,2,0.0,0.0,0,82944,1926.9437666666668,2022.6317000000001,1817.6954333333333,1879.3038666666662,116.50016666666647,,2.0141601595469183e-06,3.965677417832747e-08
go2,crba,bard,1024,collection,float32,library dynamics,3,validated,,2044.8199333333332,1822.2159666666664,,,fp32-fd-warnings,2,0.0,0.0,0,331776,2039.809,2106.4864000000002,1813.5385333333336,1874.340466666666,222.6039666666668,,2.0141601595469183e-06,3.7110687784242855e-08
go2,crba,frax,16,collection,unknown,unknown,3,model_mismatch,existing Frax adapter uses a six-coordinate floating base; shared quaternion fixture needs a validated conversion,,,,,fp32-fd-warnings,2,,,0,0,,,,,,,,
go2,crba,frax,32,collection,unknown,unknown,3,model_mismatch,existing Frax adapter uses a six-coordinate floating base; shared quaternion fixture needs a validated conversion,,,,,fp32-fd-warnings,2,,,0,0,,,,,,,,
go2,crba,frax,64,collection,unknown,unknown,3,model_mismatch,existing Frax adapter uses a six-coordinate floating base; shared quaternion fixture needs a validated conversion,,,,,fp32-fd-warnings,2,,,0,0,,,,,,,,
go2,crba,frax,128,collection,unknown,unknown,3,model_mismatch,existing Frax adapter uses a six-coordinate floating base; shared quaternion fixture needs a validated conversion,,,,,fp32-fd-warnings,2,,,0,0,,,,,,,,
go2,crba,frax,256,collection,unknown,unknown,3,model_mismatch,existing Frax adapter uses a six-coordinate floating base; shared quaternion fixture needs a validated conversion,,,,,fp32-fd-warnings,2,,,0,0,,,,,,,,
go2,crba,frax,1024,collection,unknown,unknown,3,model_mismatch,existing Frax adapter uses a six-coordinate floating base; shared quaternion fixture needs a validated conversion,,,,,fp32-fd-warnings,2,,,0,0,,,,,,,,
go2,crba,grim_cuda,16,collection,float32,analytical,3,validated,,19.723367309570314,13.608100891113281,,128,fp32-fd-warnings,2,0.0,0.0,0,5184,19.647898356119793,19.769801330566406,13.580501302083333,13.618667602539062,6.115266418457033,,1.8005371060780817e-06,2.469993503435823e-08
go2,crba,grim_cuda,32,collection,float32,analytical,3,validated,,20.32683359781901,13.59346669514974,,128,fp32-fd-warnings,2,0.0,0.0,0,10368,20.249833170572916,20.4788330078125,13.56949971516927,13.616000366210937,6.733366902669271,,1.8005371060780817e-06,2.7277214615459657e-08
go2,crba,grim_cuda,64,collection,float32,analytical,3,validated,,21.71186777750651,13.627567036946614,,128,fp32-fd-warnings,2,0.0,0.0,0,20736,21.55336710611979,22.51616516113281,13.200532531738281,13.902166748046875,8.084300740559895,,1.8005371060780817e-06,2.838273840228607e-08
go2,crba,grim_cuda,128,collection,float32,analytical,3,validated,,24.553232828776043,13.837498982747396,,128,fp32-fd-warnings,2,0.0,0.0,0,41472,24.528898620605467,27.600899759928385,13.8125,13.914665222167969,10.715733846028646,,1.8005371060780817e-06,2.8372906217722224e-08
go2,crba,grim_cuda,256,collection,float32,analytical,3,validated,,29.5568359375,14.069467671712239,,128,fp32-fd-warnings,2,0.0,0.0,0,82944,29.374164835611978,29.913067118326822,14.059235127766927,14.178067525227865,15.487368265787762,,1.8005371060780817e-06,2.6690062705600123e-08
go2,crba,grim_cuda,1024,collection,float32,analytical,3,validated,,102.76369984944661,23.298133850097656,,128,fp32-fd-warnings,2,0.0,0.0,0,331776,102.26149953206381,102.85676676432291,23.278032938639324,24.449266052246095,79.46556599934895,,1.8005371060780817e-06,2.5179857433984112e-08
go2,crba,grim_jax,16,collection,float32,analytical,3,validated,,120.10146666666668,46.31133333333334,,,fp32-fd-warnings,2,0.0,0.0,0,5184,115.9814,144.03916666666672,40.922599999999996,46.87590000000001,73.79013333333334,,1.8005371060780817e-06,2.469993503435823e-08
go2,crba,grim_jax,32,collection,float32,analytical,3,validated,,120.04443333333333,39.96346666666667,,,fp32-fd-warnings,2,0.0,0.0,0,10368,119.2968,294.87489999999997,39.2441,46.96726666666667,80.08096666666665,,1.8005371060780817e-06,2.7277214615459657e-08
go2,crba,grim_jax,64,collection,float32,analytical,3,validated,,131.9787,41.408633333333334,,,fp32-fd-warnings,2,0.0,0.0,0,20736,130.09923333333333,133.08513333333335,39.7606,50.69003333333333,90.57006666666666,,1.8005371060780817e-06,2.838273840228607e-08
go2,crba,grim_jax,128,collection,float32,analytical,3,validated,,157.7507,40.134233333333334,,,fp32-fd-warnings,2,0.0,0.0,0,41472,150.72846666666663,330.12926666666664,39.994566666666664,48.28343333333333,117.61646666666667,,1.8005371060780817e-06,2.8372906217722224e-08
go2,crba,grim_jax,256,collection,float32,analytical,3,validated,,158.67316666666662,39.5625,,,fp32-fd-warnings,2,0.0,0.0,0,82944,157.69776666666667,192.79349999999994,39.05943333333333,48.88146666666667,119.11066666666662,,1.8005371060780817e-06,2.6690062705600123e-08
go2,crba,grim_jax,1024,collection,float32,analytical,3,validated,,344.4744333333334,57.865199999999994,,,fp32-fd-warnings,2,0.0,0.0,0,331776,322.1144,543.2251333333335,48.80010000000001,58.741033333333334,286.6092333333334,,1.8005371060780817e-06,2.5179857433984112e-08
go2,crba,mjx,16,collection,float32,simulator CRB + dense mass matrix,3,validated,,365.47209999999995,119.80876666666668,,,fp32-fd-warnings,2,1.9073486328125e-06,1.1869487651093843e-07,0,5184,360.6621333333333,440.39353333333327,109.82396666666665,129.73459999999997,245.66333333333327,,4.171026496635477e-06,1.4235266443256755e-07
go2,crba,mjx,32,collection,float32,simulator CRB + dense mass matrix,3,validated,,361.5518333333334,116.81836666666665,,,fp32-fd-warnings,2,1.9073486328125e-06,1.1866116214601115e-07,0,10368,351.4492333333334,466.8987333333334,105.86886666666665,323.69169999999997,244.73346666666674,,5.389361447782903e-06,1.44291822425981e-07
go2,crba,mjx,64,collection,float32,simulator CRB + dense mass matrix,3,validated,,416.0375,105.59563333333334,,,fp32-fd-warnings,2,1.7881393432617188e-07,6.356598718515184e-09,0,20736,297.30280000000005,510.74753333333337,104.0996,268.6321,310.44186666666667,,5.389361447782903e-06,1.4013231895703673e-07
go2,crba,mjx,128,collection,float32,simulator CRB + dense mass matrix,3,validated,,348.79240000000004,117.14140000000002,,,fp32-fd-warnings,2,1.7881393432617188e-07,5.693024443891371e-09,0,41472,347.2099666666666,376.55073333333337,106.5305,185.81753333333333,231.651,,5.389361447782903e-06,1.4620910222196457e-07
go2,crba,mjx,256,collection,float32,simulator CRB + dense mass matrix,3,validated,,488.47170000000006,121.57149999999999,,,fp32-fd-warnings,2,1.7881393432617188e-07,5.746280248428196e-09,0,82944,372.33716666666675,589.0305666666666,110.5013,130.2347,366.90020000000004,,5.992183936598394e-06,1.4769795610572157e-07
go2,crba,mjx,1024,collection,float32,simulator CRB + dense mass matrix,3,validated,,806.3329666666666,160.18286666666665,,,fp32-fd-warnings,2,1.9073486328125e-06,5.580153909993666e-08,0,331776,604.5022,884.7110333333333,144.82223333333332,171.24023333333332,646.1501,,6.032886627593825e-06,1.4687560124079726e-07
go2,crba,mujoco_cpu,16,collection,float64,simulator CRB + dense mass matrix,3,validated,,57.44076666666667,,,,fp32-fd-warnings,2,0.0,0.0,0,5184,57.12556666666668,58.5623,,,,,3.06820176376732e-06,8.358618779865796e-08
go2,crba,mujoco_cpu,32,collection,float64,simulator CRB + dense mass matrix,3,validated,,115.37119999999999,,,,fp32-fd-warnings,2,0.0,0.0,0,10368,115.3572,115.58533333333334,,,,,3.3752012917886987e-06,8.515374645132739e-08
go2,crba,mujoco_cpu,64,collection,float64,simulator CRB + dense mass matrix,3,validated,,231.0738,,,,fp32-fd-warnings,2,0.0,0.0,0,20736,230.79423333333327,231.71860000000004,,,,,3.473595242553529e-06,8.050166408539694e-08
go2,crba,mujoco_cpu,128,collection,float64,simulator CRB + dense mass matrix,3,validated,,491.78463333333326,,,,fp32-fd-warnings,2,0.0,0.0,0,41472,489.8592666666667,496.8065666666666,,,,,4.252598202469926e-06,8.108963214109688e-08
go2,crba,mujoco_cpu,256,collection,float64,simulator CRB + dense mass matrix,3,validated,,1008.2662333333334,,,,fp32-fd-warnings,2,0.0,0.0,0,82944,1005.9125666666667,1011.8107333333335,,,,,4.722847613436443e-06,8.481793538716346e-08
go2,crba,mujoco_cpu,1024,collection,float64,simulator CRB + dense mass matrix,3,validated,,4874.693533333333,,,,fp32-fd-warnings,2,0.0,0.0,0,331776,4748.374633333332,4883.392833333333,,,,,4.722847613436443e-06,8.158253117317454e-08
go2,crba,mujoco_warp,16,collection,float32,simulator CRB + dense mass matrix,3,validated,,84.1669,48.66376666666666,195.9951,,fp32-fd-warnings,2,5.960464477539063e-08,1.7655862212355899e-09,0,5184,83.8776,84.17113333333332,48.64983333333334,48.6649,35.50313333333334,,4.171026496635477e-06,1.4280762637327753e-07
go2,crba,mujoco_warp,32,collection,float32,simulator CRB + dense mass matrix,3,validated,,89.62363333333334,53.253633333333326,197.35889999999998,,fp32-fd-warnings,2,8.195638656616211e-08,2.179486385224964e-09,0,10368,89.29490000000001,91.0662,53.22813333333333,53.30133333333334,36.37000000000002,,5.389361447782903e-06,1.4463537111475049e-07
go2,crba,mujoco_warp,64,collection,float32,simulator CRB + dense mass matrix,3,validated,,102.58103333333332,58.88053333333334,201.42733333333334,,fp32-fd-warnings,2,1.1920928955078125e-07,1.958676407623802e-09,0,20736,102.41233333333334,103.01463333333332,58.81916666666667,59.01099999999999,43.700499999999984,,5.389361447782903e-06,1.4042297533611257e-07
go2,crba,mujoco_warp,128,collection,float32,simulator CRB + dense mass matrix,3,validated,,113.0404,61.16763333333333,204.98250000000002,,fp32-fd-warnings,2,1.1920928955078125e-07,2.230990786638152e-09,0,41472,112.01090000000002,114.02130000000002,61.15443333333333,61.417799999999986,51.87276666666668,,5.389361447782903e-06,1.463275324176475e-07
go2,crba,mujoco_warp,256,collection,float32,simulator CRB + dense mass matrix,3,validated,,139.03466666666665,62.060433333333336,204.13516666666666,,fp32-fd-warnings,2,1.2665987014770508e-07,2.174302717356074e-09,0,82944,138.20223333333334,139.684,61.9847,62.0747,76.97423333333332,,5.992183936598394e-06,1.4784257005455182e-07
go2,crba,mujoco_warp,1024,collection,float32,simulator CRB + dense mass matrix,3,validated,,253.43553333333327,69.98263333333334,203.63549999999998,,fp32-fd-warnings,2,1.4901161193847656e-07,2.020983800886145e-09,0,331776,253.2158,254.47830000000008,69.94399999999999,70.15616666666666,183.45289999999994,,6.032886627593825e-06,1.4984829794678452e-07
go2,crba,pinocchio,16,collection,float32,codegen,3,validated,,12.8791,,,1/8,fp32-fd-warnings,2,0.0,0.0,0,5184,12.3531,13.032266666666667,,,,,3.921508792359418e-06,1.1722231460845694e-07
go2,crba,pinocchio,32,collection,float32,codegen,3,validated,,14.146899999999999,,,8,fp32-fd-warnings,2,0.0,0.0,0,10368,14.018933333333337,14.929866666666667,,,,,3.921508792359418e-06,1.1334896482916575e-07
go2,crba,pinocchio,64,collection,float32,codegen,3,validated,,17.35076666666667,,,8,fp32-fd-warnings,2,0.0,0.0,0,20736,16.99813333333333,17.369300000000003,,,,,3.921508792359418e-06,1.1443722842818307e-07
go2,crba,pinocchio,128,collection,float32,codegen,3,validated,,24.24463333333333,,,8,fp32-fd-warnings,2,0.0,0.0,0,41472,23.7989,24.267766666666667,,,,,3.921508792359418e-06,1.188551213232082e-07
go2,crba,pinocchio,256,collection,float32,codegen,3,validated,,39.544900000000005,,,8,fp32-fd-warnings,2,0.0,0.0,0,82944,37.60173333333332,44.01563333333333,,,,,5.828857425171918e-06,1.213801879290426e-07
go2,crba,pinocchio,1024,collection,float32,codegen,3,validated,,118.17263333333334,,,8,fp32-fd-warnings,2,0.0,0.0,0,331776,101.29836666666667,118.60459999999999,,,,,5.828857425171918e-06,1.2099600192415266e-07
go2,crba,pinocchio_plain,16,collection,float32,standard Pinocchio API (no codegen),3,validated,,13.4916,,,8,fp32-fd-warnings,2,0.0,0.0,0,5184,13.315866666666667,13.520866666666667,,,,,1.3329556708407964e-07,9.91530938761564e-09
go2,crba,pinocchio_plain,32,collection,float32,standard Pinocchio API (no codegen),3,validated,,16.435733333333335,,,8,fp32-fd-warnings,2,0.0,0.0,0,10368,16.4208,16.482,,,,,1.3401023635228881e-07,9.651633303111536e-09
go2,crba,pinocchio_plain,64,collection,float32,standard Pinocchio API (no codegen),3,validated,,22.688666666666666,,,4/8,fp32-fd-warnings,2,0.0,0.0,0,20736,22.433066666666665,36.193333333333335,,,,,1.3401023635228881e-07,9.382328056554054e-09
go2,crba,pinocchio_plain,128,collection,float32,standard Pinocchio API (no codegen),3,validated,,34.6562,,,8,fp32-fd-warnings,2,0.0,0.0,0,41472,34.4804,34.7406,,,,,1.4188400934700418e-07,9.37673189269057e-09
go2,crba,pinocchio_plain,256,collection,float32,standard Pinocchio API (no codegen),3,validated,,62.52513333333333,,,8,fp32-fd-warnings,2,0.0,0.0,0,82944,61.71013333333334,63.42886666666666,,,,,1.7601333675287822e-07,9.357979364539459e-09
go2,crba,pinocchio_plain,1024,collection,float32,standard Pinocchio API (no codegen),3,validated,,210.44269999999995,,,8,fp32-fd-warnings,2,0.0,0.0,0,331776,208.68266666666665,412.0246,,,,,1.868688984107969e-07,9.509729337976253e-09
go2,end_effector_pose,bard,16,collection,unknown,unknown,3,adapter_pending,selected operation not wired; not a library capability claim,,,,,fp32-fd-warnings,2,,,0,0,,,,,,,,
go2,end_effector_pose,bard,32,collection,unknown,unknown,3,adapter_pending,selected operation not wired; not a library capability claim,,,,,fp32-fd-warnings,2,,,0,0,,,,,,,,
go2,end_effector_pose,bard,64,collection,unknown,unknown,3,adapter_pending,selected operation not wired; not a library capability claim,,,,,fp32-fd-warnings,2,,,0,0,,,,,,,,
go2,end_effector_pose,bard,128,collection,unknown,unknown,3,adapter_pending,selected operation not wired; not a library capability claim,,,,,fp32-fd-warnings,2,,,0,0,,,,,,,,
go2,end_effector_pose,bard,256,collection,unknown,unknown,3,adapter_pending,selected operation not wired; not a library capability claim,,,,,fp32-fd-warnings,2,,,0,0,,,,,,,,
go2,end_effector_pose,bard,1024,collection,unknown,unknown,3,adapter_pending,selected operation not wired; not a library capability claim,,,,,fp32-fd-warnings,2,,,0,0,,,,,,,,
go2,end_effector_pose,frax,16,collection,unknown,unknown,3,model_mismatch,existing Frax adapter uses a six-coordinate floating base; shared quaternion fixture needs a validated conversion,,,,,fp32-fd-warnings,2,,,0,0,,,,,,,,
go2,end_effector_pose,frax,32,collection,unknown,unknown,3,model_mismatch,existing Frax adapter uses a six-coordinate floating base; shared quaternion fixture needs a validated conversion,,,,,fp32-fd-warnings,2,,,0,0,,,,,,,,
go2,end_effector_pose,frax,64,collection,unknown,unknown,3,model_mismatch,existing Frax adapter uses a six-coordinate floating base; shared quaternion fixture needs a validated conversion,,,,,fp32-fd-warnings,2,,,0,0,,,,,,,,
go2,end_effector_pose,frax,128,collection,unknown,unknown,3,model_mismatch,existing Frax adapter uses a six-coordinate floating base; shared quaternion fixture needs a validated conversion,,,,,fp32-fd-warnings,2,,,0,0,,,,,,,,
go2,end_effector_pose,frax,256,collection,unknown,unknown,3,model_mismatch,existing Frax adapter uses a six-coordinate floating base; shared quaternion fixture needs a validated conversion,,,,,fp32-fd-warnings,2,,,0,0,,,,,,,,
go2,end_effector_pose,frax,1024,collection,unknown,unknown,3,model_mismatch,existing Frax adapter uses a six-coordinate floating base; shared quaternion fixture needs a validated conversion,,,,,fp32-fd-warnings,2,,,0,0,,,,,,,,
go2,end_effector_pose,grim_cuda,16,collection,float32,analytical,3,validated,,37.050665791829424,27.76566874186198,,256,fp32-fd-warnings,2,0.0,0.0,0,96,37.01883494059245,37.096231587727864,27.764832051595054,27.82829895019531,9.284997049967444,,1.3784547459039231e-07,4.331556690129974e-08
go2,end_effector_pose,grim_cuda,32,collection,float32,analytical,3,validated,,37.18710021972656,27.586767578125,,256,fp32-fd-warnings,2,0.0,0.0,0,192,37.185734049479166,37.213233947753906,27.585865783691407,27.679000854492188,9.600332641601561,,1.3854228964049753e-07,4.3180449947904137e-08
go2,end_effector_pose,grim_cuda,64,collection,float32,analytical,3,validated,,37.809733072916664,27.738467915852866,,256,fp32-fd-warnings,2,0.0,0.0,0,384,37.750833129882814,37.83149922688802,27.67156473795573,27.774732462565105,10.071265157063799,,1.5089339999718732e-07,3.739898126745598e-08
go2,end_effector_pose,grim_cuda,128,collection,float32,analytical,3,validated,,38.331032307942706,27.84276580810547,,256,fp32-fd-warnings,2,0.0,0.0,0,768,38.322933451334634,38.36846669514974,27.791300964355468,27.85706481933594,10.488266499837238,,3.377860318121151e-07,4.0923752606478724e-08
go2,end_effector_pose,grim_cuda,256,collection,float32,analytical,3,validated,,39.432700602213544,28.178966776529947,,256,fp32-fd-warnings,2,0.0,0.0,0,1536,39.41363271077474,39.54386596679687,28.17380116780599,28.187535603841145,11.253733825683597,,3.377860318121151e-07,3.897765188807303e-08
go2,end_effector_pose,grim_cuda,1024,collection,float32,analytical,3,validated,,85.18836619059245,68.57740173339843,,256,fp32-fd-warnings,2,0.0,0.0,0,6144,85.12506561279297,85.26273244222006,68.55660146077474,68.61736551920573,16.610964457194015,,1.150394783877573e-06,4.3440660081863963e-08
go2,end_effector_pose,grim_jax,16,collection,float32,analytical,3,validated,,133.5523,61.64083333333335,,,fp32-fd-warnings,2,0.0,0.0,0,96,125.6425,138.62453333333332,61.46403333333334,63.18230000000001,71.91146666666666,,1.3784547459039231e-07,4.331556690129974e-08
go2,end_effector_pose,grim_jax,32,collection,float32,analytical,3,validated,,136.93009999999998,53.55926666666667,,,fp32-fd-warnings,2,0.0,0.0,0,192,131.04370000000003,140.62706666666665,53.39300000000001,61.285300000000014,83.37083333333331,,1.3854228964049753e-07,4.3180449947904137e-08
go2,end_effector_pose,grim_jax,64,collection,float32,analytical,3,validated,,132.01056666666665,56.464733333333335,,,fp32-fd-warnings,2,0.0,0.0,0,384,131.19230000000002,134.68383333333333,55.153300000000016,63.11046666666667,75.54583333333332,,1.5089339999718732e-07,3.739898126745598e-08
go2,end_effector_pose,grim_jax,128,collection,float32,analytical,3,validated,,155.71236666666667,53.975033333333336,,,fp32-fd-warnings,2,0.0,0.0,0,768,129.4894,221.4433,53.739866666666664,62.6295,101.73733333333334,,3.377860318121151e-07,4.0923752606478724e-08
go2,end_effector_pose,grim_jax,256,collection,float32,analytical,3,validated,,134.0289,54.0764,,,fp32-fd-warnings,2,0.0,0.0,0,1536,132.83419999999998,257.49966666666666,54.07626666666666,62.23683333333333,79.95249999999999,,3.377860318121151e-07,3.897765188807303e-08
go2,end_effector_pose,grim_jax,1024,collection,float32,analytical,3,validated,,197.0743666666667,94.59796666666668,,,fp32-fd-warnings,2,0.0,0.0,0,6144,176.68893333333332,279.2433333333333,94.45740000000002,250.62883333333332,,negative total-minus-resident in at least one repeat; decomposition unavailable,1.150394783877573e-06,4.3440660081863963e-08
go2,end_effector_pose,mjx,16,collection,float32,simulator,3,validated,,260.75893333333335,60.895266666666664,,,fp32-fd-warnings,2,0.0,0.0,0,96,236.36903333333333,416.1265333333333,60.35030000000001,61.471733333333326,199.8636666666667,,3.202996095019728e-07,7.666219488045489e-08
go2,end_effector_pose,mjx,32,collection,float32,simulator,3,validated,,253.09529999999998,57.172,,,fp32-fd-warnings,2,0.0,0.0,0,192,217.83976666666663,301.0181,56.5361,57.40523333333333,195.92329999999998,,3.202996095019728e-07,7.624490302894747e-08
go2,end_effector_pose,mjx,64,collection,float32,simulator,3,validated,,244.44410000000005,55.130199999999995,,,fp32-fd-warnings,2,0.0,0.0,0,384,238.83353333333335,270.78363333333334,54.89480000000001,56.5439,189.31390000000005,,3.202996095019728e-07,7.022139713936297e-08
go2,end_effector_pose,mjx,128,collection,float32,simulator,3,validated,,340.5435333333333,52.890233333333335,,,fp32-fd-warnings,2,0.0,0.0,0,768,275.58573333333334,431.1119666666666,51.32930000000001,222.4392666666667,287.65329999999994,,4.5699532136289633e-07,7.428414052990419e-08
go2,end_effector_pose,mjx,256,collection,float32,simulator,3,validated,,242.65486666666666,71.52426666666666,,,fp32-fd-warnings,2,0.0,0.0,0,1536,233.9898,356.2679666666666,53.91273333333332,265.7956,,negative total-minus-resident in at least one repeat; decomposition unavailable,5.842044670245627e-07,7.446229986940421e-08
go2,end_effector_pose,mjx,1024,collection,float32,simulator,3,validated,,373.2335666666668,59.394533333333335,,,fp32-fd-warnings,2,0.0,0.0,0,6144,251.70910000000003,571.0114666666666,58.98403333333332,68.54443333333333,313.8390333333334,,9.907943896436677e-07,8.025194030942516e-08
go2,end_effector_pose,mujoco_cpu,16,collection,float64,simulator,3,validated,,94.10433333333334,,,,fp32-fd-warnings,2,0.0,0.0,0,96,93.28020000000002,99.71580000000002,,,,,4.440892098500626e-16,1.534538739768954e-16
go2,end_effector_pose,mujoco_cpu,32,collection,float64,simulator,3,validated,,186.08199999999994,,,,fp32-fd-warnings,2,0.0,0.0,0,192,185.7813666666666,187.60796666666667,,,,,8.881784197001252e-16,1.774541333791015e-16
go2,end_effector_pose,mujoco_cpu,64,collection,float64,simulator,3,validated,,369.65786666666673,,,,fp32-fd-warnings,2,0.0,0.0,0,384,367.89539999999994,370.2522,,,,,8.881784197001252e-16,1.6280635339476496e-16
go2,end_effector_pose,mujoco_cpu,128,collection,float64,simulator,3,validated,,744.2965333333335,,,,fp32-fd-warnings,2,0.0,0.0,0,768,743.0265000000002,747.4682666666669,,,,,3.1086244689504383e-15,2.0303190049062607e-16
go2,end_effector_pose,mujoco_cpu,256,collection,float64,simulator,3,validated,,1541.0444666666667,,,,fp32-fd-warnings,2,0.0,0.0,0,1536,1535.2244,1545.2940333333333,,,,,3.1086244689504383e-15,1.7507832147111622e-16
go2,end_effector_pose,mujoco_cpu,1024,collection,float64,simulator,3,validated,,6429.699499999999,,,,fp32-fd-warnings,2,0.0,0.0,0,6144,6232.894433333333,6446.455633333333,,,,,5.995204332975845e-15,1.857302836668983e-16
go2,end_effector_pose,mujoco_warp,16,collection,float32,simulator,3,validated,,55.202099999999994,19.530566666666665,47.82483333333332,,fp32-fd-warnings,2,0.0,0.0,0,96,54.7801,55.4652,19.496166666666667,19.5539,35.67153333333333,,1.666155178270401e-07,6.139008103810967e-08
go2,end_effector_pose,mujoco_warp,32,collection,float32,simulator,3,validated,,55.90666666666666,20.180466666666668,47.463166666666666,,fp32-fd-warnings,2,0.0,0.0,0,192,55.61653333333333,56.00736666666666,20.1333,20.183533333333333,35.72619999999999,,2.1037770958631796e-07,6.291826545957909e-08
go2,end_effector_pose,mujoco_warp,64,collection,float32,simulator,3,validated,,56.52426666666666,20.645266666666668,47.73026666666667,,fp32-fd-warnings,2,0.0,0.0,0,384,56.31086666666667,57.35563333333334,20.5016,20.714299999999998,35.87899999999999,,3.3838079893655504e-07,6.461105767782536e-08
go2,end_effector_pose,mujoco_warp,128,collection,float32,simulator,3,validated,,56.599999999999994,20.807400000000005,48.721199999999996,,fp32-fd-warnings,2,0.0,0.0,0,768,56.496,58.814366666666665,20.804133333333333,20.821133333333332,35.79259999999999,,1.3423433240511429e-06,9.073795252648701e-08
go2,end_effector_pose,mujoco_warp,256,collection,float32,simulator,3,validated,,59.05753333333334,21.192266666666672,48.78326666666666,,fp32-fd-warnings,2,0.0,0.0,0,1536,57.96146666666667,59.15703333333333,21.086499999999994,21.1931,37.86526666666667,,1.3423433240511429e-06,7.785950151445609e-08
go2,end_effector_pose,mujoco_warp,1024,collection,float32,simulator,3,validated,,64.74426666666666,25.321333333333328,49.339466666666674,,fp32-fd-warnings,2,0.0,0.0,0,6144,64.47006666666667,65.21106666666668,25.272666666666662,25.355200000000004,39.42293333333333,,1.3423433240511429e-06,7.659522732754552e-08
go2,end_effector_pose,pinocchio,16,collection,float64,analytical direct/composed,3,validated,,12.481333333333334,,,8,fp32-fd-warnings,2,0.0,0.0,0,96,12.32403333333333,12.548833333333333,,,,,0.0,0.0
go2,end_effector_pose,pinocchio,32,collection,float64,analytical direct/composed,3,validated,,14.873899999999999,,,8,fp32-fd-warnings,2,0.0,0.0,0,192,14.720233333333335,15.225666666666667,,,,,0.0,0.0
go2,end_effector_pose,pinocchio,64,collection,float64,analytical direct/composed,3,validated,,19.8596,,,8,fp32-fd-warnings,2,0.0,0.0,0,384,19.750633333333333,20.670866666666665,,,,,0.0,0.0
go2,end_effector_pose,pinocchio,128,collection,float64,analytical direct/composed,3,validated,,29.592433333333336,,,8,fp32-fd-warnings,2,0.0,0.0,0,768,29.54713333333333,31.226100000000006,,,,,0.0,0.0
go2,end_effector_pose,pinocchio,256,collection,float64,analytical direct/composed,3,validated,,47.99316666666666,,,8,fp32-fd-warnings,2,0.0,0.0,0,1536,38.3406,48.10413333333333,,,,,0.0,0.0
go2,end_effector_pose,pinocchio,1024,collection,float64,analytical direct/composed,3,validated,,162.77669999999995,,,8,fp32-fd-warnings,2,0.0,0.0,0,6144,129.064,296.9440666666667,,,,,0.0,0.0
go2,end_effector_pose,pinocchio_plain,16,collection,float64,analytical direct/composed,3,validated,,12.628933333333332,,,8,fp32-fd-warnings,2,0.0,0.0,0,96,12.3894,13.242233333333333,,,,,0.0,0.0
go2,end_effector_pose,pinocchio_plain,32,collection,float64,analytical direct/composed,3,validated,,15.147866666666665,,,8,fp32-fd-warnings,2,0.0,0.0,0,192,15.008233333333331,16.563,,,,,0.0,0.0
go2,end_effector_pose,pinocchio_plain,64,collection,float64,analytical direct/composed,3,validated,,20.888766666666672,,,8,fp32-fd-warnings,2,0.0,0.0,0,384,19.620366666666662,23.261833333333335,,,,,0.0,0.0
go2,end_effector_pose,pinocchio_plain,128,collection,float64,analytical direct/composed,3,validated,,29.907666666666668,,,8,fp32-fd-warnings,2,0.0,0.0,0,768,29.66256666666667,36.335766666666665,,,,,0.0,0.0
go2,end_effector_pose,pinocchio_plain,256,collection,float64,analytical direct/composed,3,validated,,49.11336666666667,,,8,fp32-fd-warnings,2,0.0,0.0,0,1536,40.56726666666666,49.93236666666666,,,,,0.0,0.0
go2,end_effector_pose,pinocchio_plain,1024,collection,float64,analytical direct/composed,3,validated,,322.4993,,,8,fp32-fd-warnings,2,0.0,0.0,0,6144,132.47243333333333,336.65983333333327,,,,,0.0,0.0
go2,end_effector_pose_gradient,bard,16,collection,unknown,unknown,3,adapter_pending,selected operation not wired; not a library capability claim,,,,,fp32-fd-warnings,2,,,0,0,,,,,,,,
go2,end_effector_pose_gradient,bard,32,collection,unknown,unknown,3,adapter_pending,selected operation not wired; not a library capability claim,,,,,fp32-fd-warnings,2,,,0,0,,,,,,,,
go2,end_effector_pose_gradient,bard,64,collection,unknown,unknown,3,adapter_pending,selected operation not wired; not a library capability claim,,,,,fp32-fd-warnings,2,,,0,0,,,,,,,,
go2,end_effector_pose_gradient,bard,128,collection,unknown,unknown,3,adapter_pending,selected operation not wired; not a library capability claim,,,,,fp32-fd-warnings,2,,,0,0,,,,,,,,
go2,end_effector_pose_gradient,bard,256,collection,unknown,unknown,3,adapter_pending,selected operation not wired; not a library capability claim,,,,,fp32-fd-warnings,2,,,0,0,,,,,,,,
go2,end_effector_pose_gradient,bard,1024,collection,unknown,unknown,3,adapter_pending,selected operation not wired; not a library capability claim,,,,,fp32-fd-warnings,2,,,0,0,,,,,,,,
go2,end_effector_pose_gradient,frax,16,collection,unknown,unknown,3,model_mismatch,existing Frax adapter uses a six-coordinate floating base; shared quaternion fixture needs a validated conversion,,,,,fp32-fd-warnings,2,,,0,0,,,,,,,,
go2,end_effector_pose_gradient,frax,32,collection,unknown,unknown,3,model_mismatch,existing Frax adapter uses a six-coordinate floating base; shared quaternion fixture needs a validated conversion,,,,,fp32-fd-warnings,2,,,0,0,,,,,,,,
go2,end_effector_pose_gradient,frax,64,collection,unknown,unknown,3,model_mismatch,existing Frax adapter uses a six-coordinate floating base; shared quaternion fixture needs a validated conversion,,,,,fp32-fd-warnings,2,,,0,0,,,,,,,,
go2,end_effector_pose_gradient,frax,128,collection,unknown,unknown,3,model_mismatch,existing Frax adapter uses a six-coordinate floating base; shared quaternion fixture needs a validated conversion,,,,,fp32-fd-warnings,2,,,0,0,,,,,,,,
go2,end_effector_pose_gradient,frax,256,collection,unknown,unknown,3,model_mismatch,existing Frax adapter uses a six-coordinate floating base; shared quaternion fixture needs a validated conversion,,,,,fp32-fd-warnings,2,,,0,0,,,,,,,,
go2,end_effector_pose_gradient,frax,1024,collection,unknown,unknown,3,model_mismatch,existing Frax adapter uses a six-coordinate floating base; shared quaternion fixture needs a validated conversion,,,,,fp32-fd-warnings,2,,,0,0,,,,,,,,
go2,end_effector_pose_gradient,grim_cuda,16,collection,unknown,unknown,3,adapter_pending,CUDA host-call timing bridge covers every operation but the end-effector derivatives,,,,,fp32-fd-warnings,2,,,0,0,,,,,,,,
go2,end_effector_pose_gradient,grim_cuda,32,collection,unknown,unknown,3,adapter_pending,CUDA host-call timing bridge covers every operation but the end-effector derivatives,,,,,fp32-fd-warnings,2,,,0,0,,,,,,,,
go2,end_effector_pose_gradient,grim_cuda,64,collection,unknown,unknown,3,adapter_pending,CUDA host-call timing bridge covers every operation but the end-effector derivatives,,,,,fp32-fd-warnings,2,,,0,0,,,,,,,,
go2,end_effector_pose_gradient,grim_cuda,128,collection,unknown,unknown,3,adapter_pending,CUDA host-call timing bridge covers every operation but the end-effector derivatives,,,,,fp32-fd-warnings,2,,,0,0,,,,,,,,
go2,end_effector_pose_gradient,grim_cuda,256,collection,unknown,unknown,3,adapter_pending,CUDA host-call timing bridge covers every operation but the end-effector derivatives,,,,,fp32-fd-warnings,2,,,0,0,,,,,,,,
go2,end_effector_pose_gradient,grim_cuda,1024,collection,unknown,unknown,3,adapter_pending,CUDA host-call timing bridge covers every operation but the end-effector derivatives,,,,,fp32-fd-warnings,2,,,0,0,,,,,,,,
go2,end_effector_pose_gradient,grim_jax,16,collection,float32,analytical,3,validated,,144.52343333333334,66.33436666666667,,,fp32-fd-warnings,2,0.0,0.0,0,1728,131.19089999999997,190.47923333333333,57.508599999999994,66.55036666666666,78.18906666666668,,2.6937706110174986e-06,2.2787549814458694e-07
go2,end_effector_pose_gradient,grim_jax,32,collection,float32,analytical,3,validated,,136.17623333333333,56.0996,,,fp32-fd-warnings,2,0.0,0.0,0,3456,134.31913333333333,166.5875,55.12263333333335,64.60356666666667,80.07663333333332,,2.6937706110174986e-06,1.9247704861437637e-07
go2,end_effector_pose_gradient,grim_jax,64,collection,float32,analytical,3,validated,,139.24496666666667,59.614566666666654,,,fp32-fd-warnings,2,0.0,0.0,0,6912,139.23106666666666,146.92509999999996,55.54493333333333,65.36713333333334,79.63040000000001,,2.6937706110174986e-06,1.7827695349014397e-07
go2,end_effector_pose_gradient,grim_jax,128,collection,float32,analytical,3,validated,,151.51353333333333,63.87219999999999,,,fp32-fd-warnings,2,0.0,0.0,0,13824,137.15709999999999,181.4640333333333,56.77676666666668,64.49496666666666,87.64133333333334,,4.342624521314065e-06,1.9069476590630654e-07
go2,end_effector_pose_gradient,grim_jax,256,collection,float32,analytical,3,validated,,267.8174333333333,65.74783333333333,,,fp32-fd-warnings,2,0.0,0.0,0,27648,181.34550000000002,447.2968000000001,65.24,66.90913333333333,202.06959999999998,,4.342624521314065e-06,1.8057546315119398e-07
go2,end_effector_pose_gradient,grim_jax,1024,collection,float32,analytical,3,validated,,236.8831333333333,80.23280000000001,,,fp32-fd-warnings,2,0.0,0.0,0,110592,229.39333333333335,329.0592666666667,79.06823333333332,80.30113333333335,156.65033333333326,,2.4366100902284415e-05,4.721352963279142e-07
go2,end_effector_pose_gradient,mjx,16,collection,unknown,unknown,3,adapter_pending,selected operation not wired,,,,,fp32-fd-warnings,2,,,0,0,,,,,,,,
go2,end_effector_pose_gradient,mjx,32,collection,unknown,unknown,3,adapter_pending,selected operation not wired,,,,,fp32-fd-warnings,2,,,0,0,,,,,,,,
go2,end_effector_pose_gradient,mjx,64,collection,unknown,unknown,3,adapter_pending,selected operation not wired,,,,,fp32-fd-warnings,2,,,0,0,,,,,,,,
go2,end_effector_pose_gradient,mjx,128,collection,unknown,unknown,3,adapter_pending,selected operation not wired,,,,,fp32-fd-warnings,2,,,0,0,,,,,,,,
go2,end_effector_pose_gradient,mjx,256,collection,unknown,unknown,3,adapter_pending,selected operation not wired,,,,,fp32-fd-warnings,2,,,0,0,,,,,,,,
go2,end_effector_pose_gradient,mjx,1024,collection,unknown,unknown,3,adapter_pending,selected operation not wired,,,,,fp32-fd-warnings,2,,,0,0,,,,,,,,
go2,end_effector_pose_gradient,mujoco_cpu,16,collection,unknown,unknown,3,adapter_pending,no matched full tangent-space derivative adapter,,,,,fp32-fd-warnings,2,,,0,0,,,,,,,,
go2,end_effector_pose_gradient,mujoco_cpu,32,collection,unknown,unknown,3,adapter_pending,no matched full tangent-space derivative adapter,,,,,fp32-fd-warnings,2,,,0,0,,,,,,,,
go2,end_effector_pose_gradient,mujoco_cpu,64,collection,unknown,unknown,3,adapter_pending,no matched full tangent-space derivative adapter,,,,,fp32-fd-warnings,2,,,0,0,,,,,,,,
go2,end_effector_pose_gradient,mujoco_cpu,128,collection,unknown,unknown,3,adapter_pending,no matched full tangent-space derivative adapter,,,,,fp32-fd-warnings,2,,,0,0,,,,,,,,
go2,end_effector_pose_gradient,mujoco_cpu,256,collection,unknown,unknown,3,adapter_pending,no matched full tangent-space derivative adapter,,,,,fp32-fd-warnings,2,,,0,0,,,,,,,,
go2,end_effector_pose_gradient,mujoco_cpu,1024,collection,unknown,unknown,3,adapter_pending,no matched full tangent-space derivative adapter,,,,,fp32-fd-warnings,2,,,0,0,,,,,,,,
go2,end_effector_pose_gradient,mujoco_warp,16,collection,unknown,unknown,3,adapter_pending,no matched full tangent-space derivative adapter,,,,,fp32-fd-warnings,2,,,0,0,,,,,,,,
go2,end_effector_pose_gradient,mujoco_warp,32,collection,unknown,unknown,3,adapter_pending,no matched full tangent-space derivative adapter,,,,,fp32-fd-warnings,2,,,0,0,,,,,,,,
go2,end_effector_pose_gradient,mujoco_warp,64,collection,unknown,unknown,3,adapter_pending,no matched full tangent-space derivative adapter,,,,,fp32-fd-warnings,2,,,0,0,,,,,,,,
go2,end_effector_pose_gradient,mujoco_warp,128,collection,unknown,unknown,3,adapter_pending,no matched full tangent-space derivative adapter,,,,,fp32-fd-warnings,2,,,0,0,,,,,,,,
go2,end_effector_pose_gradient,mujoco_warp,256,collection,unknown,unknown,3,adapter_pending,no matched full tangent-space derivative adapter,,,,,fp32-fd-warnings,2,,,0,0,,,,,,,,
go2,end_effector_pose_gradient,mujoco_warp,1024,collection,unknown,unknown,3,adapter_pending,no matched full tangent-space derivative adapter,,,,,fp32-fd-warnings,2,,,0,0,,,,,,,,
go2,end_effector_pose_gradient,pinocchio,16,collection,unknown,unknown,3,adapter_pending,Pinocchio spatial kinematic derivatives are not the requested RPY pose-coordinate derivatives,,,,,fp32-fd-warnings,2,,,0,0,,,,,,,,
go2,end_effector_pose_gradient,pinocchio,32,collection,unknown,unknown,3,adapter_pending,Pinocchio spatial kinematic derivatives are not the requested RPY pose-coordinate derivatives,,,,,fp32-fd-warnings,2,,,0,0,,,,,,,,
go2,end_effector_pose_gradient,pinocchio,64,collection,unknown,unknown,3,adapter_pending,Pinocchio spatial kinematic derivatives are not the requested RPY pose-coordinate derivatives,,,,,fp32-fd-warnings,2,,,0,0,,,,,,,,
go2,end_effector_pose_gradient,pinocchio,128,collection,unknown,unknown,3,adapter_pending,Pinocchio spatial kinematic derivatives are not the requested RPY pose-coordinate derivatives,,,,,fp32-fd-warnings,2,,,0,0,,,,,,,,
go2,end_effector_pose_gradient,pinocchio,256,collection,unknown,unknown,3,adapter_pending,Pinocchio spatial kinematic derivatives are not the requested RPY pose-coordinate derivatives,,,,,fp32-fd-warnings,2,,,0,0,,,,,,,,
go2,end_effector_pose_gradient,pinocchio,1024,collection,unknown,unknown,3,adapter_pending,Pinocchio spatial kinematic derivatives are not the requested RPY pose-coordinate derivatives,,,,,fp32-fd-warnings,2,,,0,0,,,,,,,,
go2,end_effector_pose_gradient,pinocchio_plain,16,collection,unknown,unknown,3,adapter_pending,Pinocchio spatial kinematic derivatives are not the requested RPY pose-coordinate derivatives,,,,,fp32-fd-warnings,2,,,0,0,,,,,,,,
go2,end_effector_pose_gradient,pinocchio_plain,32,collection,unknown,unknown,3,adapter_pending,Pinocchio spatial kinematic derivatives are not the requested RPY pose-coordinate derivatives,,,,,fp32-fd-warnings,2,,,0,0,,,,,,,,
go2,end_effector_pose_gradient,pinocchio_plain,64,collection,unknown,unknown,3,adapter_pending,Pinocchio spatial kinematic derivatives are not the requested RPY pose-coordinate derivatives,,,,,fp32-fd-warnings,2,,,0,0,,,,,,,,
go2,end_effector_pose_gradient,pinocchio_plain,128,collection,unknown,unknown,3,adapter_pending,Pinocchio spatial kinematic derivatives are not the requested RPY pose-coordinate derivatives,,,,,fp32-fd-warnings,2,,,0,0,,,,,,,,
go2,end_effector_pose_gradient,pinocchio_plain,256,collection,unknown,unknown,3,adapter_pending,Pinocchio spatial kinematic derivatives are not the requested RPY pose-coordinate derivatives,,,,,fp32-fd-warnings,2,,,0,0,,,,,,,,
go2,end_effector_pose_gradient,pinocchio_plain,1024,collection,unknown,unknown,3,adapter_pending,Pinocchio spatial kinematic derivatives are not the requested RPY pose-coordinate derivatives,,,,,fp32-fd-warnings,2,,,0,0,,,,,,,,
go2,end_effector_pose_hessian,bard,16,collection,unknown,unknown,3,excluded_method,analytical Hessian study; no finite-difference or nested-autodiff Hessian sweep,,,,,fp32-fd-warnings,2,,,0,0,,,,,,,,
go2,end_effector_pose_hessian,bard,32,collection,unknown,unknown,3,excluded_method,analytical Hessian study; no finite-difference or nested-autodiff Hessian sweep,,,,,fp32-fd-warnings,2,,,0,0,,,,,,,,
go2,end_effector_pose_hessian,bard,64,collection,unknown,unknown,3,excluded_method,analytical Hessian study; no finite-difference or nested-autodiff Hessian sweep,,,,,fp32-fd-warnings,2,,,0,0,,,,,,,,
go2,end_effector_pose_hessian,bard,128,collection,unknown,unknown,3,excluded_method,analytical Hessian study; no finite-difference or nested-autodiff Hessian sweep,,,,,fp32-fd-warnings,2,,,0,0,,,,,,,,
go2,end_effector_pose_hessian,bard,256,collection,unknown,unknown,3,excluded_method,analytical Hessian study; no finite-difference or nested-autodiff Hessian sweep,,,,,fp32-fd-warnings,2,,,0,0,,,,,,,,
go2,end_effector_pose_hessian,bard,1024,collection,unknown,unknown,3,excluded_method,analytical Hessian study; no finite-difference or nested-autodiff Hessian sweep,,,,,fp32-fd-warnings,2,,,0,0,,,,,,,,
go2,end_effector_pose_hessian,frax,16,collection,unknown,unknown,3,excluded_method,analytical Hessian study; no finite-difference or nested-autodiff Hessian sweep,,,,,fp32-fd-warnings,2,,,0,0,,,,,,,,
go2,end_effector_pose_hessian,frax,32,collection,unknown,unknown,3,excluded_method,analytical Hessian study; no finite-difference or nested-autodiff Hessian sweep,,,,,fp32-fd-warnings,2,,,0,0,,,,,,,,
go2,end_effector_pose_hessian,frax,64,collection,unknown,unknown,3,excluded_method,analytical Hessian study; no finite-difference or nested-autodiff Hessian sweep,,,,,fp32-fd-warnings,2,,,0,0,,,,,,,,
go2,end_effector_pose_hessian,frax,128,collection,unknown,unknown,3,excluded_method,analytical Hessian study; no finite-difference or nested-autodiff Hessian sweep,,,,,fp32-fd-warnings,2,,,0,0,,,,,,,,
go2,end_effector_pose_hessian,frax,256,collection,unknown,unknown,3,excluded_method,analytical Hessian study; no finite-difference or nested-autodiff Hessian sweep,,,,,fp32-fd-warnings,2,,,0,0,,,,,,,,
go2,end_effector_pose_hessian,frax,1024,collection,unknown,unknown,3,excluded_method,analytical Hessian study; no finite-difference or nested-autodiff Hessian sweep,,,,,fp32-fd-warnings,2,,,0,0,,,,,,,,
go2,end_effector_pose_hessian,grim_cuda,16,collection,unknown,unknown,3,adapter_pending,CUDA host-call timing bridge covers every operation but the end-effector derivatives,,,,,fp32-fd-warnings,2,,,0,0,,,,,,,,
go2,end_effector_pose_hessian,grim_cuda,32,collection,unknown,unknown,3,adapter_pending,CUDA host-call timing bridge covers every operation but the end-effector derivatives,,,,,fp32-fd-warnings,2,,,0,0,,,,,,,,
go2,end_effector_pose_hessian,grim_cuda,64,collection,unknown,unknown,3,adapter_pending,CUDA host-call timing bridge covers every operation but the end-effector derivatives,,,,,fp32-fd-warnings,2,,,0,0,,,,,,,,
go2,end_effector_pose_hessian,grim_cuda,128,collection,unknown,unknown,3,adapter_pending,CUDA host-call timing bridge covers every operation but the end-effector derivatives,,,,,fp32-fd-warnings,2,,,0,0,,,,,,,,
go2,end_effector_pose_hessian,grim_cuda,256,collection,unknown,unknown,3,adapter_pending,CUDA host-call timing bridge covers every operation but the end-effector derivatives,,,,,fp32-fd-warnings,2,,,0,0,,,,,,,,
go2,end_effector_pose_hessian,grim_cuda,1024,collection,unknown,unknown,3,adapter_pending,CUDA host-call timing bridge covers every operation but the end-effector derivatives,,,,,fp32-fd-warnings,2,,,0,0,,,,,,,,
go2,end_effector_pose_hessian,grim_jax,16,collection,float32,analytical,3,validated,,173.57043333333337,58.234166666666674,,,fp32-fd-warnings,2,0.0,0.0,0,31104,161.26473333333337,187.02573333333333,57.4303,66.06383333333333,115.33626666666669,,6.024879758115276e-05,5.7169788268392e-07
go2,end_effector_pose_hessian,grim_jax,32,collection,float32,analytical,3,validated,,199.8528,75.11106666666664,,,fp32-fd-warnings,2,0.0,0.0,0,62208,192.53049999999993,273.30796666666663,74.82293333333332,75.54596666666666,124.74173333333336,,6.024879758115276e-05,6.532969572486676e-07
go2,end_effector_pose_hessian,grim_jax,64,collection,float32,analytical,3,validated,,239.79106666666667,65.75590000000001,,,fp32-fd-warnings,2,0.0,0.0,0,124416,223.1326333333333,342.8526333333333,59.05733333333333,68.01596666666667,174.03516666666667,,6.024879758115276e-05,7.985592236283539e-07
go2,end_effector_pose_hessian,grim_jax,128,collection,float32,analytical,3,validated,,259.2912666666667,66.26230000000001,,,fp32-fd-warnings,2,0.0,0.0,0,248832,254.7257,302.1115333333334,64.94289999999998,66.98020000000001,193.02896666666666,,0.00011638077013031989,1.0875549338712666e-06
go2,end_effector_pose_hessian,grim_jax,256,collection,float32,analytical,3,validated,,583.7525000000002,67.913,,,fp32-fd-warnings,2,0.0,0.0,0,497664,479.6791666666667,672.4127333333331,56.68033333333334,78.32866666666665,515.8395000000002,,0.00011638077013031989,1.1983874050582708e-06
go2,end_effector_pose_hessian,grim_jax,1024,collection,float32,analytical,3,validated,,1751.8917333333336,121.20663333333331,,,fp32-fd-warnings,2,0.0,0.0,0,1990656,1616.394233333333,1794.0231666666664,121.18090000000001,275.16120000000006,1630.6851000000004,,0.001223715757419086,1.8677265774461175e-06
go2,end_effector_pose_hessian,mjx,16,collection,unknown,unknown,3,excluded_method,analytical Hessian study; no finite-difference or nested-autodiff Hessian sweep,,,,,fp32-fd-warnings,2,,,0,0,,,,,,,,
go2,end_effector_pose_hessian,mjx,32,collection,unknown,unknown,3,excluded_method,analytical Hessian study; no finite-difference or nested-autodiff Hessian sweep,,,,,fp32-fd-warnings,2,,,0,0,,,,,,,,
go2,end_effector_pose_hessian,mjx,64,collection,unknown,unknown,3,excluded_method,analytical Hessian study; no finite-difference or nested-autodiff Hessian sweep,,,,,fp32-fd-warnings,2,,,0,0,,,,,,,,
go2,end_effector_pose_hessian,mjx,128,collection,unknown,unknown,3,excluded_method,analytical Hessian study; no finite-difference or nested-autodiff Hessian sweep,,,,,fp32-fd-warnings,2,,,0,0,,,,,,,,
go2,end_effector_pose_hessian,mjx,256,collection,unknown,unknown,3,excluded_method,analytical Hessian study; no finite-difference or nested-autodiff Hessian sweep,,,,,fp32-fd-warnings,2,,,0,0,,,,,,,,
go2,end_effector_pose_hessian,mjx,1024,collection,unknown,unknown,3,excluded_method,analytical Hessian study; no finite-difference or nested-autodiff Hessian sweep,,,,,fp32-fd-warnings,2,,,0,0,,,,,,,,
go2,end_effector_pose_hessian,mujoco_cpu,16,collection,unknown,unknown,3,excluded_method,analytical Hessian study; no finite-difference or nested-autodiff Hessian sweep,,,,,fp32-fd-warnings,2,,,0,0,,,,,,,,
go2,end_effector_pose_hessian,mujoco_cpu,32,collection,unknown,unknown,3,excluded_method,analytical Hessian study; no finite-difference or nested-autodiff Hessian sweep,,,,,fp32-fd-warnings,2,,,0,0,,,,,,,,
go2,end_effector_pose_hessian,mujoco_cpu,64,collection,unknown,unknown,3,excluded_method,analytical Hessian study; no finite-difference or nested-autodiff Hessian sweep,,,,,fp32-fd-warnings,2,,,0,0,,,,,,,,
go2,end_effector_pose_hessian,mujoco_cpu,128,collection,unknown,unknown,3,excluded_method,analytical Hessian study; no finite-difference or nested-autodiff Hessian sweep,,,,,fp32-fd-warnings,2,,,0,0,,,,,,,,
go2,end_effector_pose_hessian,mujoco_cpu,256,collection,unknown,unknown,3,excluded_method,analytical Hessian study; no finite-difference or nested-autodiff Hessian sweep,,,,,fp32-fd-warnings,2,,,0,0,,,,,,,,
go2,end_effector_pose_hessian,mujoco_cpu,1024,collection,unknown,unknown,3,excluded_method,analytical Hessian study; no finite-difference or nested-autodiff Hessian sweep,,,,,fp32-fd-warnings,2,,,0,0,,,,,,,,
go2,end_effector_pose_hessian,mujoco_warp,16,collection,unknown,unknown,3,excluded_method,analytical Hessian study; no finite-difference or nested-autodiff Hessian sweep,,,,,fp32-fd-warnings,2,,,0,0,,,,,,,,
go2,end_effector_pose_hessian,mujoco_warp,32,collection,unknown,unknown,3,excluded_method,analytical Hessian study; no finite-difference or nested-autodiff Hessian sweep,,,,,fp32-fd-warnings,2,,,0,0,,,,,,,,
go2,end_effector_pose_hessian,mujoco_warp,64,collection,unknown,unknown,3,excluded_method,analytical Hessian study; no finite-difference or nested-autodiff Hessian sweep,,,,,fp32-fd-warnings,2,,,0,0,,,,,,,,
go2,end_effector_pose_hessian,mujoco_warp,128,collection,unknown,unknown,3,excluded_method,analytical Hessian study; no finite-difference or nested-autodiff Hessian sweep,,,,,fp32-fd-warnings,2,,,0,0,,,,,,,,
go2,end_effector_pose_hessian,mujoco_warp,256,collection,unknown,unknown,3,excluded_method,analytical Hessian study; no finite-difference or nested-autodiff Hessian sweep,,,,,fp32-fd-warnings,2,,,0,0,,,,,,,,
go2,end_effector_pose_hessian,mujoco_warp,1024,collection,unknown,unknown,3,excluded_method,analytical Hessian study; no finite-difference or nested-autodiff Hessian sweep,,,,,fp32-fd-warnings,2,,,0,0,,,,,,,,
go2,end_effector_pose_hessian,pinocchio,16,collection,unknown,unknown,3,adapter_pending,Pinocchio spatial kinematic derivatives are not the requested RPY pose-coordinate derivatives,,,,,fp32-fd-warnings,2,,,0,0,,,,,,,,
go2,end_effector_pose_hessian,pinocchio,32,collection,unknown,unknown,3,adapter_pending,Pinocchio spatial kinematic derivatives are not the requested RPY pose-coordinate derivatives,,,,,fp32-fd-warnings,2,,,0,0,,,,,,,,
go2,end_effector_pose_hessian,pinocchio,64,collection,unknown,unknown,3,adapter_pending,Pinocchio spatial kinematic derivatives are not the requested RPY pose-coordinate derivatives,,,,,fp32-fd-warnings,2,,,0,0,,,,,,,,
go2,end_effector_pose_hessian,pinocchio,128,collection,unknown,unknown,3,adapter_pending,Pinocchio spatial kinematic derivatives are not the requested RPY pose-coordinate derivatives,,,,,fp32-fd-warnings,2,,,0,0,,,,,,,,
go2,end_effector_pose_hessian,pinocchio,256,collection,unknown,unknown,3,adapter_pending,Pinocchio spatial kinematic derivatives are not the requested RPY pose-coordinate derivatives,,,,,fp32-fd-warnings,2,,,0,0,,,,,,,,
go2,end_effector_pose_hessian,pinocchio,1024,collection,unknown,unknown,3,adapter_pending,Pinocchio spatial kinematic derivatives are not the requested RPY pose-coordinate derivatives,,,,,fp32-fd-warnings,2,,,0,0,,,,,,,,
go2,end_effector_pose_hessian,pinocchio_plain,16,collection,unknown,unknown,3,adapter_pending,Pinocchio spatial kinematic derivatives are not the requested RPY pose-coordinate derivatives,,,,,fp32-fd-warnings,2,,,0,0,,,,,,,,
go2,end_effector_pose_hessian,pinocchio_plain,32,collection,unknown,unknown,3,adapter_pending,Pinocchio spatial kinematic derivatives are not the requested RPY pose-coordinate derivatives,,,,,fp32-fd-warnings,2,,,0,0,,,,,,,,
go2,end_effector_pose_hessian,pinocchio_plain,64,collection,unknown,unknown,3,adapter_pending,Pinocchio spatial kinematic derivatives are not the requested RPY pose-coordinate derivatives,,,,,fp32-fd-warnings,2,,,0,0,,,,,,,,
go2,end_effector_pose_hessian,pinocchio_plain,128,collection,unknown,unknown,3,adapter_pending,Pinocchio spatial kinematic derivatives are not the requested RPY pose-coordinate derivatives,,,,,fp32-fd-warnings,2,,,0,0,,,,,,,,
go2,end_effector_pose_hessian,pinocchio_plain,256,collection,unknown,unknown,3,adapter_pending,Pinocchio spatial kinematic derivatives are not the requested RPY pose-coordinate derivatives,,,,,fp32-fd-warnings,2,,,0,0,,,,,,,,
go2,end_effector_pose_hessian,pinocchio_plain,1024,collection,unknown,unknown,3,adapter_pending,Pinocchio spatial kinematic derivatives are not the requested RPY pose-coordinate derivatives,,,,,fp32-fd-warnings,2,,,0,0,,,,,,,,
go2,fdsva_so,bard,16,collection,unknown,unknown,3,excluded_method,analytical Hessian study; no finite-difference or nested-autodiff Hessian sweep,,,,,fp32-fd-warnings,2,,,0,0,,,,,,,,
go2,fdsva_so,bard,32,collection,unknown,unknown,3,excluded_method,analytical Hessian study; no finite-difference or nested-autodiff Hessian sweep,,,,,fp32-fd-warnings,2,,,0,0,,,,,,,,
go2,fdsva_so,bard,64,collection,unknown,unknown,3,excluded_method,analytical Hessian study; no finite-difference or nested-autodiff Hessian sweep,,,,,fp32-fd-warnings,2,,,0,0,,,,,,,,
go2,fdsva_so,bard,128,collection,unknown,unknown,3,excluded_method,analytical Hessian study; no finite-difference or nested-autodiff Hessian sweep,,,,,fp32-fd-warnings,2,,,0,0,,,,,,,,
go2,fdsva_so,bard,256,collection,unknown,unknown,3,excluded_method,analytical Hessian study; no finite-difference or nested-autodiff Hessian sweep,,,,,fp32-fd-warnings,2,,,0,0,,,,,,,,
go2,fdsva_so,bard,1024,collection,unknown,unknown,3,excluded_method,analytical Hessian study; no finite-difference or nested-autodiff Hessian sweep,,,,,fp32-fd-warnings,2,,,0,0,,,,,,,,
go2,fdsva_so,frax,16,collection,unknown,unknown,3,excluded_method,analytical Hessian study; no finite-difference or nested-autodiff Hessian sweep,,,,,fp32-fd-warnings,2,,,0,0,,,,,,,,
go2,fdsva_so,frax,32,collection,unknown,unknown,3,excluded_method,analytical Hessian study; no finite-difference or nested-autodiff Hessian sweep,,,,,fp32-fd-warnings,2,,,0,0,,,,,,,,
go2,fdsva_so,frax,64,collection,unknown,unknown,3,excluded_method,analytical Hessian study; no finite-difference or nested-autodiff Hessian sweep,,,,,fp32-fd-warnings,2,,,0,0,,,,,,,,
go2,fdsva_so,frax,128,collection,unknown,unknown,3,excluded_method,analytical Hessian study; no finite-difference or nested-autodiff Hessian sweep,,,,,fp32-fd-warnings,2,,,0,0,,,,,,,,
go2,fdsva_so,frax,256,collection,unknown,unknown,3,excluded_method,analytical Hessian study; no finite-difference or nested-autodiff Hessian sweep,,,,,fp32-fd-warnings,2,,,0,0,,,,,,,,
go2,fdsva_so,frax,1024,collection,unknown,unknown,3,excluded_method,analytical Hessian study; no finite-difference or nested-autodiff Hessian sweep,,,,,fp32-fd-warnings,2,,,0,0,,,,,,,,
go2,fdsva_so,grim_cuda,16,collection,float32,analytical,3,accuracy_warning,Entrywise oracle/variation gate exceeded; explicitly retained with errors reported,630.5846984863281,553.1797999064128,,384,fp32-fd-warnings,2,0.0,0.0,1,373248,626.6581680297852,631.7022674560546,550.4272328694661,553.5356333414713,77.40489857991531,,0.005157829468089403,6.665125439660288e-06
go2,fdsva_so,grim_cuda,32,collection,float32,analytical,3,accuracy_warning,Entrywise oracle/variation gate exceeded; explicitly retained with errors reported,697.8218688964844,552.8146331787109,,384,fp32-fd-warnings,2,0.0,0.0,1,746496,696.9973332722982,699.1092005411784,552.5575007120768,552.9023971557617,145.00723571777348,,0.005157829468089403,8.465606224147836e-06
go2,fdsva_so,grim_cuda,64,collection,float32,analytical,3,accuracy_warning,Entrywise oracle/variation gate exceeded; explicitly retained with errors reported,832.6142684936524,551.5300333658854,,384,fp32-fd-warnings,2,0.0,0.0,1,1492992,829.6914998372396,835.6763326009115,551.262998453776,551.7627985636393,281.084235127767,,0.005157829468089403,8.602658272307286e-06
go2,fdsva_so,grim_cuda,128,collection,float32,analytical,3,accuracy_warning,Entrywise oracle/variation gate exceeded; explicitly retained with errors reported,1112.2590672810873,563.1883656819662,,384,fp32-fd-warnings,2,0.0,0.0,1,2985984,1111.6844991048176,1115.8358006795247,563.0237004597982,563.3091008504232,549.0707015991211,,0.005157829468089403,8.556850448764206e-06
go2,fdsva_so,grim_cuda,256,collection,float32,analytical,3,accuracy_warning,Entrywise oracle/variation gate exceeded; explicitly retained with errors reported,1773.4032338460286,679.40419921875,,384,fp32-fd-warnings,2,0.0,0.0,1,5971968,1767.4193674723308,1775.3602650960286,679.3401321411133,680.5806340535481,1093.9990346272784,,0.005157829468089403,8.544556958966531e-06
go2,fdsva_so,grim_cuda,1024,collection,float32,analytical,3,accuracy_warning,Entrywise oracle/variation gate exceeded; explicitly retained with errors reported,7065.852732849121,2659.6659016927083,,384,fp32-fd-warnings,2,0.0,0.0,1,23887872,7048.01296488444,7071.914000956217,2658.7330668131513,2662.7240325927733,4406.186831156412,,0.005157829468089403,8.634187311212508e-06
go2,fdsva_so,grim_jax,16,collection,float32,analytical,3,accuracy_warning,Entrywise oracle/variation gate exceeded; explicitly retained with errors reported,1358.7775666666666,832.6458333333334,,,fp32-fd-warnings,2,0.0,0.0,1,373248,1332.7215,1485.2705,738.7244999999999,1040.6655333333333,526.1317333333333,,0.005157829468089403,6.665125439660288e-06
go2,fdsva_so,grim_jax,32,collection,float32,analytical,3,accuracy_warning,Entrywise oracle/variation gate exceeded; explicitly retained with errors reported,1706.3874999999998,779.7807666666668,,,fp32-fd-warnings,2,0.0,0.0,1,746496,1667.0998333333334,1974.1218999999996,743.0984,1034.9769000000001,926.6067333333331,,0.005157829468089403,8.465606224147836e-06
go2,fdsva_so,grim_jax,64,collection,float32,analytical,3,accuracy_warning,Entrywise oracle/variation gate exceeded; explicitly retained with errors reported,2184.964,833.5427666666666,,,fp32-fd-warnings,2,0.0,0.0,1,1492992,2135.122733333333,2280.538833333333,743.0577333333334,991.0287333333333,1351.4212333333335,,0.005157829468089403,8.602658272307286e-06
go2,fdsva_so,grim_jax,128,collection,float32,analytical,3,accuracy_warning,Entrywise oracle/variation gate exceeded; explicitly retained with errors reported,3173.151666666667,894.9645333333333,,,fp32-fd-warnings,2,0.0,0.0,1,2985984,3095.664133333333,3224.8743666666674,820.1097333333332,1212.6552333333334,2278.187133333334,,0.005157829468089403,8.556850448764206e-06
go2,fdsva_so,grim_jax,256,collection,float32,analytical,3,accuracy_warning,Entrywise oracle/variation gate exceeded; explicitly retained with errors reported,4512.7184,910.0580000000001,,,fp32-fd-warnings,2,0.0,0.0,1,5971968,4500.804266666667,5039.053466666666,898.5448666666667,1299.2671333333333,3602.6603999999998,,0.005157829468089403,8.544556958966531e-06
go2,fdsva_so,grim_jax,1024,collection,float32,analytical,3,accuracy_warning,Entrywise oracle/variation gate exceeded; explicitly retained with errors reported,18447.430500000002,3497.3758666666668,,,fp32-fd-warnings,2,0.0,0.0,1,23887872,17814.586266666665,19669.604733333337,3408.7515333333336,4113.023366666666,14950.054633333335,,0.005157829468089403,8.634187311212508e-06
go2,fdsva_so,mjx,16,collection,unknown,unknown,3,excluded_method,analytical Hessian study; no finite-difference or nested-autodiff Hessian sweep,,,,,fp32-fd-warnings,2,,,0,0,,,,,,,,
go2,fdsva_so,mjx,32,collection,unknown,unknown,3,excluded_method,analytical Hessian study; no finite-difference or nested-autodiff Hessian sweep,,,,,fp32-fd-warnings,2,,,0,0,,,,,,,,
go2,fdsva_so,mjx,64,collection,unknown,unknown,3,excluded_method,analytical Hessian study; no finite-difference or nested-autodiff Hessian sweep,,,,,fp32-fd-warnings,2,,,0,0,,,,,,,,
go2,fdsva_so,mjx,128,collection,unknown,unknown,3,excluded_method,analytical Hessian study; no finite-difference or nested-autodiff Hessian sweep,,,,,fp32-fd-warnings,2,,,0,0,,,,,,,,
go2,fdsva_so,mjx,256,collection,unknown,unknown,3,excluded_method,analytical Hessian study; no finite-difference or nested-autodiff Hessian sweep,,,,,fp32-fd-warnings,2,,,0,0,,,,,,,,
go2,fdsva_so,mjx,1024,collection,unknown,unknown,3,excluded_method,analytical Hessian study; no finite-difference or nested-autodiff Hessian sweep,,,,,fp32-fd-warnings,2,,,0,0,,,,,,,,
go2,fdsva_so,mujoco_cpu,16,collection,unknown,unknown,3,excluded_method,analytical Hessian study; no finite-difference or nested-autodiff Hessian sweep,,,,,fp32-fd-warnings,2,,,0,0,,,,,,,,
go2,fdsva_so,mujoco_cpu,32,collection,unknown,unknown,3,excluded_method,analytical Hessian study; no finite-difference or nested-autodiff Hessian sweep,,,,,fp32-fd-warnings,2,,,0,0,,,,,,,,
go2,fdsva_so,mujoco_cpu,64,collection,unknown,unknown,3,excluded_method,analytical Hessian study; no finite-difference or nested-autodiff Hessian sweep,,,,,fp32-fd-warnings,2,,,0,0,,,,,,,,
go2,fdsva_so,mujoco_cpu,128,collection,unknown,unknown,3,excluded_method,analytical Hessian study; no finite-difference or nested-autodiff Hessian sweep,,,,,fp32-fd-warnings,2,,,0,0,,,,,,,,
go2,fdsva_so,mujoco_cpu,256,collection,unknown,unknown,3,excluded_method,analytical Hessian study; no finite-difference or nested-autodiff Hessian sweep,,,,,fp32-fd-warnings,2,,,0,0,,,,,,,,
go2,fdsva_so,mujoco_cpu,1024,collection,unknown,unknown,3,excluded_method,analytical Hessian study; no finite-difference or nested-autodiff Hessian sweep,,,,,fp32-fd-warnings,2,,,0,0,,,,,,,,
go2,fdsva_so,mujoco_warp,16,collection,unknown,unknown,3,excluded_method,analytical Hessian study; no finite-difference or nested-autodiff Hessian sweep,,,,,fp32-fd-warnings,2,,,0,0,,,,,,,,
go2,fdsva_so,mujoco_warp,32,collection,unknown,unknown,3,excluded_method,analytical Hessian study; no finite-difference or nested-autodiff Hessian sweep,,,,,fp32-fd-warnings,2,,,0,0,,,,,,,,
go2,fdsva_so,mujoco_warp,64,collection,unknown,unknown,3,excluded_method,analytical Hessian study; no finite-difference or nested-autodiff Hessian sweep,,,,,fp32-fd-warnings,2,,,0,0,,,,,,,,
go2,fdsva_so,mujoco_warp,128,collection,unknown,unknown,3,excluded_method,analytical Hessian study; no finite-difference or nested-autodiff Hessian sweep,,,,,fp32-fd-warnings,2,,,0,0,,,,,,,,
go2,fdsva_so,mujoco_warp,256,collection,unknown,unknown,3,excluded_method,analytical Hessian study; no finite-difference or nested-autodiff Hessian sweep,,,,,fp32-fd-warnings,2,,,0,0,,,,,,,,
go2,fdsva_so,mujoco_warp,1024,collection,unknown,unknown,3,excluded_method,analytical Hessian study; no finite-difference or nested-autodiff Hessian sweep,,,,,fp32-fd-warnings,2,,,0,0,,,,,,,,
go2,fdsva_so,pinocchio,16,collection,float64,analytical direct/composed,3,validated,,500.33136666666667,,,8,fp32-fd-warnings,2,0.0,0.0,0,373248,480.1352,506.23116666666664,,,,,2.842170943040401e-14,2.080107261006506e-16
go2,fdsva_so,pinocchio,32,collection,float64,analytical direct/composed,3,validated,,766.5317666666667,,,8,fp32-fd-warnings,2,0.0,0.0,0,746496,746.6453333333334,789.3941333333333,,,,,4.263256414560601e-14,2.0449393198440786e-16
go2,fdsva_so,pinocchio,64,collection,float64,analytical direct/composed,3,validated,,1041.0173666666667,,,8,fp32-fd-warnings,2,0.0,0.0,0,1492992,1032.7040666666667,1475.3819333333333,,,,,4.263256414560601e-14,2.0128640134212068e-16
go2,fdsva_so,pinocchio,128,collection,float64,analytical direct/composed,3,validated,,2420.270299999999,,,8,fp32-fd-warnings,2,0.0,0.0,0,2985984,2377.2727000000004,2721.4201000000003,,,,,4.263256414560601e-14,1.9374089987119872e-16
go2,fdsva_so,pinocchio,256,collection,float64,analytical direct/composed,3,validated,,5774.272666666668,,,8,fp32-fd-warnings,2,0.0,0.0,0,5971968,5400.883599999999,6392.342733333334,,,,,5.684341886080802e-14,1.8653010450583374e-16
go2,fdsva_so,pinocchio,1024,collection,float64,analytical direct/composed,3,validated,,20491.29403333333,,,8,fp32-fd-warnings,2,0.0,0.0,0,23887872,20413.4826,23519.3968,,,,,8.526512829121202e-14,1.7502577189551236e-16
go2,fdsva_so,pinocchio_plain,16,collection,float64,analytical direct/composed,3,validated,,450.4721333333334,,,8,fp32-fd-warnings,2,0.0,0.0,0,373248,426.37076666666667,475.6345,,,,,2.842170943040401e-14,2.080107261006506e-16
go2,fdsva_so,pinocchio_plain,32,collection,float64,analytical direct/composed,3,validated,,777.4406333333334,,,8,fp32-fd-warnings,2,0.0,0.0,0,746496,764.7607333333333,794.4032000000002,,,,,4.263256414560601e-14,2.0449393198440786e-16
go2,fdsva_so,pinocchio_plain,64,collection,float64,analytical direct/composed,3,validated,,1447.8418666666662,,,8,fp32-fd-warnings,2,0.0,0.0,0,1492992,1447.2170333333333,1447.8956333333335,,,,,4.263256414560601e-14,2.0128640134212068e-16
go2,fdsva_so,pinocchio_plain,128,collection,float64,analytical direct/composed,3,validated,,2739.421866666666,,,8,fp32-fd-warnings,2,0.0,0.0,0,2985984,2734.527833333333,2773.4864,,,,,4.263256414560601e-14,1.9374089987119872e-16
go2,fdsva_so,pinocchio_plain,256,collection,float64,analytical direct/composed,3,validated,,6299.721833333334,,,8,fp32-fd-warnings,2,0.0,0.0,0,5971968,6295.763600000001,6438.4974999999995,,,,,5.684341886080802e-14,1.8653010450583374e-16
go2,fdsva_so,pinocchio_plain,1024,collection,float64,analytical direct/composed,3,validated,,23464.547566666668,,,8,fp32-fd-warnings,2,0.0,0.0,0,23887872,23459.369200000005,23958.5635,,,,,8.526512829121202e-14,1.7502577189551236e-16
go2,forward_dynamics,bard,16,collection,float32,library dynamics,3,validated,,3824.0010333333335,3754.657299999999,,,fp32-fd-warnings,2,1.430511474609375e-06,7.043392357359136e-10,0,288,3674.066933333333,3834.1203000000005,3609.8658333333337,3797.0481333333328,69.34373333333451,,0.0002750294087263683,3.117933274103424e-07
go2,forward_dynamics,bard,32,collection,float32,library dynamics,3,validated,,3842.924500000001,3787.441566666667,,,fp32-fd-warnings,2,1.430511474609375e-06,8.782221459420488e-10,0,576,3716.2828333333327,3872.5902666666666,3664.7013,3816.454466666667,55.48293333333413,,0.00024875229718190894,2.5490200157546486e-07
go2,forward_dynamics,bard,64,collection,float32,library dynamics,3,validated,,3844.6457666666665,3795.9205999999995,,,fp32-fd-warnings,2,1.430511474609375e-06,1.1282291503108577e-09,0,1152,3717.749166666667,3861.592766666667,3648.0755000000004,3814.4995999999996,48.725166666667064,,0.00024875229718190894,2.16631548368866e-07
go2,forward_dynamics,bard,128,collection,float32,library dynamics,3,validated,,3857.0675666666666,3800.0294000000004,,,fp32-fd-warnings,2,0.0,0.0,0,2304,3722.7499000000003,3876.261166666666,3669.4474,3826.2136999999993,57.03816666666626,,0.00024875229718190894,1.8252066500084322e-07
go2,forward_dynamics,bard,256,collection,float32,library dynamics,3,validated,,3844.8767666666663,3822.301066666667,,,fp32-fd-warnings,2,0.0,0.0,0,4608,3723.116233333333,3895.4159666666665,3655.6268333333333,3870.8399999999997,,negative total-minus-resident in at least one repeat; decomposition unavailable,0.00024875229718190894,1.5017279988374043e-07
go2,forward_dynamics,bard,1024,collection,float32,library dynamics,3,validated,,3982.5697666666665,3899.1887333333334,,,fp32-fd-warnings,2,0.0,0.0,0,18432,3842.2434333333335,4005.7659333333336,3783.0092000000004,3920.0982999999997,83.38103333333311,,0.00024875229718190894,1.2065510887773653e-07
go2,forward_dynamics,frax,16,collection,unknown,unknown,3,model_mismatch,existing Frax adapter uses a six-coordinate floating base; shared quaternion fixture needs a validated conversion,,,,,fp32-fd-warnings,2,,,0,0,,,,,,,,
go2,forward_dynamics,frax,32,collection,unknown,unknown,3,model_mismatch,existing Frax adapter uses a six-coordinate floating base; shared quaternion fixture needs a validated conversion,,,,,fp32-fd-warnings,2,,,0,0,,,,,,,,
go2,forward_dynamics,frax,64,collection,unknown,unknown,3,model_mismatch,existing Frax adapter uses a six-coordinate floating base; shared quaternion fixture needs a validated conversion,,,,,fp32-fd-warnings,2,,,0,0,,,,,,,,
go2,forward_dynamics,frax,128,collection,unknown,unknown,3,model_mismatch,existing Frax adapter uses a six-coordinate floating base; shared quaternion fixture needs a validated conversion,,,,,fp32-fd-warnings,2,,,0,0,,,,,,,,
go2,forward_dynamics,frax,256,collection,unknown,unknown,3,model_mismatch,existing Frax adapter uses a six-coordinate floating base; shared quaternion fixture needs a validated conversion,,,,,fp32-fd-warnings,2,,,0,0,,,,,,,,
go2,forward_dynamics,frax,1024,collection,unknown,unknown,3,model_mismatch,existing Frax adapter uses a six-coordinate floating base; shared quaternion fixture needs a validated conversion,,,,,fp32-fd-warnings,2,,,0,0,,,,,,,,
go2,forward_dynamics,grim_cuda,16,collection,float32,analytical,3,validated,,39.66043243408203,30.44409942626953,,128,fp32-fd-warnings,2,0.0,0.0,0,288,39.6465337117513,39.782500712076825,30.314633178710938,30.466068013509116,9.216333007812501,,0.00034028042750833265,4.0679103495126045e-07
go2,forward_dynamics,grim_cuda,32,collection,float32,analytical,3,validated,,39.86783498128255,30.22473398844401,,128,fp32-fd-warnings,2,0.0,0.0,0,576,39.80623270670573,39.8806655883789,30.220601399739582,30.23643341064453,9.643100992838537,,0.00034028042750833265,3.393312533154649e-07
go2,forward_dynamics,grim_cuda,64,collection,float32,analytical,3,validated,,40.384568277994795,30.330298868815103,,128,fp32-fd-warnings,2,0.0,0.0,0,1152,40.37680155436198,40.40609995524088,30.317032368977866,30.340900166829428,10.054269409179692,,0.00034028042750833265,2.848141178760633e-07
go2,forward_dynamics,grim_cuda,128,collection,float32,analytical,3,validated,,40.73813120524088,30.187666829427084,,128,fp32-fd-warnings,2,0.0,0.0,0,2304,40.641133626302086,40.806268310546876,30.183234151204427,30.19209950764974,10.5504643758138,,0.00034028042750833265,2.3413137460162087e-07
go2,forward_dynamics,grim_cuda,256,collection,float32,analytical,3,validated,,42.14533437093099,30.989232381184895,,128,fp32-fd-warnings,2,0.0,0.0,0,4608,42.127367146809895,42.18063252766927,30.9656005859375,30.99339853922526,11.156101989746094,,0.00034028042750833265,1.9511590520079799e-07
go2,forward_dynamics,grim_cuda,1024,collection,float32,analytical,3,validated,,76.99183400472005,60.840066528320314,,128,fp32-fd-warnings,2,0.0,0.0,0,18432,76.81966603597006,77.06486612955729,60.80496571858724,60.878867085774736,16.151767476399733,,0.00034028042750833265,1.5621155068476534e-07
go2,forward_dynamics,grim_jax,16,collection,float32,analytical,3,validated,,209.9246,72.4049,,,fp32-fd-warnings,2,0.0,0.0,0,288,206.8936666666667,233.27509999999998,70.4781,75.40813333333334,137.5197,,0.00034028042750833265,4.0679103495126045e-07
go2,forward_dynamics,grim_jax,32,collection,float32,analytical,3,validated,,235.3372666666667,62.3367,,,fp32-fd-warnings,2,0.0,0.0,0,576,210.23386666666661,235.4627333333333,62.33283333333332,64.93233333333335,173.00056666666669,,0.00034028042750833265,3.393312533154649e-07
go2,forward_dynamics,grim_jax,64,collection,float32,analytical,3,validated,,214.22893333333332,64.25136666666667,,,fp32-fd-warnings,2,0.0,0.0,0,1152,213.56736666666666,242.127,63.934233333333346,79.01363333333333,149.97756666666663,,0.00034028042750833265,2.848141178760633e-07
go2,forward_dynamics,grim_jax,128,collection,float32,analytical,3,validated,,243.2667,64.45913333333334,,,fp32-fd-warnings,2,0.0,0.0,0,2304,209.59730000000005,275.7334333333334,63.4451,76.51033333333332,178.80756666666665,,0.00034028042750833265,2.3413137460162087e-07
go2,forward_dynamics,grim_jax,256,collection,float32,analytical,3,validated,,224.11333333333334,64.18433333333333,,,fp32-fd-warnings,2,0.0,0.0,0,4608,217.45586666666662,276.1974666666667,62.8942,77.24543333333331,159.92900000000003,,0.00034028042750833265,1.9511590520079799e-07
go2,forward_dynamics,grim_jax,1024,collection,float32,analytical,3,validated,,299.17586666666665,121.89643333333333,,,fp32-fd-warnings,2,0.0,0.0,0,18432,261.24336666666665,349.5763666666666,94.63310000000001,215.75169999999997,177.27943333333332,,0.00034028042750833265,1.5621155068476534e-07
go2,forward_dynamics,mjx,16,collection,float32,simulator,3,validated,,507.7870666666667,293.47816666666665,,,fp32-fd-warnings,2,0.000579833984375,5.838695508470817e-07,0,288,503.638,831.8147666666666,234.30336666666665,386.1078,214.30890000000005,,0.0017399058350520136,1.4572716845688076e-06
go2,forward_dynamics,mjx,32,collection,float32,simulator,3,validated,,712.1977666666668,204.90176666666665,,,fp32-fd-warnings,2,0.00091552734375,6.786810987156857e-07,0,576,439.91463333333337,823.1722666666667,168.76166666666668,319.89939999999996,507.29600000000016,,0.0017399058350520136,1.3092115877179404e-06
go2,forward_dynamics,mjx,64,collection,float32,simulator,3,validated,,424.3502,183.9828666666667,,,fp32-fd-warnings,2,0.000762939453125,5.483220616741574e-07,0,1152,407.83456666666666,472.82166666666666,177.34926666666664,238.37689999999995,240.36733333333328,,0.0017399058350520136,1.2776197497935378e-06
go2,forward_dynamics,mjx,128,collection,float32,simulator,3,validated,,420.5314,196.56190000000007,,,fp32-fd-warnings,2,0.0006103515625,4.548575342484366e-07,0,2304,392.80993333333333,716.3717,187.18486666666666,212.60236666666663,223.96949999999995,,0.0017399058350520136,1.2621396152818512e-06
go2,forward_dynamics,mjx,256,collection,float32,simulator,3,validated,,566.7553333333332,260.6154333333333,,,fp32-fd-warnings,2,0.0009765625,4.7374745253640885e-07,0,4608,522.6527,658.3910666666666,247.64460000000003,429.06570000000005,306.13989999999984,,0.0018009409913020136,1.2549445508508404e-06
go2,forward_dynamics,mjx,1024,collection,float32,simulator,3,validated,,948.7322999999999,561.5874999999999,,,fp32-fd-warnings,2,0.0008544921875,4.4781731030711247e-07,0,18432,783.2056333333333,981.293,425.31273333333337,606.4242666666665,387.14480000000003,,0.0017399058350520136,1.2424310656557904e-06
go2,forward_dynamics,mujoco_cpu,16,collection,float64,simulator,3,validated,,59.83686666666666,,,,fp32-fd-warnings,2,0.0,0.0,0,288,59.1695,60.12673333333332,,,,,0.0011411413153155081,1.0485647691017803e-06
go2,forward_dynamics,mujoco_cpu,32,collection,float64,simulator,3,validated,,118.91353333333335,,,,fp32-fd-warnings,2,0.0,0.0,0,576,118.84496666666665,119.59376666666665,,,,,0.0011411413153155081,9.56940467441983e-07
go2,forward_dynamics,mujoco_cpu,64,collection,float64,simulator,3,validated,,246.59916666666666,,,,fp32-fd-warnings,2,0.0,0.0,0,1152,245.28186666666662,253.7295333333333,,,,,0.0011411413153155081,8.812236180139371e-07
go2,forward_dynamics,mujoco_cpu,128,collection,float64,simulator,3,validated,,519.5881333333334,,,,fp32-fd-warnings,2,0.0,0.0,0,2304,518.0862333333332,534.5074666666667,,,,,0.0011411413153155081,8.175474643485791e-07
go2,forward_dynamics,mujoco_cpu,256,collection,float64,simulator,3,validated,,1050.9558333333337,,,,fp32-fd-warnings,2,0.0,0.0,0,4608,1050.5675,1071.0896666666665,,,,,0.0011411413153155081,7.842309975579321e-07
go2,forward_dynamics,mujoco_cpu,1024,collection,float64,simulator,3,validated,,5726.166299999999,,,,fp32-fd-warnings,2,0.0,0.0,0,18432,5676.4438,5806.528533333332,,,,,0.0011411413153155081,7.511434357652343e-07
go2,forward_dynamics,mujoco_warp,16,collection,float32,simulator,3,validated,,208.45739999999998,179.2285,1152.9568,,fp32-fd-warnings,2,0.00042724609375,3.6665112046216484e-07,0,288,208.22553333333335,209.05336666666668,179.10253333333333,179.4010666666667,29.22889999999998,,0.0016788706788020136,1.4934128172578432e-06
go2,forward_dynamics,mujoco_warp,32,collection,float32,simulator,3,validated,,216.44466666666665,186.94673333333333,1154.5063666666667,,fp32-fd-warnings,2,0.00054931640625,3.9634182309277346e-07,0,576,216.17520000000002,217.04066666666665,186.9199,187.05016666666668,29.49793333333332,,0.0016788706788020136,1.4483163627947789e-06
go2,forward_dynamics,mujoco_warp,64,collection,float32,simulator,3,validated,,224.45936666666665,193.6643666666667,1159.8225666666667,,fp32-fd-warnings,2,0.00054931640625,2.5476707807587773e-07,0,1152,224.20933333333332,224.47306666666665,193.64803333333336,193.66990000000004,30.79499999999996,,0.0016788706788020136,1.3299973448218077e-06
go2,forward_dynamics,mujoco_warp,128,collection,float32,simulator,3,validated,,232.11683333333332,200.30113333333335,1167.0627666666667,,fp32-fd-warnings,2,0.00042724609375,2.51577208816753e-07,0,2304,231.08256666666668,233.10763333333333,200.22706666666667,200.57806666666673,31.815699999999964,,0.0016788706788020136,1.2570528149254633e-06
go2,forward_dynamics,mujoco_warp,256,collection,float32,simulator,3,validated,,239.4829666666666,205.15026666666668,1183.2586666666664,,fp32-fd-warnings,2,0.00048828125,2.3659206397176355e-07,0,4608,239.0812666666667,240.16196666666667,205.0736666666667,205.2366,34.33269999999993,,0.0016788706788020136,1.2393127307703485e-06
go2,forward_dynamics,mujoco_warp,1024,collection,float32,simulator,3,validated,,270.00553333333335,223.1505,1195.5765,,fp32-fd-warnings,2,0.00067138671875,1.852972928117701e-07,0,18432,269.8360666666667,270.88579999999996,222.90713333333335,223.24306666666664,46.85503333333335,,0.0016788706788020136,1.2110970123416983e-06
go2,forward_dynamics,pinocchio,16,collection,float32,codegen Minv/RNEA composition,3,validated,,14.6035,,,8,fp32-fd-warnings,2,0.0,0.0,0,288,14.57976666666667,14.854733333333334,,,,,0.0011571018455924786,1.1768624478653273e-06
go2,forward_dynamics,pinocchio,32,collection,float32,codegen Minv/RNEA composition,3,validated,,19.29673333333334,,,8,fp32-fd-warnings,2,0.0,0.0,0,576,19.11076666666667,19.64956666666667,,,,,0.0011571018455924786,1.1422203679294276e-06
go2,forward_dynamics,pinocchio,64,collection,float32,codegen Minv/RNEA composition,3,validated,,28.44213333333333,,,8,fp32-fd-warnings,2,0.0,0.0,0,1152,28.188066666666668,28.472133333333332,,,,,0.0011571018455924786,1.3418304600012851e-06
go2,forward_dynamics,pinocchio,128,collection,float32,codegen Minv/RNEA composition,3,validated,,46.229699999999994,,,8,fp32-fd-warnings,2,0.0,0.0,0,2304,46.176866666666655,49.75800000000001,,,,,0.0011571018455924786,1.60469937326821e-06
go2,forward_dynamics,pinocchio,256,collection,float32,codegen Minv/RNEA composition,3,validated,,82.5018,,,8,fp32-fd-warnings,2,0.0,0.0,0,4608,75.57636666666666,82.71723333333331,,,,,0.0013550378447604317,1.572549045923553e-06
go2,forward_dynamics,pinocchio,1024,collection,float32,codegen Minv/RNEA composition,3,validated,,468.11753333333326,,,8,fp32-fd-warnings,2,0.0,0.0,0,18432,300.62899999999996,486.36946666666665,,,,,0.001695869668012051,1.5962340889131096e-06
go2,forward_dynamics,pinocchio_plain,16,collection,float32,standard Pinocchio API (no codegen),3,validated,,15.637799999999999,,,8,fp32-fd-warnings,2,0.0,0.0,0,288,15.627666666666666,15.753933333333329,,,,,0.0006818652512379231,7.057260891099657e-07
go2,forward_dynamics,pinocchio_plain,32,collection,float32,standard Pinocchio API (no codegen),3,validated,,21.15103333333333,,,8,fp32-fd-warnings,2,0.0,0.0,0,576,21.075499999999995,21.292300000000004,,,,,0.0006818652512379231,5.749984540304801e-07
go2,forward_dynamics,pinocchio_plain,64,collection,float32,standard Pinocchio API (no codegen),3,validated,,32.317099999999996,,,8,fp32-fd-warnings,2,0.0,0.0,0,1152,32.0377,32.56083333333333,,,,,0.0006818652512379231,4.717690427094286e-07
go2,forward_dynamics,pinocchio_plain,128,collection,float32,standard Pinocchio API (no codegen),3,validated,,53.15560000000001,,,8,fp32-fd-warnings,2,0.0,0.0,0,2304,52.84056666666666,53.67646666666666,,,,,0.0006818652512379231,3.6718177757170893e-07
go2,forward_dynamics,pinocchio_plain,256,collection,float32,standard Pinocchio API (no codegen),3,validated,,95.4746,,,8,fp32-fd-warnings,2,0.0,0.0,0,4608,89.85876666666668,97.69886666666665,,,,,0.0006818652512379231,2.779564465197568e-07
go2,forward_dynamics,pinocchio_plain,1024,collection,float32,standard Pinocchio API (no codegen),3,validated,,485.81413333333336,,,8,fp32-fd-warnings,2,0.0,0.0,0,18432,327.5027666666666,501.59343333333334,,,,,0.0006818652512379231,1.7928937636593896e-07
go2,forward_dynamics_gradient,bard,16,collection,unknown,unknown,3,adapter_pending,selected operation not wired; not a library capability claim,,,,,fp32-fd-warnings,2,,,0,0,,,,,,,,
go2,forward_dynamics_gradient,bard,32,collection,unknown,unknown,3,adapter_pending,selected operation not wired; not a library capability claim,,,,,fp32-fd-warnings,2,,,0,0,,,,,,,,
go2,forward_dynamics_gradient,bard,64,collection,unknown,unknown,3,adapter_pending,selected operation not wired; not a library capability claim,,,,,fp32-fd-warnings,2,,,0,0,,,,,,,,
go2,forward_dynamics_gradient,bard,128,collection,unknown,unknown,3,adapter_pending,selected operation not wired; not a library capability claim,,,,,fp32-fd-warnings,2,,,0,0,,,,,,,,
go2,forward_dynamics_gradient,bard,256,collection,unknown,unknown,3,adapter_pending,selected operation not wired; not a library capability claim,,,,,fp32-fd-warnings,2,,,0,0,,,,,,,,
go2,forward_dynamics_gradient,bard,1024,collection,unknown,unknown,3,adapter_pending,selected operation not wired; not a library capability claim,,,,,fp32-fd-warnings,2,,,0,0,,,,,,,,
go2,forward_dynamics_gradient,frax,16,collection,unknown,unknown,3,model_mismatch,existing Frax adapter uses a six-coordinate floating base; shared quaternion fixture needs a validated conversion,,,,,fp32-fd-warnings,2,,,0,0,,,,,,,,
go2,forward_dynamics_gradient,frax,32,collection,unknown,unknown,3,model_mismatch,existing Frax adapter uses a six-coordinate floating base; shared quaternion fixture needs a validated conversion,,,,,fp32-fd-warnings,2,,,0,0,,,,,,,,
go2,forward_dynamics_gradient,frax,64,collection,unknown,unknown,3,model_mismatch,existing Frax adapter uses a six-coordinate floating base; shared quaternion fixture needs a validated conversion,,,,,fp32-fd-warnings,2,,,0,0,,,,,,,,
go2,forward_dynamics_gradient,frax,128,collection,unknown,unknown,3,model_mismatch,existing Frax adapter uses a six-coordinate floating base; shared quaternion fixture needs a validated conversion,,,,,fp32-fd-warnings,2,,,0,0,,,,,,,,
go2,forward_dynamics_gradient,frax,256,collection,unknown,unknown,3,model_mismatch,existing Frax adapter uses a six-coordinate floating base; shared quaternion fixture needs a validated conversion,,,,,fp32-fd-warnings,2,,,0,0,,,,,,,,
go2,forward_dynamics_gradient,frax,1024,collection,unknown,unknown,3,model_mismatch,existing Frax adapter uses a six-coordinate floating base; shared quaternion fixture needs a validated conversion,,,,,fp32-fd-warnings,2,,,0,0,,,,,,,,
go2,forward_dynamics_gradient,grim_cuda,16,collection,float32,analytical,3,validated,,63.06826629638672,53.05389912923177,,256,fp32-fd-warnings,2,0.0,0.0,0,10368,62.74020131429037,63.26689910888672,52.96476643880208,53.10810038248698,10.014367167154944,,0.0011974287898510738,1.6180010910886192e-06
go2,forward_dynamics_gradient,grim_cuda,32,collection,float32,analytical,3,validated,,63.79593251546224,52.45396779378255,,256,fp32-fd-warnings,2,0.0,0.0,0,20736,63.70486653645833,65.18360137939453,52.43746744791667,52.55513305664063,11.341964721679688,,0.0011974287898510738,1.532592889627725e-06
go2,forward_dynamics_gradient,grim_cuda,64,collection,float32,analytical,3,validated,,66.57050170898438,52.70306650797526,,256,fp32-fd-warnings,2,0.0,0.0,0,41472,66.48653310139974,66.70263366699218,52.6684326171875,52.77016754150391,13.867435201009123,,0.0011974287898510738,1.5876433635748892e-06
go2,forward_dynamics_gradient,grim_cuda,128,collection,float32,analytical,3,validated,,71.01803232828776,52.25889943440755,,256,fp32-fd-warnings,2,0.0,0.0,0,82944,70.91803283691407,71.11136576334636,52.209633890787764,52.28726755777995,18.759132893880206,,0.0011974287898510738,1.6274943772005409e-06
go2,forward_dynamics_gradient,grim_cuda,256,collection,float32,analytical,3,validated,,98.18176523844402,56.209999084472656,,256,fp32-fd-warnings,2,0.0,0.0,0,165888,97.91483256022136,98.3989995320638,56.176300048828125,56.2274663289388,41.97176615397136,,0.0011974287898510738,1.6421354512560181e-06
go2,forward_dynamics_gradient,grim_cuda,1024,collection,float32,analytical,3,validated,,335.4234354654948,199.02496693929035,,256,fp32-fd-warnings,2,0.0,0.0,0,663552,333.65136871337893,336.6382329305013,198.8818323771159,199.12769927978516,136.39846852620443,,0.0011974287898510738,1.7300715507655409e-06
go2,forward_dynamics_gradient,grim_jax,16,collection,float32,analytical,3,validated,,244.12536666666668,90.50376666666668,,,fp32-fd-warnings,2,0.0,0.0,0,10368,241.1573,314.07959999999997,90.03086666666667,101.23366666666666,153.6216,,0.0011974287898510738,1.6180010910886192e-06
go2,forward_dynamics_gradient,grim_jax,32,collection,float32,analytical,3,validated,,252.30713333333333,98.56030000000001,,,fp32-fd-warnings,2,0.0,0.0,0,20736,246.8148666666667,333.25263333333334,97.15380000000002,98.65123333333334,153.7468333333333,,0.0011974287898510738,1.532592889627725e-06
go2,forward_dynamics_gradient,grim_jax,64,collection,float32,analytical,3,validated,,323.4227,100.38123333333333,,,fp32-fd-warnings,2,0.0,0.0,0,41472,318.34059999999994,348.133,99.00716666666668,101.31423333333332,223.04146666666668,,0.0011974287898510738,1.5876433635748892e-06
go2,forward_dynamics_gradient,grim_jax,128,collection,float32,analytical,3,validated,,352.78266666666667,110.9609,,,fp32-fd-warnings,2,0.0,0.0,0,82944,277.3261333333333,405.06086666666675,97.42483333333334,119.60106666666664,241.8217666666667,,0.0011974287898510738,1.6274943772005409e-06
go2,forward_dynamics_gradient,grim_jax,256,collection,float32,analytical,3,validated,,388.2246333333334,102.74106666666667,,,fp32-fd-warnings,2,0.0,0.0,0,165888,384.8011666666666,449.02473333333324,102.57476666666666,105.39829999999999,285.4835666666667,,0.0011974287898510738,1.6421354512560181e-06
go2,forward_dynamics_gradient,grim_jax,1024,collection,float32,analytical,3,validated,,1020.4452000000001,442.70356666666663,,,fp32-fd-warnings,2,0.0,0.0,0,663552,990.6647333333333,1240.0132666666666,312.7654333333333,496.59800000000007,577.7416333333335,,0.0011974287898510738,1.7300715507655409e-06
go2,forward_dynamics_gradient,mjx,16,collection,float32,autodiff,3,validated,,1081.3169666666665,888.8212333333335,,,fp32-fd-warnings,2,0.000796884298324585,2.166204354606392e-06,0,10368,1060.6473333333333,1162.2872666666665,773.105,1005.5324333333333,192.49573333333308,,0.0012584639461010738,3.190526806953821e-06
go2,forward_dynamics_gradient,mjx,32,collection,float32,autodiff,3,validated,,1270.9304000000002,998.2879666666666,,,fp32-fd-warnings,2,0.0008544921875,1.9572484019084697e-06,0,20736,1241.3615666666667,1456.9039999999998,903.5549333333332,1260.190466666667,272.64243333333354,,0.0012279463679760738,2.8636873858928723e-06
go2,forward_dynamics_gradient,mjx,64,collection,float32,autodiff,3,accuracy_warning,Entrywise oracle/variation gate exceeded; explicitly retained with errors reported,1462.8859333333332,1020.4276999999998,,,fp32-fd-warnings,2,0.0009741783142089844,2.041365397590776e-06,1,41472,1354.0007,1719.9807666666668,893.4424333333333,1297.3102999999999,442.4582333333334,,0.0012584639461010738,2.8237903579284667e-06
go2,forward_dynamics_gradient,mjx,128,collection,float32,autodiff,3,validated,,1385.453733333333,1219.2148,,,fp32-fd-warnings,2,0.0008544921875,1.8053337922543556e-06,0,82944,1339.9613,1694.4283000000003,974.0598666666668,1299.4629333333335,166.23893333333308,,0.0012279463679760738,2.7739000061099682e-06
go2,forward_dynamics_gradient,mjx,256,collection,float32,autodiff,3,accuracy_warning,Entrywise oracle/variation gate exceeded; explicitly retained with errors reported,2175.5932000000003,1664.5924666666663,,,fp32-fd-warnings,2,0.001251220703125,1.8969667857645043e-06,1,165888,1873.484566666667,2245.5564333333327,1588.3622999999998,1996.3421999999998,511.000733333334,,0.0012584639461010738,2.6128817056686415e-06
go2,forward_dynamics_gradient,mjx,1024,collection,float32,autodiff,3,accuracy_warning,Entrywise oracle/variation gate exceeded; explicitly retained with errors reported,4061.910933333333,3748.2827666666667,,,fp32-fd-warnings,2,0.00146484375,1.8445457465681433e-06,0,663552,3958.4627000000005,4389.1901333333335,3355.0432,4224.183166666667,313.6281666666664,,0.0014495586096359148,2.586794007157173e-06
go2,forward_dynamics_gradient,mujoco_cpu,16,collection,unknown,unknown,3,adapter_pending,no matched full tangent-space derivative adapter,,,,,fp32-fd-warnings,2,,,0,0,,,,,,,,
go2,forward_dynamics_gradient,mujoco_cpu,32,collection,unknown,unknown,3,adapter_pending,no matched full tangent-space derivative adapter,,,,,fp32-fd-warnings,2,,,0,0,,,,,,,,
go2,forward_dynamics_gradient,mujoco_cpu,64,collection,unknown,unknown,3,adapter_pending,no matched full tangent-space derivative adapter,,,,,fp32-fd-warnings,2,,,0,0,,,,,,,,
go2,forward_dynamics_gradient,mujoco_cpu,128,collection,unknown,unknown,3,adapter_pending,no matched full tangent-space derivative adapter,,,,,fp32-fd-warnings,2,,,0,0,,,,,,,,
go2,forward_dynamics_gradient,mujoco_cpu,256,collection,unknown,unknown,3,adapter_pending,no matched full tangent-space derivative adapter,,,,,fp32-fd-warnings,2,,,0,0,,,,,,,,
go2,forward_dynamics_gradient,mujoco_cpu,1024,collection,unknown,unknown,3,adapter_pending,no matched full tangent-space derivative adapter,,,,,fp32-fd-warnings,2,,,0,0,,,,,,,,
go2,forward_dynamics_gradient,mujoco_warp,16,collection,unknown,unknown,3,adapter_pending,no matched full tangent-space derivative adapter,,,,,fp32-fd-warnings,2,,,0,0,,,,,,,,
go2,forward_dynamics_gradient,mujoco_warp,32,collection,unknown,unknown,3,adapter_pending,no matched full tangent-space derivative adapter,,,,,fp32-fd-warnings,2,,,0,0,,,,,,,,
go2,forward_dynamics_gradient,mujoco_warp,64,collection,unknown,unknown,3,adapter_pending,no matched full tangent-space derivative adapter,,,,,fp32-fd-warnings,2,,,0,0,,,,,,,,
go2,forward_dynamics_gradient,mujoco_warp,128,collection,unknown,unknown,3,adapter_pending,no matched full tangent-space derivative adapter,,,,,fp32-fd-warnings,2,,,0,0,,,,,,,,
go2,forward_dynamics_gradient,mujoco_warp,256,collection,unknown,unknown,3,adapter_pending,no matched full tangent-space derivative adapter,,,,,fp32-fd-warnings,2,,,0,0,,,,,,,,
go2,forward_dynamics_gradient,mujoco_warp,1024,collection,unknown,unknown,3,adapter_pending,no matched full tangent-space derivative adapter,,,,,fp32-fd-warnings,2,,,0,0,,,,,,,,
go2,forward_dynamics_gradient,pinocchio,16,collection,float32,codegen Minv/RNEA composition,3,accuracy_warning,Entrywise oracle/variation gate exceeded; explicitly retained with errors reported,25.699066666666663,,,8,fp32-fd-warnings,2,0.0,0.0,1,10368,25.373966666666668,25.812699999999996,,,,,0.00151204274226302,4.390576837774084e-06
go2,forward_dynamics_gradient,pinocchio,32,collection,float32,codegen Minv/RNEA composition,3,accuracy_warning,Entrywise oracle/variation gate exceeded; explicitly retained with errors reported,40.65506666666667,,,8,fp32-fd-warnings,2,0.0,0.0,1,20736,40.39376666666667,41.64176666666667,,,,,0.00151204274226302,4.625250403114126e-06
go2,forward_dynamics_gradient,pinocchio,64,collection,float32,codegen Minv/RNEA composition,3,accuracy_warning,Entrywise oracle/variation gate exceeded; explicitly retained with errors reported,69.88983333333334,,,8,fp32-fd-warnings,2,0.0,0.0,1,41472,63.00396666666666,70.01546666666667,,,,,0.00151204274226302,5.302071097883971e-06
go2,forward_dynamics_gradient,pinocchio,128,collection,float32,codegen Minv/RNEA composition,3,accuracy_warning,Entrywise oracle/variation gate exceeded; explicitly retained with errors reported,129.59739999999996,,,8,fp32-fd-warnings,2,0.0,0.0,1,82944,112.06996666666667,129.89800000000002,,,,,0.0018949850311003047,6.07287791159284e-06
go2,forward_dynamics_gradient,pinocchio,256,collection,float32,codegen Minv/RNEA composition,3,accuracy_warning,Entrywise oracle/variation gate exceeded; explicitly retained with errors reported,433.66176666666667,,,8,fp32-fd-warnings,2,0.0,0.0,1,165888,423.0242,446.437,,,,,0.0018949850311003047,6.848637218761985e-06
go2,forward_dynamics_gradient,pinocchio,1024,collection,float32,codegen Minv/RNEA composition,3,accuracy_warning,Entrywise oracle/variation gate exceeded; explicitly retained with errors reported,999.9061666666665,,,8,fp32-fd-warnings,2,0.0,0.0,1,663552,807.3528999999999,1000.6661,,,,,0.0018949850311003047,7.775944750730375e-06
go2,forward_dynamics_gradient,pinocchio_plain,16,collection,float32,standard Pinocchio API (no codegen),3,validated,,27.319033333333334,,,8,fp32-fd-warnings,2,0.0,0.0,0,10368,27.119399999999995,28.064233333333334,,,,,0.0019332967768832532,3.863020818082044e-06
go2,forward_dynamics_gradient,pinocchio_plain,32,collection,float32,standard Pinocchio API (no codegen),3,validated,,43.25106666666667,,,8,fp32-fd-warnings,2,0.0,0.0,0,20736,43.179500000000004,43.432333333333325,,,,,0.0019332967768832532,4.0452591722982655e-06
go2,forward_dynamics_gradient,pinocchio_plain,64,collection,float32,standard Pinocchio API (no codegen),3,validated,,71.76273333333333,,,8,fp32-fd-warnings,2,0.0,0.0,0,41472,70.37039999999999,74.26469999999999,,,,,0.0019332967768832532,4.994838289832921e-06
go2,forward_dynamics_gradient,pinocchio_plain,128,collection,float32,standard Pinocchio API (no codegen),3,validated,,128.42306666666664,,,8,fp32-fd-warnings,2,0.0,0.0,0,82944,128.1418666666667,139.52536666666668,,,,,0.0019332967768832532,5.603763784274448e-06
go2,forward_dynamics_gradient,pinocchio_plain,256,collection,float32,standard Pinocchio API (no codegen),3,validated,,431.95693333333327,,,8,fp32-fd-warnings,2,0.0,0.0,0,165888,265.5957,458.7451333333333,,,,,0.0019332967768832532,6.3461374478472e-06
go2,forward_dynamics_gradient,pinocchio_plain,1024,collection,float32,standard Pinocchio API (no codegen),3,validated,,941.8896666666668,,,8,fp32-fd-warnings,2,0.0,0.0,0,663552,934.1164666666666,1209.1162333333332,,,,,0.0019332967768832532,6.933650768287167e-06
go2,generalized_gravity,bard,16,collection,float32,library dynamics,3,validated,,1767.5477,1701.2247333333332,,,fp32-fd-warnings,2,3.814697265625e-05,6.840997891763203e-08,0,288,1758.6016666666667,1773.8958666666667,1691.5907666666667,1711.0321,66.32296666666684,,5.635210482068942e-05,1.4402805146706304e-07
go2,generalized_gravity,bard,32,collection,float32,library dynamics,3,validated,,1791.2218666666665,1730.811466666667,,,fp32-fd-warnings,2,3.814697265625e-05,7.204411960364401e-08,0,576,1772.0007666666668,1798.6685333333335,1720.3561999999997,1734.3356999999999,60.41039999999953,,5.635210482068942e-05,1.3764658374009343e-07
go2,generalized_gravity,bard,64,collection,float32,library dynamics,3,validated,,1803.3025333333333,1738.6053000000002,,,fp32-fd-warnings,2,3.814697265625e-05,6.463993546134864e-08,0,1152,1787.7090333333333,1803.4312,1726.993,1748.4499,64.69723333333309,,5.635210482068942e-05,1.325222769768254e-07
go2,generalized_gravity,bard,128,collection,float32,library dynamics,3,validated,,1809.3763,1748.3206333333328,,,fp32-fd-warnings,2,0.0,0.0,0,2304,1803.4775333333332,1814.2525999999998,1737.8329666666664,1755.7726000000002,61.05566666666709,,4.4272878881201905e-05,1.2584719635583663e-07
go2,generalized_gravity,bard,256,collection,float32,library dynamics,3,validated,,1809.4159666666667,1746.0232999999998,,,fp32-fd-warnings,2,0.0,0.0,0,4608,1796.8283,1815.0731666666666,1740.729566666667,1763.2263333333328,63.392666666666855,,4.672310959108472e-05,1.2936424018564582e-07
go2,generalized_gravity,bard,1024,collection,float32,library dynamics,3,validated,,1867.9531000000002,1801.4400000000003,,,fp32-fd-warnings,2,0.0,0.0,0,18432,1839.0483,1894.5419333333334,1781.3023666666666,1821.1238666666666,66.5130999999999,,6.492835902349725e-05,1.3437627920518681e-07
go2,generalized_gravity,frax,16,collection,unknown,unknown,3,model_mismatch,existing Frax adapter uses a six-coordinate floating base; shared quaternion fixture needs a validated conversion,,,,,fp32-fd-warnings,2,,,0,0,,,,,,,,
go2,generalized_gravity,frax,32,collection,unknown,unknown,3,model_mismatch,existing Frax adapter uses a six-coordinate floating base; shared quaternion fixture needs a validated conversion,,,,,fp32-fd-warnings,2,,,0,0,,,,,,,,
go2,generalized_gravity,frax,64,collection,unknown,unknown,3,model_mismatch,existing Frax adapter uses a six-coordinate floating base; shared quaternion fixture needs a validated conversion,,,,,fp32-fd-warnings,2,,,0,0,,,,,,,,
go2,generalized_gravity,frax,128,collection,unknown,unknown,3,model_mismatch,existing Frax adapter uses a six-coordinate floating base; shared quaternion fixture needs a validated conversion,,,,,fp32-fd-warnings,2,,,0,0,,,,,,,,
go2,generalized_gravity,frax,256,collection,unknown,unknown,3,model_mismatch,existing Frax adapter uses a six-coordinate floating base; shared quaternion fixture needs a validated conversion,,,,,fp32-fd-warnings,2,,,0,0,,,,,,,,
go2,generalized_gravity,frax,1024,collection,unknown,unknown,3,model_mismatch,existing Frax adapter uses a six-coordinate floating base; shared quaternion fixture needs a validated conversion,,,,,fp32-fd-warnings,2,,,0,0,,,,,,,,
go2,generalized_gravity,grim_cuda,16,collection,float32,analytical,3,validated,,28.030432637532552,22.094598897298177,,128,fp32-fd-warnings,2,0.0,0.0,0,288,27.974867248535155,28.128799947102866,22.07943369547526,22.095132954915364,5.935833740234376,,3.5967961480309896e-05,1.0436246132877282e-07
go2,generalized_gravity,grim_cuda,32,collection,float32,analytical,3,validated,,27.88783467610677,21.824898274739585,,128,fp32-fd-warnings,2,0.0,0.0,0,576,27.786834716796875,27.898633829752605,21.802500406901043,21.834800720214844,6.062936401367185,,3.5967961480309896e-05,1.0459098745164552e-07
go2,generalized_gravity,grim_cuda,64,collection,float32,analytical,3,validated,,28.376366170247397,21.909298706054688,,128,fp32-fd-warnings,2,0.0,0.0,0,1152,28.338800557454427,28.454434204101563,21.86706797281901,21.9111328125,6.467067464192709,,3.5967961480309896e-05,1.0630285277757863e-07
go2,generalized_gravity,grim_cuda,128,collection,float32,analytical,3,validated,,28.676031494140624,21.832100423177085,,128,fp32-fd-warnings,2,0.0,0.0,0,2304,28.666634114583335,28.692599487304687,21.795231119791666,21.86270039876302,6.843931070963539,,3.5967961480309896e-05,1.0726028212040016e-07
go2,generalized_gravity,grim_cuda,256,collection,float32,analytical,3,validated,,28.956466166178384,21.28823445638021,,128,fp32-fd-warnings,2,0.0,0.0,0,4608,28.791100056966147,28.993867492675783,21.2791010538737,21.32009989420573,7.6682317097981745,,3.5967961480309896e-05,1.0497768957136708e-07
go2,generalized_gravity,grim_cuda,1024,collection,float32,analytical,3,validated,,51.300200907389325,32.67960052490234,,128,fp32-fd-warnings,2,0.0,0.0,0,18432,49.66113433837891,52.965431722005206,32.65169830322266,32.68843434651693,18.620600382486984,,5.2100159393830836e-05,1.0389568449023069e-07
go2,generalized_gravity,grim_jax,16,collection,float32,analytical,3,validated,,124.7905,49.24470000000001,,,fp32-fd-warnings,2,0.0,0.0,0,288,120.67406666666666,151.95899999999997,47.8604,57.26996666666666,75.54579999999999,,3.5967961480309896e-05,1.0436246132877282e-07
go2,generalized_gravity,grim_jax,32,collection,float32,analytical,3,validated,,157.00689999999997,56.1458,,,fp32-fd-warnings,2,0.0,0.0,0,576,122.69630000000002,160.98033333333333,46.85816666666667,63.62193333333333,100.86109999999996,,3.5967961480309896e-05,1.0459098745164552e-07
go2,generalized_gravity,grim_jax,64,collection,float32,analytical,3,validated,,127.03763333333335,56.483766666666654,,,fp32-fd-warnings,2,0.0,0.0,0,1152,124.30470000000001,151.78166666666664,48.006,58.907900000000005,70.55386666666669,,3.5967961480309896e-05,1.0630285277757863e-07
go2,generalized_gravity,grim_jax,128,collection,float32,analytical,3,validated,,149.13256666666663,47.8755,,,fp32-fd-warnings,2,0.0,0.0,0,2304,148.52559999999997,388.6635333333333,47.670899999999996,54.78303333333333,101.25706666666663,,3.5967961480309896e-05,1.0726028212040016e-07
go2,generalized_gravity,grim_jax,256,collection,float32,analytical,3,validated,,129.15016666666665,47.008100000000006,,,fp32-fd-warnings,2,0.0,0.0,0,4608,124.08186666666667,650.6043333333333,46.989,55.483933333333326,82.14206666666664,,3.5967961480309896e-05,1.0497768957136708e-07
go2,generalized_gravity,grim_jax,1024,collection,float32,analytical,3,validated,,212.21716666666666,59.8796,,,fp32-fd-warnings,2,0.0,0.0,0,18432,153.66060000000002,542.9213,57.44939999999998,66.53813333333332,152.33756666666665,,5.2100159393830836e-05,1.0389568449023069e-07
go2,generalized_gravity,mjx,16,collection,float32,simulator inverse dynamics at zero velocity and acceleration,3,validated,,325.3560666666666,146.3484,,,fp32-fd-warnings,2,2.384185791015625e-06,5.108440627438705e-09,0,288,277.90913333333333,429.1144666666668,136.86766666666662,158.08713333333336,179.0076666666666,,3.2373562959264746e-05,1.4870011765362724e-07
go2,generalized_gravity,mjx,32,collection,float32,simulator inverse dynamics at zero velocity and acceleration,3,validated,,301.33053333333334,121.52366666666668,,,fp32-fd-warnings,2,1.430511474609375e-06,4.316745915171969e-09,0,576,250.7781333333333,427.5760999999999,117.75403333333335,123.82233333333333,179.80686666666665,,3.3749689322348786e-05,1.4808769304100547e-07
go2,generalized_gravity,mjx,64,collection,float32,simulator inverse dynamics at zero velocity and acceleration,3,validated,,288.3123666666666,243.6285,,,fp32-fd-warnings,2,1.7881393432617188e-06,4.044154307608621e-09,0,1152,258.30463333333336,552.5775333333335,116.36516666666667,317.9890666666667,,negative total-minus-resident in at least one repeat; decomposition unavailable,3.885927478108897e-05,1.5135534633070012e-07
go2,generalized_gravity,mjx,128,collection,float32,simulator inverse dynamics at zero velocity and acceleration,3,validated,,517.0950666666665,188.7367,,,fp32-fd-warnings,2,1.5497207641601562e-06,3.830983966897303e-09,0,2304,351.6465666666666,756.0711333333334,181.95830000000007,503.5722666666666,,negative total-minus-resident in at least one repeat; decomposition unavailable,3.885927478108897e-05,1.4857941678075836e-07
go2,generalized_gravity,mjx,256,collection,float32,simulator inverse dynamics at zero velocity and acceleration,3,validated,,475.9486333333334,230.59433333333334,,,fp32-fd-warnings,2,1.9073486328125e-06,3.6997792531827672e-09,0,4608,394.7947000000001,872.9123999999999,178.5683,396.1787666666667,,negative total-minus-resident in at least one repeat; decomposition unavailable,4.498685831322291e-05,1.4929087323568604e-07
go2,generalized_gravity,mjx,1024,collection,float32,simulator inverse dynamics at zero velocity and acceleration,3,validated,,816.6163666666667,346.9514666666666,,,fp32-fd-warnings,2,2.384185791015625e-06,3.731251220826125e-09,0,18432,625.4138666666666,910.3089999999999,328.56923333333333,592.7111666666666,469.66490000000016,,4.498685831322291e-05,1.4620035132933075e-07
go2,generalized_gravity,mujoco_cpu,16,collection,float64,simulator inverse dynamics at zero velocity and acceleration,3,validated,,62.899433333333334,,,,fp32-fd-warnings,2,0.0,0.0,0,288,62.86873333333334,62.97806666666666,,,,,1.0552273892017183e-05,4.3851303796712004e-08
go2,generalized_gravity,mujoco_cpu,32,collection,float64,simulator inverse dynamics at zero velocity and acceleration,3,validated,,126.42163333333333,,,,fp32-fd-warnings,2,0.0,0.0,0,576,125.31483333333333,126.73183333333334,,,,,1.6555361327164064e-05,4.60201595860704e-08
go2,generalized_gravity,mujoco_cpu,64,collection,float64,simulator inverse dynamics at zero velocity and acceleration,3,validated,,257.8961666666667,,,,fp32-fd-warnings,2,0.0,0.0,0,1152,256.8271,267.8448333333333,,,,,1.7037985713841408e-05,4.4582754512082256e-08
go2,generalized_gravity,mujoco_cpu,128,collection,float64,simulator inverse dynamics at zero velocity and acceleration,3,validated,,555.1733,,,,fp32-fd-warnings,2,0.0,0.0,0,2304,545.2289333333332,559.6056666666667,,,,,1.7037985713841408e-05,4.625818889457276e-08
go2,generalized_gravity,mujoco_cpu,256,collection,float64,simulator inverse dynamics at zero velocity and acceleration,3,validated,,1130.0663666666667,,,,fp32-fd-warnings,2,0.0,0.0,0,4608,1104.7606,1134.8836999999999,,,,,2.3165569245975348e-05,4.664389778649699e-08
go2,generalized_gravity,mujoco_cpu,1024,collection,float64,simulator inverse dynamics at zero velocity and acceleration,3,validated,,5832.0451,,,,fp32-fd-warnings,2,0.0,0.0,0,18432,5694.590600000001,5898.1338,,,,,2.3165569245975348e-05,4.5096220359820654e-08
go2,generalized_gravity,mujoco_warp,16,collection,float32,simulator inverse dynamics at zero velocity and acceleration,3,validated,,149.67263333333332,117.11806666666665,746.5999,,fp32-fd-warnings,2,4.76837158203125e-07,1.3990398246559207e-09,0,288,148.99706666666665,149.68883333333332,117.07543333333332,117.42926666666663,32.55456666666667,,3.2373562959264746e-05,1.488061869437258e-07
go2,generalized_gravity,mujoco_warp,32,collection,float32,simulator inverse dynamics at zero velocity and acceleration,3,validated,,158.78986666666668,124.56353333333333,734.1189000000002,,fp32-fd-warnings,2,7.152557373046875e-07,1.2870281939929616e-09,0,576,158.09436666666667,159.57219999999998,124.50776666666667,124.73486666666668,34.22633333333336,,3.3749689322348786e-05,1.4809135574844375e-07
go2,generalized_gravity,mujoco_warp,64,collection,float32,simulator inverse dynamics at zero velocity and acceleration,3,validated,,172.82343333333338,136.031,758.8946666666668,,fp32-fd-warnings,2,9.5367431640625e-07,1.4980359057496924e-09,0,1152,171.75806666666668,173.6566333333333,136.02046666666666,136.04130000000004,36.79243333333338,,3.885927478108897e-05,1.5139296254428088e-07
go2,generalized_gravity,mujoco_warp,128,collection,float32,simulator inverse dynamics at zero velocity and acceleration,3,validated,,176.45313333333337,141.19573333333335,769.5691666666665,,fp32-fd-warnings,2,9.98377799987793e-07,1.3576906892365725e-09,0,2304,176.4232,176.55240000000003,141.17909999999998,141.25566666666666,35.25740000000002,,3.885927478108897e-05,1.4858152468564122e-07
go2,generalized_gravity,mujoco_warp,256,collection,float32,simulator inverse dynamics at zero velocity and acceleration,3,validated,,180.4623,144.28886666666668,773.9489333333336,,fp32-fd-warnings,2,1.646578311920166e-06,1.4415055792292994e-09,0,4608,178.70426666666668,181.0835,144.27616666666665,144.3152,36.17343333333332,,4.498685831322291e-05,1.493184568625773e-07
go2,generalized_gravity,mujoco_warp,1024,collection,float32,simulator inverse dynamics at zero velocity and acceleration,3,validated,,209.78213333333332,159.99776666666668,767.0072,,fp32-fd-warnings,2,1.646578311920166e-06,1.275207513700123e-09,0,18432,209.49980000000002,210.23389999999998,159.95666666666662,160.04016666666666,49.78436666666664,,4.498685831322291e-05,1.462093178719951e-07
go2,generalized_gravity,pinocchio,16,collection,float32,codegen RNEA at zero acceleration/velocity,3,validated,,7.136433333333333,,,1,fp32-fd-warnings,2,0.0,0.0,0,288,7.130933333333333,8.200466666666667,,,,,2.4094146368724978e-05,9.214166765437766e-08
go2,generalized_gravity,pinocchio,32,collection,float32,codegen RNEA at zero acceleration/velocity,3,validated,,11.999366666666667,,,1,fp32-fd-warnings,2,0.0,0.0,0,576,11.5768,12.054633333333332,,,,,2.6553216670777147e-05,9.059602762703274e-08
go2,generalized_gravity,pinocchio,64,collection,float32,codegen RNEA at zero acceleration/velocity,3,validated,,13.200866666666665,,,8,fp32-fd-warnings,2,0.0,0.0,0,1152,13.126800000000001,13.896600000000001,,,,,2.6553216670777147e-05,8.648981711405295e-08
go2,generalized_gravity,pinocchio,128,collection,float32,codegen RNEA at zero acceleration/velocity,3,validated,,15.962366666666668,,,8,fp32-fd-warnings,2,0.0,0.0,0,2304,15.830766666666669,16.126733333333334,,,,,3.0104445102097088e-05,9.352286015475937e-08
go2,generalized_gravity,pinocchio,256,collection,float32,codegen RNEA at zero acceleration/velocity,3,validated,,21.759133333333335,,,8,fp32-fd-warnings,2,0.0,0.0,0,4608,21.75206666666666,21.865866666666673,,,,,3.063779054457427e-05,9.628983678186252e-08
go2,generalized_gravity,pinocchio,1024,collection,float32,codegen RNEA at zero acceleration/velocity,3,validated,,55.449333333333335,,,8,fp32-fd-warnings,2,0.0,0.0,0,18432,49.941800000000015,55.7227,,,,,3.842423092237368e-05,9.873853137970044e-08
go2,generalized_gravity,pinocchio_plain,16,collection,float32,standard Pinocchio API (no codegen),3,validated,,11.163633333333335,,,1,fp32-fd-warnings,2,0.0,0.0,0,288,11.033100000000001,11.3902,,,,,2.4094146368724978e-05,9.180429724986531e-08
go2,generalized_gravity,pinocchio_plain,32,collection,float32,standard Pinocchio API (no codegen),3,validated,,12.693999999999999,,,8,fp32-fd-warnings,2,0.0,0.0,0,576,12.638666666666664,12.881599999999999,,,,,2.4094146368724978e-05,8.3515908972499e-08
go2,generalized_gravity,pinocchio_plain,64,collection,float32,standard Pinocchio API (no codegen),3,validated,,15.408333333333331,,,8,fp32-fd-warnings,2,0.0,0.0,0,1152,15.147533333333337,16.547633333333334,,,,,2.4094146368724978e-05,8.189767417862124e-08
go2,generalized_gravity,pinocchio_plain,128,collection,float32,standard Pinocchio API (no codegen),3,validated,,20.47426666666667,,,8,fp32-fd-warnings,2,0.0,0.0,0,2304,20.365266666666674,20.7114,,,,,3.043144266712261e-05,9.36938843702023e-08
go2,generalized_gravity,pinocchio_plain,256,collection,float32,standard Pinocchio API (no codegen),3,validated,,31.243866666666666,,,8,fp32-fd-warnings,2,0.0,0.0,0,4608,31.035300000000003,31.319766666666666,,,,,3.826718507582427e-05,9.746724434314093e-08
go2,generalized_gravity,pinocchio_plain,1024,collection,float32,standard Pinocchio API (no codegen),3,validated,,95.05236666666669,,,8,fp32-fd-warnings,2,0.0,0.0,0,18432,94.74146666666667,95.39946666666668,,,,,4.5294866239942166e-05,1.004156944337485e-07
go2,minv,bard,16,collection,unknown,unknown,3,adapter_pending,selected operation not wired; not a library capability claim,,,,,fp32-fd-warnings,2,,,0,0,,,,,,,,
go2,minv,bard,32,collection,unknown,unknown,3,adapter_pending,selected operation not wired; not a library capability claim,,,,,fp32-fd-warnings,2,,,0,0,,,,,,,,
go2,minv,bard,64,collection,unknown,unknown,3,adapter_pending,selected operation not wired; not a library capability claim,,,,,fp32-fd-warnings,2,,,0,0,,,,,,,,
go2,minv,bard,128,collection,unknown,unknown,3,adapter_pending,selected operation not wired; not a library capability claim,,,,,fp32-fd-warnings,2,,,0,0,,,,,,,,
go2,minv,bard,256,collection,unknown,unknown,3,adapter_pending,selected operation not wired; not a library capability claim,,,,,fp32-fd-warnings,2,,,0,0,,,,,,,,
go2,minv,bard,1024,collection,unknown,unknown,3,adapter_pending,selected operation not wired; not a library capability claim,,,,,fp32-fd-warnings,2,,,0,0,,,,,,,,
go2,minv,frax,16,collection,unknown,unknown,3,model_mismatch,existing Frax adapter uses a six-coordinate floating base; shared quaternion fixture needs a validated conversion,,,,,fp32-fd-warnings,2,,,0,0,,,,,,,,
go2,minv,frax,32,collection,unknown,unknown,3,model_mismatch,existing Frax adapter uses a six-coordinate floating base; shared quaternion fixture needs a validated conversion,,,,,fp32-fd-warnings,2,,,0,0,,,,,,,,
go2,minv,frax,64,collection,unknown,unknown,3,model_mismatch,existing Frax adapter uses a six-coordinate floating base; shared quaternion fixture needs a validated conversion,,,,,fp32-fd-warnings,2,,,0,0,,,,,,,,
go2,minv,frax,128,collection,unknown,unknown,3,model_mismatch,existing Frax adapter uses a six-coordinate floating base; shared quaternion fixture needs a validated conversion,,,,,fp32-fd-warnings,2,,,0,0,,,,,,,,
go2,minv,frax,256,collection,unknown,unknown,3,model_mismatch,existing Frax adapter uses a six-coordinate floating base; shared quaternion fixture needs a validated conversion,,,,,fp32-fd-warnings,2,,,0,0,,,,,,,,
go2,minv,frax,1024,collection,unknown,unknown,3,model_mismatch,existing Frax adapter uses a six-coordinate floating base; shared quaternion fixture needs a validated conversion,,,,,fp32-fd-warnings,2,,,0,0,,,,,,,,
go2,minv,grim_cuda,16,collection,float32,analytical,3,validated,,35.317333984375,25.76026611328125,,128,fp32-fd-warnings,2,0.0,0.0,0,5184,35.284533182779946,35.40003458658854,25.671768188476562,25.77693379720052,9.557067871093746,,8.368805833924853e-05,8.402921741097688e-08
go2,minv,grim_cuda,32,collection,float32,analytical,3,validated,,35.85686543782552,25.599501037597655,,128,fp32-fd-warnings,2,0.0,0.0,0,10368,35.83733215332031,35.9260004679362,25.586534118652345,25.620066324869793,10.257364400227864,,8.368805833924853e-05,8.02005255122975e-08
go2,minv,grim_cuda,64,collection,float32,analytical,3,validated,,37.44306640625,25.632200113932292,,128,fp32-fd-warnings,2,0.0,0.0,0,20736,37.42833404541015,37.523668924967446,25.628465779622395,25.671966552734375,11.810866292317705,,8.368805833924853e-05,7.885610534518077e-08
go2,minv,grim_cuda,128,collection,float32,analytical,3,validated,,39.92699940999349,25.594501749674478,,128,fp32-fd-warnings,2,0.0,0.0,0,41472,39.54253387451172,40.06546579996745,25.55286407470703,25.61319834391276,14.332497660319014,,8.368805833924853e-05,8.251695391880357e-08
go2,minv,grim_cuda,256,collection,float32,analytical,3,validated,,45.41383412679036,26.153766377766928,,128,fp32-fd-warnings,2,0.0,0.0,0,82944,45.34766693115235,45.494300333658856,26.138496907552085,26.177867635091147,19.260067749023435,,8.368805833924853e-05,8.0606778269526e-08
go2,minv,grim_cuda,1024,collection,float32,analytical,3,validated,,121.70720011393229,43.67786560058594,,128,fp32-fd-warnings,2,0.0,0.0,0,331776,121.18473256429037,122.05769907633463,43.643699137369794,43.7412348429362,78.02933451334636,,8.368805833924853e-05,8.034138614745444e-08
go2,minv,grim_jax,16,collection,float32,analytical,3,validated,,153.37230000000002,63.236633333333344,,,fp32-fd-warnings,2,0.0,0.0,0,5184,130.13336666666666,154.4908,53.78279999999999,63.80266666666667,90.13566666666668,,8.368805833924853e-05,8.402921741097688e-08
go2,minv,grim_jax,32,collection,float32,analytical,3,validated,,158.52006666666665,61.352099999999986,,,fp32-fd-warnings,2,0.0,0.0,0,10368,132.8521333333333,160.08569999999997,52.69066666666665,61.66963333333334,97.16796666666667,,8.368805833924853e-05,8.02005255122975e-08
go2,minv,grim_jax,64,collection,float32,analytical,3,validated,,143.7909,62.003466666666675,,,fp32-fd-warnings,2,0.0,0.0,0,20736,141.6598666666667,166.71106666666668,52.00563333333333,62.71703333333333,81.78743333333333,,8.368805833924853e-05,7.885610534518077e-08
go2,minv,grim_jax,128,collection,float32,analytical,3,validated,,170.54153333333335,61.28676666666666,,,fp32-fd-warnings,2,0.0,0.0,0,41472,161.15343333333334,426.08626666666663,60.62776666666665,112.72333333333331,109.25476666666668,,8.368805833924853e-05,8.251695391880357e-08
go2,minv,grim_jax,256,collection,float32,analytical,3,validated,,458.44266666666664,54.44566666666665,,,fp32-fd-warnings,2,0.0,0.0,0,82944,173.06593333333333,534.6244333333333,53.03413333333334,62.59553333333333,403.997,,8.368805833924853e-05,8.0606778269526e-08
go2,minv,grim_jax,1024,collection,float32,analytical,3,validated,,560.9640666666667,81.87173333333335,,,fp32-fd-warnings,2,0.0,0.0,0,331776,415.26419999999996,816.5305666666667,71.20946666666667,173.17553333333336,479.09233333333333,,8.368805833924853e-05,8.034138614745444e-08
go2,minv,mjx,16,collection,unknown,unknown,3,adapter_pending,selected operation not wired,,,,,fp32-fd-warnings,2,,,0,0,,,,,,,,
go2,minv,mjx,32,collection,unknown,unknown,3,adapter_pending,selected operation not wired,,,,,fp32-fd-warnings,2,,,0,0,,,,,,,,
go2,minv,mjx,64,collection,unknown,unknown,3,adapter_pending,selected operation not wired,,,,,fp32-fd-warnings,2,,,0,0,,,,,,,,
go2,minv,mjx,128,collection,unknown,unknown,3,adapter_pending,selected operation not wired,,,,,fp32-fd-warnings,2,,,0,0,,,,,,,,
go2,minv,mjx,256,collection,unknown,unknown,3,adapter_pending,selected operation not wired,,,,,fp32-fd-warnings,2,,,0,0,,,,,,,,
go2,minv,mjx,1024,collection,unknown,unknown,3,adapter_pending,selected operation not wired,,,,,fp32-fd-warnings,2,,,0,0,,,,,,,,
go2,minv,mujoco_cpu,16,collection,float64,simulator,3,validated,,142.01946666666666,,,,fp32-fd-warnings,2,0.0,0.0,0,5184,138.80613333333332,142.60969999999998,,,,,0.0010638936247460151,1.0365927984291796e-06
go2,minv,mujoco_cpu,32,collection,float64,simulator,3,validated,,281.60443333333336,,,,fp32-fd-warnings,2,0.0,0.0,0,10368,279.62406666666664,284.8074,,,,,0.0010638936247460151,9.364339437375011e-07
go2,minv,mujoco_cpu,64,collection,float64,simulator,3,validated,,575.6856666666667,,,,fp32-fd-warnings,2,0.0,0.0,0,20736,569.9213333333332,576.9401999999999,,,,,0.0010638936247460151,8.547853362652695e-07
go2,minv,mujoco_cpu,128,collection,float64,simulator,3,validated,,1162.4476333333332,,,,fp32-fd-warnings,2,0.0,0.0,0,41472,1151.3799999999999,1176.3670666666667,,,,,0.0010638936247460151,8.032867961760563e-07
go2,minv,mujoco_cpu,256,collection,float64,simulator,3,validated,,2348.3566666666666,,,,fp32-fd-warnings,2,0.0,0.0,0,82944,2327.0950666666668,2378.6060666666667,,,,,0.0010638936247460151,7.725475503114154e-07
go2,minv,mujoco_cpu,1024,collection,float64,simulator,3,validated,,11655.684666666668,,,,fp32-fd-warnings,2,0.0,0.0,0,331776,11535.4781,11819.800533333333,,,,,0.0010638936247460151,7.458899209055345e-07
go2,minv,mujoco_warp,16,collection,unknown,unknown,3,adapter_pending,no dense inverse-inertia output path,,,,,fp32-fd-warnings,2,,,0,0,,,,,,,,
go2,minv,mujoco_warp,32,collection,unknown,unknown,3,adapter_pending,no dense inverse-inertia output path,,,,,fp32-fd-warnings,2,,,0,0,,,,,,,,
go2,minv,mujoco_warp,64,collection,unknown,unknown,3,adapter_pending,no dense inverse-inertia output path,,,,,fp32-fd-warnings,2,,,0,0,,,,,,,,
go2,minv,mujoco_warp,128,collection,unknown,unknown,3,adapter_pending,no dense inverse-inertia output path,,,,,fp32-fd-warnings,2,,,0,0,,,,,,,,
go2,minv,mujoco_warp,256,collection,unknown,unknown,3,adapter_pending,no dense inverse-inertia output path,,,,,fp32-fd-warnings,2,,,0,0,,,,,,,,
go2,minv,mujoco_warp,1024,collection,unknown,unknown,3,adapter_pending,no dense inverse-inertia output path,,,,,fp32-fd-warnings,2,,,0,0,,,,,,,,
go2,minv,pinocchio,16,collection,float32,codegen,3,validated,,13.58146666666667,,,8,fp32-fd-warnings,2,0.0,0.0,0,5184,13.511833333333332,13.724833333333333,,,,,0.0010168190034391955,9.298736788742175e-07
go2,minv,pinocchio,32,collection,float32,codegen,3,validated,,16.9895,,,8,fp32-fd-warnings,2,0.0,0.0,0,10368,16.846233333333334,18.05906666666667,,,,,0.0010168190034391955,1.1669625877383592e-06
go2,minv,pinocchio,64,collection,float32,codegen,3,validated,,23.5674,,,8,fp32-fd-warnings,2,0.0,0.0,0,20736,23.3939,23.768333333333338,,,,,0.0010168190034391955,1.3859657066662878e-06
go2,minv,pinocchio,128,collection,float32,codegen,3,validated,,36.97876666666666,,,8,fp32-fd-warnings,2,0.0,0.0,0,41472,36.8666,36.978899999999996,,,,,0.0015615498327292698,1.5591687337613833e-06
go2,minv,pinocchio,256,collection,float32,codegen,3,validated,,63.7622,,,8,fp32-fd-warnings,2,0.0,0.0,0,82944,62.87373333333334,63.794866666666664,,,,,0.0015615498327292698,1.5993141670169448e-06
go2,minv,pinocchio,1024,collection,float32,codegen,3,validated,,375.71316666666655,,,8,fp32-fd-warnings,2,0.0,0.0,0,331776,221.52080000000007,403.25746666666674,,,,,0.00240323450913138,1.5878804670427602e-06
go2,minv,pinocchio_plain,16,collection,float32,standard Pinocchio API (no codegen),3,validated,,15.879533333333336,,,8,fp32-fd-warnings,2,0.0,0.0,0,5184,15.853666666666665,15.9407,,,,,0.0007877424185380733,7.792351363700358e-07
go2,minv,pinocchio_plain,32,collection,float32,standard Pinocchio API (no codegen),3,validated,,21.181566666666665,,,8,fp32-fd-warnings,2,0.0,0.0,0,10368,21.147800000000004,21.221266666666672,,,,,0.0007877424185380733,1.0847963531286194e-06
go2,minv,pinocchio_plain,64,collection,float32,standard Pinocchio API (no codegen),3,validated,,31.43866666666667,,,8,fp32-fd-warnings,2,0.0,0.0,0,20736,31.388566666666673,31.924033333333334,,,,,0.0009387454446709853,1.2398563033513988e-06
go2,minv,pinocchio_plain,128,collection,float32,standard Pinocchio API (no codegen),3,validated,,46.37393333333332,,,8,fp32-fd-warnings,2,0.0,0.0,0,41472,46.190900000000006,52.55856666666667,,,,,0.0009794025077667357,1.4387768888844901e-06
go2,minv,pinocchio_plain,256,collection,float32,standard Pinocchio API (no codegen),3,validated,,83.50946666666668,,,8,fp32-fd-warnings,2,0.0,0.0,0,82944,82.58310000000002,93.9361,,,,,0.0009794025077667357,1.3897855975429428e-06
go2,minv,pinocchio_plain,1024,collection,float32,standard Pinocchio API (no codegen),3,validated,,297.0306666666666,,,8,fp32-fd-warnings,2,0.0,0.0,0,331776,291.4175666666667,483.50809999999996,,,,,0.002465193265607013,1.4599278034253034e-06
go2,nonlinear_effects,bard,16,collection,float32,library dynamics,3,validated,,1777.6879999999999,1726.1404333333332,,,fp32-fd-warnings,2,2.288818359375e-05,1.6973078834440023e-08,0,288,1771.8328333333334,1791.0170333333335,1712.0894999999998,1730.3835000000001,51.547566666666626,,7.719893983448856e-05,7.85792350550397e-08
go2,nonlinear_effects,bard,32,collection,float32,library dynamics,3,validated,,1809.0355000000002,1752.5932000000003,,,fp32-fd-warnings,2,2.288818359375e-05,2.544793991625694e-08,0,576,1800.9065333333335,1813.3369999999998,1735.6142999999997,1756.1197666666665,56.44229999999993,,7.719893983448856e-05,8.81101303440657e-08
go2,nonlinear_effects,bard,64,collection,float32,library dynamics,3,validated,,1811.2579333333333,1748.6420666666668,,,fp32-fd-warnings,2,3.0517578125e-05,3.4590423443969646e-08,0,1152,1806.8305,1818.098866666667,1746.4932666666668,1756.1437666666668,62.615866666666534,,7.719893983448856e-05,9.526875499173918e-08
go2,nonlinear_effects,bard,128,collection,float32,library dynamics,3,validated,,1832.8823333333328,1765.8909666666666,,,fp32-fd-warnings,2,0.0,0.0,0,2304,1807.3589666666667,1833.3179333333333,1745.3510666666666,1769.3709000000001,66.99136666666618,,7.719893983448856e-05,1.0122542448575001e-07
go2,nonlinear_effects,bard,256,collection,float32,library dynamics,3,validated,,1833.8672666666669,1770.4086333333332,,,fp32-fd-warnings,2,0.0,0.0,0,4608,1809.8669666666667,1836.0853999999997,1742.6600666666664,1795.568,63.45863333333364,,7.719893983448856e-05,1.1318312155156787e-07
go2,nonlinear_effects,bard,1024,collection,float32,library dynamics,3,validated,,1878.4060333333332,1805.572533333333,,,fp32-fd-warnings,2,0.0,0.0,0,18432,1866.3915999999997,1893.2853666666667,1796.7649666666664,1827.5745333333334,72.83350000000019,,7.719893983448856e-05,1.2487939128866672e-07
go2,nonlinear_effects,frax,16,collection,unknown,unknown,3,model_mismatch,existing Frax adapter uses a six-coordinate floating base; shared quaternion fixture needs a validated conversion,,,,,fp32-fd-warnings,2,,,0,0,,,,,,,,
go2,nonlinear_effects,frax,32,collection,unknown,unknown,3,model_mismatch,existing Frax adapter uses a six-coordinate floating base; shared quaternion fixture needs a validated conversion,,,,,fp32-fd-warnings,2,,,0,0,,,,,,,,
go2,nonlinear_effects,frax,64,collection,unknown,unknown,3,model_mismatch,existing Frax adapter uses a six-coordinate floating base; shared quaternion fixture needs a validated conversion,,,,,fp32-fd-warnings,2,,,0,0,,,,,,,,
go2,nonlinear_effects,frax,128,collection,unknown,unknown,3,model_mismatch,existing Frax adapter uses a six-coordinate floating base; shared quaternion fixture needs a validated conversion,,,,,fp32-fd-warnings,2,,,0,0,,,,,,,,
go2,nonlinear_effects,frax,256,collection,unknown,unknown,3,model_mismatch,existing Frax adapter uses a six-coordinate floating base; shared quaternion fixture needs a validated conversion,,,,,fp32-fd-warnings,2,,,0,0,,,,,,,,
go2,nonlinear_effects,frax,1024,collection,unknown,unknown,3,model_mismatch,existing Frax adapter uses a six-coordinate floating base; shared quaternion fixture needs a validated conversion,,,,,fp32-fd-warnings,2,,,0,0,,,,,,,,
go2,nonlinear_effects,grim_cuda,16,collection,float32,analytical,3,validated,,27.949300130208332,22.08433329264323,,224,fp32-fd-warnings,2,0.0,0.0,0,288,27.919501241048177,27.959266662597656,22.06026611328125,22.635933430989585,5.8649668375651025,,7.719893983448856e-05,6.06506104388638e-08
go2,nonlinear_effects,grim_cuda,32,collection,float32,analytical,3,validated,,27.825733947753907,21.858031209309896,,224,fp32-fd-warnings,2,0.0,0.0,0,576,27.776566569010416,27.870098876953126,21.834432474772136,21.882432556152345,5.967702738444011,,7.719893983448856e-05,6.383787828347875e-08
go2,nonlinear_effects,grim_cuda,64,collection,float32,analytical,3,validated,,28.47243398030599,21.93999989827474,,224,fp32-fd-warnings,2,0.0,0.0,0,1152,28.38593495686849,30.45489959716797,21.91420135498047,21.9955322265625,6.532434082031251,,7.719893983448856e-05,6.936087837660784e-08
go2,nonlinear_effects,grim_cuda,128,collection,float32,analytical,3,validated,,28.699300130208332,21.990301513671874,,224,fp32-fd-warnings,2,0.0,0.0,0,2304,28.66169687906901,28.721600341796876,21.982232666015626,21.99550069173177,6.708998616536459,,7.719893983448856e-05,8.001957634973838e-08
go2,nonlinear_effects,grim_cuda,256,collection,float32,analytical,3,validated,,28.829664611816405,21.382334391276043,,224,fp32-fd-warnings,2,0.0,0.0,0,4608,28.75603281656901,28.93626454671224,21.370699564615887,21.419565836588543,7.447330220540362,,7.719893983448856e-05,8.75991004043945e-08
go2,nonlinear_effects,grim_cuda,1024,collection,float32,analytical,3,validated,,73.60483347574869,54.24739990234375,,224,fp32-fd-warnings,2,0.0,0.0,0,18432,73.05619964599609,74.16143290201823,54.18143361409505,54.2896006266276,19.35743357340494,,7.719893983448856e-05,9.742616920274671e-08
go2,nonlinear_effects,grim_jax,16,collection,float32,analytical,3,validated,,161.3452,50.49546666666667,,,fp32-fd-warnings,2,0.0,0.0,0,288,159.23906666666664,163.2001,48.08986666666667,81.66403333333336,110.84973333333333,,7.719893983448856e-05,6.06506104388638e-08
go2,nonlinear_effects,grim_jax,32,collection,float32,analytical,3,validated,,164.66936666666663,49.31483333333333,,,fp32-fd-warnings,2,0.0,0.0,0,576,163.96869999999998,175.37290000000002,48.21883333333334,59.81480000000001,115.35453333333331,,7.719893983448856e-05,6.383787828347875e-08
go2,nonlinear_effects,grim_jax,64,collection,float32,analytical,3,validated,,169.40733333333336,51.55763333333334,,,fp32-fd-warnings,2,0.0,0.0,0,1152,164.50246666666672,306.0058666666666,50.26456666666666,52.13406666666667,117.84970000000001,,7.719893983448856e-05,6.936087837660784e-08
go2,nonlinear_effects,grim_jax,128,collection,float32,analytical,3,validated,,164.15339999999995,49.52066666666667,,,fp32-fd-warnings,2,0.0,0.0,0,2304,160.24689999999998,206.7452,48.64343333333333,50.6316,114.63273333333328,,7.719893983448856e-05,8.001957634973838e-08
go2,nonlinear_effects,grim_jax,256,collection,float32,analytical,3,validated,,243.5042666666667,57.99626666666666,,,fp32-fd-warnings,2,0.0,0.0,0,4608,181.12106666666668,263.2162333333333,48.941900000000004,59.43123333333333,185.50800000000004,,7.719893983448856e-05,8.75991004043945e-08
go2,nonlinear_effects,grim_jax,1024,collection,float32,analytical,3,validated,,306.8145333333333,82.86149999999998,,,fp32-fd-warnings,2,0.0,0.0,0,18432,210.10513333333336,573.3883333333332,82.4942,86.2707,223.95303333333334,,7.719893983448856e-05,9.742616920274671e-08
go2,nonlinear_effects,mjx,16,collection,float32,simulator inverse dynamics at zero acceleration,3,validated,,462.8806,146.40766666666664,,,fp32-fd-warnings,2,4.57763671875e-05,9.520949143933099e-08,0,288,420.1492666666666,646.1311666666666,143.8217,245.0755,316.47293333333334,,6.81852183817e-05,1.8817862910872482e-07
go2,nonlinear_effects,mjx,32,collection,float32,simulator inverse dynamics at zero acceleration,3,validated,,397.20136666666673,164.43869999999998,,,fp32-fd-warnings,2,3.0517578125e-05,9.011924061654854e-08,0,576,359.07263333333333,466.2466999999999,121.40773333333335,307.7996,232.76266666666675,,7.581461291295e-05,1.5518087044624382e-07
go2,nonlinear_effects,mjx,64,collection,float32,simulator inverse dynamics at zero acceleration,3,validated,,422.1046666666667,167.69113333333328,,,fp32-fd-warnings,2,4.57763671875e-05,1.0115155279757945e-07,0,1152,364.4948,423.27389999999997,118.06393333333331,185.0078333333333,254.4135333333334,,7.581461291295e-05,1.262828090969415e-07
go2,nonlinear_effects,mjx,128,collection,float32,simulator inverse dynamics at zero acceleration,3,validated,,421.7192999999999,370.59286666666674,,,fp32-fd-warnings,2,6.103515625e-05,8.257758794254654e-08,0,2304,398.1998666666667,471.55406666666664,226.91686666666672,426.4117999999999,,negative total-minus-resident in at least one repeat; decomposition unavailable,7.581461291295e-05,1.169740274820554e-07
go2,nonlinear_effects,mjx,256,collection,float32,simulator inverse dynamics at zero acceleration,3,validated,,452.11956666666657,185.48493333333337,,,fp32-fd-warnings,2,4.57763671875e-05,7.467239032729303e-08,0,4608,429.91486666666657,487.45750000000004,176.67690000000002,210.3505666666666,266.6346333333332,,6.81852183817e-05,1.0612140404200185e-07
go2,nonlinear_effects,mjx,1024,collection,float32,simulator inverse dynamics at zero acceleration,3,validated,,812.3270666666666,330.6061333333334,,,fp32-fd-warnings,2,4.57763671875e-05,7.201227370574827e-08,0,18432,740.8226333333333,823.4169666666668,325.2762,377.6062666666666,481.7209333333332,,6.81852183817e-05,9.739401948057879e-08
go2,nonlinear_effects,mujoco_cpu,16,collection,float64,simulator inverse dynamics at zero acceleration,3,validated,,63.27373333333333,,,,fp32-fd-warnings,2,0.0,0.0,0,288,63.09696666666666,63.73279999999999,,,,,1.052533664847033e-05,4.3935183303201755e-08
go2,nonlinear_effects,mujoco_cpu,32,collection,float64,simulator inverse dynamics at zero acceleration,3,validated,,125.40393333333334,,,,fp32-fd-warnings,2,0.0,0.0,0,576,125.33903333333333,125.5351,,,,,1.6518351372951656e-05,4.596388585754201e-08
go2,nonlinear_effects,mujoco_cpu,64,collection,float64,simulator inverse dynamics at zero acceleration,3,validated,,260.76793333333336,,,,fp32-fd-warnings,2,0.0,0.0,0,1152,256.7056333333333,264.2167,,,,,1.6984248588869377e-05,4.44912391081523e-08
go2,nonlinear_effects,mujoco_cpu,128,collection,float64,simulator inverse dynamics at zero acceleration,3,validated,,555.7621666666668,,,,fp32-fd-warnings,2,0.0,0.0,0,2304,543.7214666666667,556.9873333333334,,,,,1.6984248588869377e-05,4.6168131759046545e-08
go2,nonlinear_effects,mujoco_cpu,256,collection,float64,simulator inverse dynamics at zero acceleration,3,validated,,1127.9749999999997,,,,fp32-fd-warnings,2,0.0,0.0,0,4608,1106.6486666666667,1139.135966666667,,,,,2.3138908886721765e-05,4.651603000826443e-08
go2,nonlinear_effects,mujoco_cpu,1024,collection,float64,simulator inverse dynamics at zero acceleration,3,validated,,5796.6879,,,,fp32-fd-warnings,2,0.0,0.0,0,18432,5693.786633333333,5902.834466666667,,,,,2.3138908886721765e-05,4.4983406029559065e-08
go2,nonlinear_effects,mujoco_warp,16,collection,float32,simulator inverse dynamics at zero acceleration,3,validated,,150.06896666666665,117.56099999999999,744.6757999999999,,fp32-fd-warnings,2,3.0517578125e-05,6.816875814613555e-08,0,288,149.31143333333333,151.1015666666667,117.51213333333335,117.72880000000004,32.50796666666666,,3.777300362273195e-05,1.2730069608133477e-07
go2,nonlinear_effects,mujoco_warp,32,collection,float32,simulator inverse dynamics at zero acceleration,3,validated,,159.28803333333332,124.8116,737.7662333333334,,fp32-fd-warnings,2,3.0517578125e-05,5.9113934610094824e-08,0,576,158.9748,160.85596666666663,124.69683333333334,125.29576666666667,34.47643333333332,,3.777300362273195e-05,1.188589085510138e-07
go2,nonlinear_effects,mujoco_warp,64,collection,float32,simulator inverse dynamics at zero acceleration,3,validated,,172.6189333333333,136.06266666666667,764.5692333333335,,fp32-fd-warnings,2,3.0517578125e-05,4.6913998580980387e-08,0,1152,172.5434,173.65453333333332,135.98999999999998,136.15506666666667,36.55626666666663,,3.777300362273195e-05,1.0547520362826658e-07
go2,nonlinear_effects,mujoco_warp,128,collection,float32,simulator inverse dynamics at zero acceleration,3,validated,,176.9968333333333,141.2740333333333,770.592,,fp32-fd-warnings,2,3.0517578125e-05,3.469853077093389e-08,0,2304,176.3629333333333,177.27496666666667,141.18366666666665,141.27460000000002,35.72280000000001,,4.276951031556564e-05,1.0053774672292757e-07
go2,nonlinear_effects,mujoco_warp,256,collection,float32,simulator inverse dynamics at zero acceleration,3,validated,,179.70486666666673,144.43796666666668,759.5848,,fp32-fd-warnings,2,3.0517578125e-05,3.708676484311487e-08,0,4608,179.273,180.05733333333333,144.3398,144.49196666666666,35.26690000000005,,5.500360330756848e-05,9.753915862091787e-08
go2,nonlinear_effects,mujoco_warp,1024,collection,float32,simulator inverse dynamics at zero acceleration,3,validated,,209.49849999999998,160.8036666666667,759.6498,,fp32-fd-warnings,2,4.57763671875e-05,2.793920064738363e-08,0,18432,209.31813333333335,209.91350000000006,160.75166666666667,160.9314666666667,48.69483333333329,,5.500360330756848e-05,1.0049071624101477e-07
go2,nonlinear_effects,pinocchio,16,collection,float32,codegen RNEA at zero acceleration/velocity,3,validated,,6.939766666666667,,,1,fp32-fd-warnings,2,0.0,0.0,0,288,6.9158333333333335,7.007666666666666,,,,,7.719893983448856e-05,6.409743078171029e-08
go2,nonlinear_effects,pinocchio,32,collection,float32,codegen RNEA at zero acceleration/velocity,3,validated,,11.897133333333334,,,1,fp32-fd-warnings,2,0.0,0.0,0,576,11.8948,11.9476,,,,,7.719893983448856e-05,6.637642914223252e-08
go2,nonlinear_effects,pinocchio,64,collection,float32,codegen RNEA at zero acceleration/velocity,3,validated,,13.587666666666669,,,8,fp32-fd-warnings,2,0.0,0.0,0,1152,13.174600000000003,14.4861,,,,,7.719893983448856e-05,7.282428231118554e-08
go2,nonlinear_effects,pinocchio,128,collection,float32,codegen RNEA at zero acceleration/velocity,3,validated,,15.8134,,,8,fp32-fd-warnings,2,0.0,0.0,0,2304,15.493566666666664,16.739766666666664,,,,,7.719893983448856e-05,8.251545732031497e-08
go2,nonlinear_effects,pinocchio,256,collection,float32,codegen RNEA at zero acceleration/velocity,3,validated,,25.38336666666667,,,8,fp32-fd-warnings,2,0.0,0.0,0,4608,21.4436,41.772166666666664,,,,,7.719893983448856e-05,8.895545286190242e-08
go2,nonlinear_effects,pinocchio,1024,collection,float32,codegen RNEA at zero acceleration/velocity,3,validated,,54.682766666666666,,,8,fp32-fd-warnings,2,0.0,0.0,0,18432,49.61246666666668,57.73296666666666,,,,,7.719893983448856e-05,9.609874159357832e-08
go2,nonlinear_effects,pinocchio_plain,16,collection,float32,standard Pinocchio API (no codegen),3,validated,,12.006366666666667,,,8,fp32-fd-warnings,2,0.0,0.0,0,288,11.968066666666667,12.508033333333332,,,,,8.788870843545737e-05,7.6555509029192e-08
go2,nonlinear_effects,pinocchio_plain,32,collection,float32,standard Pinocchio API (no codegen),3,validated,,13.661866666666668,,,8,fp32-fd-warnings,2,0.0,0.0,0,576,13.590633333333333,13.6984,,,,,8.788870843545737e-05,7.652596534066958e-08
go2,nonlinear_effects,pinocchio_plain,64,collection,float32,standard Pinocchio API (no codegen),3,validated,,17.01526666666667,,,4/8,fp32-fd-warnings,2,0.0,0.0,0,1152,16.928333333333335,23.9525,,,,,8.788870843545737e-05,7.844109604039832e-08
go2,nonlinear_effects,pinocchio_plain,128,collection,float32,standard Pinocchio API (no codegen),3,validated,,24.048433333333335,,,8,fp32-fd-warnings,2,0.0,0.0,0,2304,23.92186666666667,24.201500000000003,,,,,8.788870843545737e-05,8.634002856973853e-08
go2,nonlinear_effects,pinocchio_plain,256,collection,float32,standard Pinocchio API (no codegen),3,validated,,37.95943333333333,,,8,fp32-fd-warnings,2,0.0,0.0,0,4608,37.955266666666674,38.08846666666666,,,,,8.788870843545737e-05,9.044259217904076e-08
go2,nonlinear_effects,pinocchio_plain,1024,collection,float32,standard Pinocchio API (no codegen),3,validated,,105.32976666666667,,,8,fp32-fd-warnings,2,0.0,0.0,0,18432,104.74406666666665,121.82046666666669,,,,,8.788870843545737e-05,9.705230861090845e-08
iiwa14,ccrba,bard,16,collection,unknown,unknown,3,adapter_pending,no matched centroidal-momentum / Coriolis-matrix output in this library's public API,,,,,fp32-fd-warnings,2,,,0,0,,,,,,,,
iiwa14,ccrba,bard,32,collection,unknown,unknown,3,adapter_pending,no matched centroidal-momentum / Coriolis-matrix output in this library's public API,,,,,fp32-fd-warnings,2,,,0,0,,,,,,,,
iiwa14,ccrba,bard,64,collection,unknown,unknown,3,adapter_pending,no matched centroidal-momentum / Coriolis-matrix output in this library's public API,,,,,fp32-fd-warnings,2,,,0,0,,,,,,,,
iiwa14,ccrba,bard,128,collection,unknown,unknown,3,adapter_pending,no matched centroidal-momentum / Coriolis-matrix output in this library's public API,,,,,fp32-fd-warnings,2,,,0,0,,,,,,,,
iiwa14,ccrba,bard,256,collection,unknown,unknown,3,adapter_pending,no matched centroidal-momentum / Coriolis-matrix output in this library's public API,,,,,fp32-fd-warnings,2,,,0,0,,,,,,,,
iiwa14,ccrba,bard,1024,collection,unknown,unknown,3,adapter_pending,no matched centroidal-momentum / Coriolis-matrix output in this library's public API,,,,,fp32-fd-warnings,2,,,0,0,,,,,,,,
iiwa14,ccrba,frax,16,collection,unknown,unknown,3,adapter_pending,no matched centroidal-momentum / Coriolis-matrix output in this library's public API,,,,,fp32-fd-warnings,2,,,0,0,,,,,,,,
iiwa14,ccrba,frax,32,collection,unknown,unknown,3,adapter_pending,no matched centroidal-momentum / Coriolis-matrix output in this library's public API,,,,,fp32-fd-warnings,2,,,0,0,,,,,,,,
iiwa14,ccrba,frax,64,collection,unknown,unknown,3,adapter_pending,no matched centroidal-momentum / Coriolis-matrix output in this library's public API,,,,,fp32-fd-warnings,2,,,0,0,,,,,,,,
iiwa14,ccrba,frax,128,collection,unknown,unknown,3,adapter_pending,no matched centroidal-momentum / Coriolis-matrix output in this library's public API,,,,,fp32-fd-warnings,2,,,0,0,,,,,,,,
iiwa14,ccrba,frax,256,collection,unknown,unknown,3,adapter_pending,no matched centroidal-momentum / Coriolis-matrix output in this library's public API,,,,,fp32-fd-warnings,2,,,0,0,,,,,,,,
iiwa14,ccrba,frax,1024,collection,unknown,unknown,3,adapter_pending,no matched centroidal-momentum / Coriolis-matrix output in this library's public API,,,,,fp32-fd-warnings,2,,,0,0,,,,,,,,
iiwa14,ccrba,grim_cuda,16,collection,float32,analytical,3,validated,,27.390868631998696,21.525332641601562,,128,fp32-fd-warnings,2,0.0,0.0,0,768,27.35576629638672,28.971600341796876,21.509733072916667,21.55183359781901,5.8655359903971345,,3.2300416528130427e-06,1.4179590588388005e-07
iiwa14,ccrba,grim_cuda,32,collection,float32,analytical,3,validated,,27.40840047200521,21.525867207845053,,128,fp32-fd-warnings,2,0.0,0.0,0,1536,27.34540049235026,27.684200541178384,21.496400451660158,21.560699462890625,5.8825332641601555,,3.2300416528130427e-06,1.3799244081035247e-07
iiwa14,ccrba,grim_cuda,64,collection,float32,analytical,3,validated,,27.619700113932293,21.48636728922526,,128,fp32-fd-warnings,2,0.0,0.0,0,3072,27.58189951578776,27.727965291341146,21.47176767985026,21.55093485514323,6.133332824707033,,3.2300416528130427e-06,1.3713677686178665e-07
iiwa14,ccrba,grim_cuda,128,collection,float32,analytical,3,validated,,28.125333658854167,21.62693125406901,,128,fp32-fd-warnings,2,0.0,0.0,0,6144,28.07220001220703,28.20599822998047,21.598766581217447,21.65263214111328,6.498402404785157,,3.2300416528130427e-06,1.3257867191748251e-07
iiwa14,ccrba,grim_cuda,256,collection,float32,analytical,3,validated,,29.911766560872397,22.066266377766926,,128,fp32-fd-warnings,2,0.0,0.0,0,12288,29.808533223470054,29.912233479817708,22.03580118815104,22.097300211588543,7.845500183105472,,3.2300416528130427e-06,1.324819586406255e-07
iiwa14,ccrba,grim_cuda,1024,collection,float32,analytical,3,validated,,51.0958002726237,37.66173350016276,,128,fp32-fd-warnings,2,0.0,0.0,0,49152,51.08400014241536,51.12783406575521,37.64253336588542,37.70383097330729,13.434066772460938,,3.2300416528130427e-06,1.3962272556735496e-07
iiwa14,ccrba,grim_jax,16,collection,float32,analytical,3,validated,,216.59596666666664,52.73993333333333,,,fp32-fd-warnings,2,0.0,0.0,0,768,184.86419999999998,217.45739999999998,51.7933,53.066666666666656,163.8560333333333,,3.2300416528130427e-06,1.4179590588388003e-07
iiwa14,ccrba,grim_jax,32,collection,float32,analytical,3,validated,,190.46909999999997,51.66886666666667,,,fp32-fd-warnings,2,0.0,0.0,0,1536,182.92076666666668,192.36259999999996,51.04413333333334,62.679966666666665,138.8002333333333,,3.2300416528130427e-06,1.3799244081035244e-07
iiwa14,ccrba,grim_jax,64,collection,float32,analytical,3,validated,,191.2481,61.208566666666655,,,fp32-fd-warnings,2,0.0,0.0,0,3072,181.0079333333333,321.33119999999997,51.99433333333333,61.8605,130.03953333333334,,3.2300416528130427e-06,1.3713677686178665e-07
iiwa14,ccrba,grim_jax,128,collection,float32,analytical,3,validated,,188.66156666666663,61.11193333333334,,,fp32-fd-warnings,2,0.0,0.0,0,6144,182.96966666666665,203.55843333333328,52.2359,63.737566666666666,127.54963333333329,,3.2300416528130427e-06,1.3257867191748254e-07
iiwa14,ccrba,grim_jax,256,collection,float32,analytical,3,validated,,192.8776,62.57863333333332,,,fp32-fd-warnings,2,0.0,0.0,0,12288,185.73873333333339,195.22443333333334,50.657000000000004,66.87856666666667,130.29896666666667,,3.2300416528130427e-06,1.324819586406255e-07
iiwa14,ccrba,grim_jax,1024,collection,float32,analytical,3,validated,,233.1940666666667,68.55793333333334,,,fp32-fd-warnings,2,0.0,0.0,0,49152,225.3461,234.53053333333335,68.12253333333334,107.50506666666666,164.63613333333336,,3.2300416528130427e-06,1.3962272556735496e-07
iiwa14,ccrba,mjx,16,collection,unknown,unknown,3,adapter_pending,no matched centroidal-momentum / Coriolis-matrix output in this library's public API,,,,,fp32-fd-warnings,2,,,0,0,,,,,,,,
iiwa14,ccrba,mjx,32,collection,unknown,unknown,3,adapter_pending,no matched centroidal-momentum / Coriolis-matrix output in this library's public API,,,,,fp32-fd-warnings,2,,,0,0,,,,,,,,
iiwa14,ccrba,mjx,64,collection,unknown,unknown,3,adapter_pending,no matched centroidal-momentum / Coriolis-matrix output in this library's public API,,,,,fp32-fd-warnings,2,,,0,0,,,,,,,,
iiwa14,ccrba,mjx,128,collection,unknown,unknown,3,adapter_pending,no matched centroidal-momentum / Coriolis-matrix output in this library's public API,,,,,fp32-fd-warnings,2,,,0,0,,,,,,,,
iiwa14,ccrba,mjx,256,collection,unknown,unknown,3,adapter_pending,no matched centroidal-momentum / Coriolis-matrix output in this library's public API,,,,,fp32-fd-warnings,2,,,0,0,,,,,,,,
iiwa14,ccrba,mjx,1024,collection,unknown,unknown,3,adapter_pending,no matched centroidal-momentum / Coriolis-matrix output in this library's public API,,,,,fp32-fd-warnings,2,,,0,0,,,,,,,,
iiwa14,ccrba,mujoco_cpu,16,collection,unknown,unknown,3,adapter_pending,no matched centroidal-momentum / Coriolis-matrix output in this library's public API,,,,,fp32-fd-warnings,2,,,0,0,,,,,,,,
iiwa14,ccrba,mujoco_cpu,32,collection,unknown,unknown,3,adapter_pending,no matched centroidal-momentum / Coriolis-matrix output in this library's public API,,,,,fp32-fd-warnings,2,,,0,0,,,,,,,,
iiwa14,ccrba,mujoco_cpu,64,collection,unknown,unknown,3,adapter_pending,no matched centroidal-momentum / Coriolis-matrix output in this library's public API,,,,,fp32-fd-warnings,2,,,0,0,,,,,,,,
iiwa14,ccrba,mujoco_cpu,128,collection,unknown,unknown,3,adapter_pending,no matched centroidal-momentum / Coriolis-matrix output in this library's public API,,,,,fp32-fd-warnings,2,,,0,0,,,,,,,,
iiwa14,ccrba,mujoco_cpu,256,collection,unknown,unknown,3,adapter_pending,no matched centroidal-momentum / Coriolis-matrix output in this library's public API,,,,,fp32-fd-warnings,2,,,0,0,,,,,,,,
iiwa14,ccrba,mujoco_cpu,1024,collection,unknown,unknown,3,adapter_pending,no matched centroidal-momentum / Coriolis-matrix output in this library's public API,,,,,fp32-fd-warnings,2,,,0,0,,,,,,,,
iiwa14,ccrba,mujoco_warp,16,collection,unknown,unknown,3,adapter_pending,no matched centroidal-momentum / Coriolis-matrix output in this library's public API,,,,,fp32-fd-warnings,2,,,0,0,,,,,,,,
iiwa14,ccrba,mujoco_warp,32,collection,unknown,unknown,3,adapter_pending,no matched centroidal-momentum / Coriolis-matrix output in this library's public API,,,,,fp32-fd-warnings,2,,,0,0,,,,,,,,
iiwa14,ccrba,mujoco_warp,64,collection,unknown,unknown,3,adapter_pending,no matched centroidal-momentum / Coriolis-matrix output in this library's public API,,,,,fp32-fd-warnings,2,,,0,0,,,,,,,,
iiwa14,ccrba,mujoco_warp,128,collection,unknown,unknown,3,adapter_pending,no matched centroidal-momentum / Coriolis-matrix output in this library's public API,,,,,fp32-fd-warnings,2,,,0,0,,,,,,,,
iiwa14,ccrba,mujoco_warp,256,collection,unknown,unknown,3,adapter_pending,no matched centroidal-momentum / Coriolis-matrix output in this library's public API,,,,,fp32-fd-warnings,2,,,0,0,,,,,,,,
iiwa14,ccrba,mujoco_warp,1024,collection,unknown,unknown,3,adapter_pending,no matched centroidal-momentum / Coriolis-matrix output in this library's public API,,,,,fp32-fd-warnings,2,,,0,0,,,,,,,,
iiwa14,ccrba,pinocchio,16,collection,unknown,unknown,3,adapter_pending,no CppADCodeGen class for this operation; see pinocchio_plain,,,,,fp32-fd-warnings,2,,,0,0,,,,,,,,
iiwa14,ccrba,pinocchio,32,collection,unknown,unknown,3,adapter_pending,no CppADCodeGen class for this operation; see pinocchio_plain,,,,,fp32-fd-warnings,2,,,0,0,,,,,,,,
iiwa14,ccrba,pinocchio,64,collection,unknown,unknown,3,adapter_pending,no CppADCodeGen class for this operation; see pinocchio_plain,,,,,fp32-fd-warnings,2,,,0,0,,,,,,,,
iiwa14,ccrba,pinocchio,128,collection,unknown,unknown,3,adapter_pending,no CppADCodeGen class for this operation; see pinocchio_plain,,,,,fp32-fd-warnings,2,,,0,0,,,,,,,,
iiwa14,ccrba,pinocchio,256,collection,unknown,unknown,3,adapter_pending,no CppADCodeGen class for this operation; see pinocchio_plain,,,,,fp32-fd-warnings,2,,,0,0,,,,,,,,
iiwa14,ccrba,pinocchio,1024,collection,unknown,unknown,3,adapter_pending,no CppADCodeGen class for this operation; see pinocchio_plain,,,,,fp32-fd-warnings,2,,,0,0,,,,,,,,
iiwa14,ccrba,pinocchio_plain,16,collection,float32,standard Pinocchio API (no codegen),3,validated,,10.202900000000001,,,1,fp32-fd-warnings,2,0.0,0.0,0,768,10.108933333333333,10.282633333333335,,,,,9.86528259616648e-06,3.4031937019648995e-07
iiwa14,ccrba,pinocchio_plain,32,collection,float32,standard Pinocchio API (no codegen),3,validated,,12.881766666666666,,,8,fp32-fd-warnings,2,0.0,0.0,0,1536,12.688299999999998,14.024033333333335,,,,,9.86528259616648e-06,3.260391857514215e-07
iiwa14,ccrba,pinocchio_plain,64,collection,float32,standard Pinocchio API (no codegen),3,validated,,14.711899999999998,,,8,fp32-fd-warnings,2,0.0,0.0,0,3072,14.5932,14.721633333333333,,,,,9.86528259616648e-06,3.285269140120937e-07
iiwa14,ccrba,pinocchio_plain,128,collection,float32,standard Pinocchio API (no codegen),3,validated,,19.07763333333333,,,8,fp32-fd-warnings,2,0.0,0.0,0,6144,19.047866666666664,19.2408,,,,,9.86528259616648e-06,3.0943318584311256e-07
iiwa14,ccrba,pinocchio_plain,256,collection,float32,standard Pinocchio API (no codegen),3,validated,,27.962466666666664,,,8,fp32-fd-warnings,2,0.0,0.0,0,12288,27.807833333333335,28.200166666666664,,,,,9.86528259616648e-06,3.0730098665231313e-07
iiwa14,ccrba,pinocchio_plain,1024,collection,float32,standard Pinocchio API (no codegen),3,validated,,74.16116666666667,,,8,fp32-fd-warnings,2,0.0,0.0,0,49152,73.03393333333332,75.632,,,,,9.86528259616648e-06,3.16632213405109e-07
iiwa14,coriolis_matrix,bard,16,collection,unknown,unknown,3,adapter_pending,no matched centroidal-momentum / Coriolis-matrix output in this library's public API,,,,,fp32-fd-warnings,2,,,0,0,,,,,,,,
iiwa14,coriolis_matrix,bard,32,collection,unknown,unknown,3,adapter_pending,no matched centroidal-momentum / Coriolis-matrix output in this library's public API,,,,,fp32-fd-warnings,2,,,0,0,,,,,,,,
iiwa14,coriolis_matrix,bard,64,collection,unknown,unknown,3,adapter_pending,no matched centroidal-momentum / Coriolis-matrix output in this library's public API,,,,,fp32-fd-warnings,2,,,0,0,,,,,,,,
iiwa14,coriolis_matrix,bard,128,collection,unknown,unknown,3,adapter_pending,no matched centroidal-momentum / Coriolis-matrix output in this library's public API,,,,,fp32-fd-warnings,2,,,0,0,,,,,,,,
iiwa14,coriolis_matrix,bard,256,collection,unknown,unknown,3,adapter_pending,no matched centroidal-momentum / Coriolis-matrix output in this library's public API,,,,,fp32-fd-warnings,2,,,0,0,,,,,,,,
iiwa14,coriolis_matrix,bard,1024,collection,unknown,unknown,3,adapter_pending,no matched centroidal-momentum / Coriolis-matrix output in this library's public API,,,,,fp32-fd-warnings,2,,,0,0,,,,,,,,
iiwa14,coriolis_matrix,frax,16,collection,unknown,unknown,3,adapter_pending,no matched centroidal-momentum / Coriolis-matrix output in this library's public API,,,,,fp32-fd-warnings,2,,,0,0,,,,,,,,
iiwa14,coriolis_matrix,frax,32,collection,unknown,unknown,3,adapter_pending,no matched centroidal-momentum / Coriolis-matrix output in this library's public API,,,,,fp32-fd-warnings,2,,,0,0,,,,,,,,
iiwa14,coriolis_matrix,frax,64,collection,unknown,unknown,3,adapter_pending,no matched centroidal-momentum / Coriolis-matrix output in this library's public API,,,,,fp32-fd-warnings,2,,,0,0,,,,,,,,
iiwa14,coriolis_matrix,frax,128,collection,unknown,unknown,3,adapter_pending,no matched centroidal-momentum / Coriolis-matrix output in this library's public API,,,,,fp32-fd-warnings,2,,,0,0,,,,,,,,
iiwa14,coriolis_matrix,frax,256,collection,unknown,unknown,3,adapter_pending,no matched centroidal-momentum / Coriolis-matrix output in this library's public API,,,,,fp32-fd-warnings,2,,,0,0,,,,,,,,
iiwa14,coriolis_matrix,frax,1024,collection,unknown,unknown,3,adapter_pending,no matched centroidal-momentum / Coriolis-matrix output in this library's public API,,,,,fp32-fd-warnings,2,,,0,0,,,,,,,,
iiwa14,coriolis_matrix,grim_cuda,16,collection,float32,analytical,3,validated,,43.709800720214844,36.787497965494794,,320,fp32-fd-warnings,2,0.0,0.0,0,784,43.547166951497395,43.74246775309245,36.699700419108076,36.78830057779948,6.92230275472005,,9.4030675173995e-06,7.139217890438851e-07
iiwa14,coriolis_matrix,grim_cuda,32,collection,float32,analytical,3,validated,,44.00879872639974,36.853963216145836,,320,fp32-fd-warnings,2,0.0,0.0,0,1568,43.98319905598958,44.022665913899736,36.77879842122396,36.89639892578125,7.154835510253903,,9.4030675173995e-06,7.070127634178983e-07
iiwa14,coriolis_matrix,grim_cuda,64,collection,float32,analytical,3,validated,,44.0159673055013,36.959765116373696,,320,fp32-fd-warnings,2,0.0,0.0,0,3136,44.00809783935547,44.021331787109375,36.93013203938802,37.319968159993486,7.056202189127603,,9.4030675173995e-06,7.157775057954748e-07
iiwa14,coriolis_matrix,grim_cuda,128,collection,float32,analytical,3,validated,,44.153133138020834,37.183266703287764,,320,fp32-fd-warnings,2,0.0,0.0,0,6272,44.119266764322916,44.29176737467448,37.13090108235677,37.51590270996094,6.9698664347330705,,9.4030675173995e-06,7.221321615267366e-07
iiwa14,coriolis_matrix,grim_cuda,256,collection,float32,analytical,3,validated,,45.407231140136716,39.4502685546875,,320,fp32-fd-warnings,2,0.0,0.0,0,12544,45.20876668294271,45.416465759277344,39.35580037434896,39.84303538004557,5.956962585449219,,9.4030675173995e-06,7.243723361878399e-07
iiwa14,coriolis_matrix,grim_cuda,1024,collection,float32,analytical,3,validated,,88.76439971923828,77.24149780273437,,320,fp32-fd-warnings,2,0.0,0.0,0,50176,87.41393178304037,89.76876678466797,77.22060038248698,77.64329986572265,11.522901916503912,,9.4030675173995e-06,7.346788479491534e-07
iiwa14,coriolis_matrix,grim_jax,16,collection,float32,analytical,3,validated,,170.44326666666666,61.19949999999999,,,fp32-fd-warnings,2,0.0,0.0,0,784,166.65340000000003,172.02510000000004,60.7038,70.17923333333333,109.24376666666666,,9.4030675173995e-06,7.139217890438851e-07
iiwa14,coriolis_matrix,grim_jax,32,collection,float32,analytical,3,validated,,175.9610333333334,61.472133333333325,,,fp32-fd-warnings,2,0.0,0.0,0,1568,169.14493333333334,181.84409999999997,60.85556666666666,89.07023333333332,114.48890000000009,,9.4030675173995e-06,7.070127634178983e-07
iiwa14,coriolis_matrix,grim_jax,64,collection,float32,analytical,3,validated,,172.37143333333333,62.6665,,,fp32-fd-warnings,2,0.0,0.0,0,3136,169.45003333333335,173.95226666666667,61.260600000000004,63.04536666666665,109.70493333333333,,9.4030675173995e-06,7.157775057954748e-07
iiwa14,coriolis_matrix,grim_jax,128,collection,float32,analytical,3,validated,,178.38709999999995,61.14353333333334,,,fp32-fd-warnings,2,0.0,0.0,0,6272,175.79616666666664,204.00646666666665,60.41923333333333,61.39470000000001,117.24356666666661,,9.4030675173995e-06,7.221321615267366e-07
iiwa14,coriolis_matrix,grim_jax,256,collection,float32,analytical,3,validated,,179.90793333333335,61.50406666666667,,,fp32-fd-warnings,2,0.0,0.0,0,12544,176.9166,204.08973333333333,61.4339,61.76626666666667,118.40386666666669,,9.4030675173995e-06,7.243723361878399e-07
iiwa14,coriolis_matrix,grim_jax,1024,collection,float32,analytical,3,validated,,345.52490000000006,144.58306666666667,,,fp32-fd-warnings,2,0.0,0.0,0,50176,315.8915333333333,610.3217333333334,143.38876666666667,373.4849,200.9418333333334,,9.4030675173995e-06,7.346788479491534e-07
iiwa14,coriolis_matrix,mjx,16,collection,unknown,unknown,3,adapter_pending,no matched centroidal-momentum / Coriolis-matrix output in this library's public API,,,,,fp32-fd-warnings,2,,,0,0,,,,,,,,
iiwa14,coriolis_matrix,mjx,32,collection,unknown,unknown,3,adapter_pending,no matched centroidal-momentum / Coriolis-matrix output in this library's public API,,,,,fp32-fd-warnings,2,,,0,0,,,,,,,,
iiwa14,coriolis_matrix,mjx,64,collection,unknown,unknown,3,adapter_pending,no matched centroidal-momentum / Coriolis-matrix output in this library's public API,,,,,fp32-fd-warnings,2,,,0,0,,,,,,,,
iiwa14,coriolis_matrix,mjx,128,collection,unknown,unknown,3,adapter_pending,no matched centroidal-momentum / Coriolis-matrix output in this library's public API,,,,,fp32-fd-warnings,2,,,0,0,,,,,,,,
iiwa14,coriolis_matrix,mjx,256,collection,unknown,unknown,3,adapter_pending,no matched centroidal-momentum / Coriolis-matrix output in this library's public API,,,,,fp32-fd-warnings,2,,,0,0,,,,,,,,
iiwa14,coriolis_matrix,mjx,1024,collection,unknown,unknown,3,adapter_pending,no matched centroidal-momentum / Coriolis-matrix output in this library's public API,,,,,fp32-fd-warnings,2,,,0,0,,,,,,,,
iiwa14,coriolis_matrix,mujoco_cpu,16,collection,unknown,unknown,3,adapter_pending,no matched centroidal-momentum / Coriolis-matrix output in this library's public API,,,,,fp32-fd-warnings,2,,,0,0,,,,,,,,
iiwa14,coriolis_matrix,mujoco_cpu,32,collection,unknown,unknown,3,adapter_pending,no matched centroidal-momentum / Coriolis-matrix output in this library's public API,,,,,fp32-fd-warnings,2,,,0,0,,,,,,,,
iiwa14,coriolis_matrix,mujoco_cpu,64,collection,unknown,unknown,3,adapter_pending,no matched centroidal-momentum / Coriolis-matrix output in this library's public API,,,,,fp32-fd-warnings,2,,,0,0,,,,,,,,
iiwa14,coriolis_matrix,mujoco_cpu,128,collection,unknown,unknown,3,adapter_pending,no matched centroidal-momentum / Coriolis-matrix output in this library's public API,,,,,fp32-fd-warnings,2,,,0,0,,,,,,,,
iiwa14,coriolis_matrix,mujoco_cpu,256,collection,unknown,unknown,3,adapter_pending,no matched centroidal-momentum / Coriolis-matrix output in this library's public API,,,,,fp32-fd-warnings,2,,,0,0,,,,,,,,
iiwa14,coriolis_matrix,mujoco_cpu,1024,collection,unknown,unknown,3,adapter_pending,no matched centroidal-momentum / Coriolis-matrix output in this library's public API,,,,,fp32-fd-warnings,2,,,0,0,,,,,,,,
iiwa14,coriolis_matrix,mujoco_warp,16,collection,unknown,unknown,3,adapter_pending,no matched centroidal-momentum / Coriolis-matrix output in this library's public API,,,,,fp32-fd-warnings,2,,,0,0,,,,,,,,
iiwa14,coriolis_matrix,mujoco_warp,32,collection,unknown,unknown,3,adapter_pending,no matched centroidal-momentum / Coriolis-matrix output in this library's public API,,,,,fp32-fd-warnings,2,,,0,0,,,,,,,,
iiwa14,coriolis_matrix,mujoco_warp,64,collection,unknown,unknown,3,adapter_pending,no matched centroidal-momentum / Coriolis-matrix output in this library's public API,,,,,fp32-fd-warnings,2,,,0,0,,,,,,,,
iiwa14,coriolis_matrix,mujoco_warp,128,collection,unknown,unknown,3,adapter_pending,no matched centroidal-momentum / Coriolis-matrix output in this library's public API,,,,,fp32-fd-warnings,2,,,0,0,,,,,,,,
iiwa14,coriolis_matrix,mujoco_warp,256,collection,unknown,unknown,3,adapter_pending,no matched centroidal-momentum / Coriolis-matrix output in this library's public API,,,,,fp32-fd-warnings,2,,,0,0,,,,,,,,
iiwa14,coriolis_matrix,mujoco_warp,1024,collection,unknown,unknown,3,adapter_pending,no matched centroidal-momentum / Coriolis-matrix output in this library's public API,,,,,fp32-fd-warnings,2,,,0,0,,,,,,,,
iiwa14,coriolis_matrix,pinocchio,16,collection,unknown,unknown,3,adapter_pending,no CppADCodeGen class for this operation; see pinocchio_plain,,,,,fp32-fd-warnings,2,,,0,0,,,,,,,,
iiwa14,coriolis_matrix,pinocchio,32,collection,unknown,unknown,3,adapter_pending,no CppADCodeGen class for this operation; see pinocchio_plain,,,,,fp32-fd-warnings,2,,,0,0,,,,,,,,
iiwa14,coriolis_matrix,pinocchio,64,collection,unknown,unknown,3,adapter_pending,no CppADCodeGen class for this operation; see pinocchio_plain,,,,,fp32-fd-warnings,2,,,0,0,,,,,,,,
iiwa14,coriolis_matrix,pinocchio,128,collection,unknown,unknown,3,adapter_pending,no CppADCodeGen class for this operation; see pinocchio_plain,,,,,fp32-fd-warnings,2,,,0,0,,,,,,,,
iiwa14,coriolis_matrix,pinocchio,256,collection,unknown,unknown,3,adapter_pending,no CppADCodeGen class for this operation; see pinocchio_plain,,,,,fp32-fd-warnings,2,,,0,0,,,,,,,,
iiwa14,coriolis_matrix,pinocchio,1024,collection,unknown,unknown,3,adapter_pending,no CppADCodeGen class for this operation; see pinocchio_plain,,,,,fp32-fd-warnings,2,,,0,0,,,,,,,,
iiwa14,coriolis_matrix,pinocchio_plain,16,collection,float32,standard Pinocchio API (no codegen),3,validated,,13.019599999999999,,,8,fp32-fd-warnings,2,0.0,0.0,0,784,12.939833333333334,13.286566666666666,,,,,8.760858381862136e-06,6.75694131502214e-07
iiwa14,coriolis_matrix,pinocchio_plain,32,collection,float32,standard Pinocchio API (no codegen),3,validated,,16.8219,,,8,fp32-fd-warnings,2,0.0,0.0,0,1568,15.973666666666668,16.862833333333334,,,,,8.760858381862136e-06,6.733872495393476e-07
iiwa14,coriolis_matrix,pinocchio_plain,64,collection,float32,standard Pinocchio API (no codegen),3,validated,,21.3645,,,8,fp32-fd-warnings,2,0.0,0.0,0,3136,21.327766666666673,23.6164,,,,,8.760858381862136e-06,6.771466527777525e-07
iiwa14,coriolis_matrix,pinocchio_plain,128,collection,float32,standard Pinocchio API (no codegen),3,validated,,33.91223333333333,,,8,fp32-fd-warnings,2,0.0,0.0,0,6272,32.718833333333336,34.110166666666665,,,,,8.760858381862136e-06,6.759698707162252e-07
iiwa14,coriolis_matrix,pinocchio_plain,256,collection,float32,standard Pinocchio API (no codegen),3,validated,,51.5502,,,8,fp32-fd-warnings,2,0.0,0.0,0,12544,50.63519999999999,56.400066666666675,,,,,8.760858381862136e-06,6.654650198167519e-07
iiwa14,coriolis_matrix,pinocchio_plain,1024,collection,float32,standard Pinocchio API (no codegen),3,validated,,197.87946666666667,,,8,fp32-fd-warnings,2,0.0,0.0,0,50176,178.75860000000003,363.0024000000001,,,,,8.760858381862136e-06,6.74629835581916e-07
iiwa14,crba,bard,16,collection,float32,library dynamics,3,validated,,1590.4286666666667,1536.5351999999998,,,fp32-fd-warnings,2,0.0,0.0,0,784,1574.5167,1590.8010666666667,1527.8365666666666,1541.0050666666668,53.89346666666688,,1.01343040093127e-06,9.204400866773282e-08
iiwa14,crba,bard,32,collection,float32,library dynamics,3,validated,,1596.9722333333332,1532.6697,,,fp32-fd-warnings,2,0.0,0.0,0,1568,1576.7978333333333,1598.8308666666667,1515.5174999999997,1536.3735,64.30253333333326,,1.1502786216865957e-06,9.144027460470467e-08
iiwa14,crba,bard,64,collection,float32,library dynamics,3,validated,,1611.2052666666664,1546.5195333333334,,,fp32-fd-warnings,2,0.0,0.0,0,3136,1586.2867666666666,1618.0234333333333,1528.5987333333333,1547.771766666667,64.68573333333302,,1.1502786216865957e-06,8.286722903318901e-08
iiwa14,crba,bard,128,collection,float32,library dynamics,3,validated,,1611.088233333333,1544.7105333333334,,,fp32-fd-warnings,2,0.0,0.0,0,6272,1605.8299333333337,1625.9468666666667,1537.525033333333,1567.253433333333,66.37769999999955,,1.1769958874197073e-06,8.33304560012542e-08
iiwa14,crba,bard,256,collection,float32,library dynamics,3,validated,,1630.8209666666664,1574.2535666666668,,,fp32-fd-warnings,2,0.0,0.0,0,12544,1620.333566666667,1643.525466666667,1542.8464999999999,1590.2444333333335,56.56739999999968,,1.1769958874197073e-06,7.954614155424838e-08
iiwa14,crba,bard,1024,collection,float32,library dynamics,3,validated,,1665.3972666666668,1569.7975,,,fp32-fd-warnings,2,0.0,0.0,0,50176,1650.9256333333333,1689.0293333333334,1549.6716,1581.954433333333,95.59976666666694,,1.1769958874197073e-06,8.105385901189344e-08
iiwa14,crba,frax,16,collection,float32,library dynamics,3,validated,,192.09193333333332,59.19066666666666,,,fp32-fd-warnings,2,0.0,0.0,0,784,190.25399999999996,441.96763333333337,58.10333333333333,67.81203333333333,132.90126666666666,,2.736617464194069e-06,4.0725611597194055e-07
iiwa14,crba,frax,32,collection,float32,library dynamics,3,validated,,248.01966666666667,58.950199999999995,,,fp32-fd-warnings,2,0.0,0.0,0,1568,191.2233,391.0268,58.751466666666666,260.41266666666667,,negative total-minus-resident in at least one repeat; decomposition unavailable,2.736617464194069e-06,3.5563058428186013e-07
iiwa14,crba,frax,64,collection,float32,library dynamics,3,validated,,261.9167,59.45193333333332,,,fp32-fd-warnings,2,0.0,0.0,0,3136,234.00876666666665,388.46690000000007,59.41016666666666,60.870666666666665,202.46476666666666,,2.1867518791296447e-06,2.847109459543044e-07
iiwa14,crba,frax,128,collection,float32,library dynamics,3,validated,,194.9863333333334,56.532333333333334,,,fp32-fd-warnings,2,0.0,0.0,0,6272,193.69659999999993,338.46233333333345,56.245133333333335,65.55933333333334,138.45400000000006,,2.840033450191015e-06,3.4406747106399987e-07
iiwa14,crba,frax,256,collection,float32,library dynamics,3,validated,,198.06316666666666,59.37453333333334,,,fp32-fd-warnings,2,0.0,0.0,0,12544,197.2899666666667,199.71809999999996,59.15096666666667,61.05733333333333,138.6886333333333,,2.938909099192699e-06,3.15573408798163e-07
iiwa14,crba,frax,1024,collection,float32,library dynamics,3,validated,,285.97210000000007,69.7924,,,fp32-fd-warnings,2,0.0,0.0,0,50176,229.7584,343.9746666666667,61.32976666666666,230.70316666666668,216.17970000000008,,3.011550623099879e-06,3.14817243626875e-07
iiwa14,crba,grim_cuda,16,collection,float32,analytical,3,validated,,16.789432779947916,10.973867289225261,,128,fp32-fd-warnings,2,0.0,0.0,0,784,16.47830098470052,16.79300028483073,10.950267028808593,11.008299255371094,5.815565490722655,,6.267993040154352e-07,7.347928323350685e-08
iiwa14,crba,grim_cuda,32,collection,float32,analytical,3,validated,,16.659299723307292,10.96306660970052,,128,fp32-fd-warnings,2,0.0,0.0,0,1568,16.62076619466146,16.699566141764322,10.931532796223959,10.964966837565104,5.696233113606771,,8.910664570649374e-07,8.025139777106541e-08
iiwa14,crba,grim_cuda,64,collection,float32,analytical,3,validated,,16.865667215983073,10.897599792480468,,128,fp32-fd-warnings,2,0.0,0.0,0,3136,16.840199788411457,16.867399088541667,10.875034077962239,10.933100382486979,5.968067423502605,,8.910664570649374e-07,7.920607504667597e-08
iiwa14,crba,grim_cuda,128,collection,float32,analytical,3,validated,,17.493266296386718,10.989301045735678,,128,fp32-fd-warnings,2,0.0,0.0,0,6272,17.41383260091146,17.497633361816405,10.959267171223958,11.002599080403646,6.50396525065104,,8.910664570649374e-07,8.031127400595194e-08
iiwa14,crba,grim_cuda,256,collection,float32,analytical,3,validated,,19.04340108235677,11.222434488932292,,128,fp32-fd-warnings,2,0.0,0.0,0,12544,18.917233276367188,19.185965983072915,11.152801005045573,11.247001139322917,7.820966593424478,,1.2703893155219248e-06,8.495667488387222e-08
iiwa14,crba,grim_cuda,1024,collection,float32,analytical,3,validated,,29.442633565266927,16.79296620686849,,128,fp32-fd-warnings,2,0.0,0.0,0,50176,29.237535603841145,29.473233540852863,16.777999369303384,16.79820098876953,12.649667358398439,,1.2703893155219248e-06,8.449198107019781e-08
iiwa14,crba,grim_jax,16,collection,float32,analytical,3,validated,,111.33386666666665,36.0837,,,fp32-fd-warnings,2,0.0,0.0,0,784,109.95620000000002,131.15533333333332,35.7751,36.283300000000004,75.25016666666664,,6.267993040154352e-07,7.347928323350685e-08
iiwa14,crba,grim_jax,32,collection,float32,analytical,3,validated,,110.61696666666667,36.22573333333334,,,fp32-fd-warnings,2,0.0,0.0,0,1568,110.2438,111.43010000000001,35.108,36.25423333333333,74.39123333333333,,8.910664570649374e-07,8.025139777106541e-08
iiwa14,crba,grim_jax,64,collection,float32,analytical,3,validated,,114.81613333333333,35.5501,,,fp32-fd-warnings,2,0.0,0.0,0,3136,112.30206666666668,115.84100000000004,33.660066666666665,35.66156666666666,79.26603333333333,,8.910664570649374e-07,7.920607504667597e-08
iiwa14,crba,grim_jax,128,collection,float32,analytical,3,validated,,114.56483333333333,35.542699999999996,,,fp32-fd-warnings,2,0.0,0.0,0,6272,113.56793333333334,117.95446666666666,35.51330000000001,37.1459,79.02213333333333,,8.910664570649374e-07,8.031127400595194e-08
iiwa14,crba,grim_jax,256,collection,float32,analytical,3,validated,,116.79916666666668,36.44566666666667,,,fp32-fd-warnings,2,0.0,0.0,0,12544,116.70096666666667,119.35120000000002,35.77563333333333,37.0585,80.35350000000001,,1.2703893155219248e-06,8.495667488387222e-08
iiwa14,crba,grim_jax,1024,collection,float32,analytical,3,validated,,148.42336666666668,43.43903333333333,,,fp32-fd-warnings,2,0.0,0.0,0,50176,147.68316666666666,153.13920000000002,42.15980000000001,50.8579,104.98433333333335,,1.2703893155219248e-06,8.449198107019781e-08
iiwa14,crba,mjx,16,collection,float32,simulator CRB + dense mass matrix,3,validated,,355.6174666666667,92.10933333333334,,,fp32-fd-warnings,2,0.0,0.0,0,784,280.11466666666666,355.8821666666666,83.60346666666668,134.63976666666667,263.5081333333334,,3.360625450810062e-06,4.6632938606567106e-07
iiwa14,crba,mjx,32,collection,float32,simulator CRB + dense mass matrix,3,validated,,291.8173666666667,88.172,,,fp32-fd-warnings,2,0.0,0.0,0,1568,261.3864,504.1797333333334,87.54923333333333,98.29946666666666,203.64536666666672,,4.239816798978779e-06,4.1109881343426633e-07
iiwa14,crba,mjx,64,collection,float32,simulator CRB + dense mass matrix,3,validated,,586.5236333333335,96.50943333333333,,,fp32-fd-warnings,2,0.0,0.0,0,3136,312.6233666666667,657.1555,86.96459999999999,96.56676666666667,490.01420000000013,,4.239816798978779e-06,4.447424978540786e-07
iiwa14,crba,mjx,128,collection,float32,simulator CRB + dense mass matrix,3,validated,,297.66156666666666,96.18763333333335,,,fp32-fd-warnings,2,0.0,0.0,0,6272,293.4151,345.66463333333337,85.97596666666665,104.21526666666666,201.47393333333332,,4.239816798978779e-06,4.0594995457706443e-07
iiwa14,crba,mjx,256,collection,float32,simulator CRB + dense mass matrix,3,validated,,448.1186000000001,95.13489999999999,,,fp32-fd-warnings,2,0.0,0.0,0,12544,330.7614,535.6605,94.57019999999997,146.52076666666667,352.9837000000001,,4.239816798978779e-06,3.974823598663074e-07
iiwa14,crba,mjx,1024,collection,float32,simulator CRB + dense mass matrix,3,validated,,501.66203333333334,108.39459999999998,,,fp32-fd-warnings,2,0.0,0.0,0,50176,493.484,531.5794666666667,107.64816666666665,112.30186666666667,393.2674333333334,,4.8559349785648465e-06,4.165003997283576e-07
iiwa14,crba,mujoco_cpu,16,collection,float64,simulator CRB + dense mass matrix,3,validated,,40.085033333333335,,,,fp32-fd-warnings,2,0.0,0.0,0,784,39.60356666666667,40.2023,,,,,1.0658141036401503e-14,1.4176111252183655e-15
iiwa14,crba,mujoco_cpu,32,collection,float64,simulator CRB + dense mass matrix,3,validated,,78.80786666666667,,,,fp32-fd-warnings,2,0.0,0.0,0,1568,78.39513333333333,79.15326666666667,,,,,1.0658141036401503e-14,1.4132561071016244e-15
iiwa14,crba,mujoco_cpu,64,collection,float64,simulator CRB + dense mass matrix,3,validated,,154.40303333333333,,,,fp32-fd-warnings,2,0.0,0.0,0,3136,153.96413333333334,156.48266666666666,,,,,1.2434497875801753e-14,1.3749573338678231e-15
iiwa14,crba,mujoco_cpu,128,collection,float64,simulator CRB + dense mass matrix,3,validated,,314.7201999999999,,,,fp32-fd-warnings,2,0.0,0.0,0,6272,309.6503,317.6763333333334,,,,,1.3322676295501878e-14,1.4202559063385828e-15
iiwa14,crba,mujoco_cpu,256,collection,float64,simulator CRB + dense mass matrix,3,validated,,651.9955999999999,,,,fp32-fd-warnings,2,0.0,0.0,0,12544,648.3672666666665,658.7749000000001,,,,,1.5987211554602254e-14,1.4769483608478166e-15
iiwa14,crba,mujoco_cpu,1024,collection,float64,simulator CRB + dense mass matrix,3,validated,,2699.5214666666666,,,,fp32-fd-warnings,2,0.0,0.0,0,50176,2685.8501333333334,2704.9535,,,,,1.5987211554602254e-14,1.4310978103230621e-15
iiwa14,crba,mujoco_warp,16,collection,float32,simulator CRB + dense mass matrix,3,validated,,84.84979999999999,54.2032,250.02249999999998,,fp32-fd-warnings,2,0.0,0.0,0,784,84.30243333333334,84.87423333333336,54.19713333333334,54.25036666666667,30.646599999999985,,2.8958335347439856e-06,3.1547911029835964e-07
iiwa14,crba,mujoco_warp,32,collection,float32,simulator CRB + dense mass matrix,3,validated,,94.59889999999999,57.566500000000005,250.4314,,fp32-fd-warnings,2,0.0,0.0,0,1568,93.57596666666669,96.2445,57.53416666666665,57.613566666666664,37.03239999999998,,4.9330583511419945e-06,3.6051190018958773e-07
iiwa14,crba,mujoco_warp,64,collection,float32,simulator CRB + dense mass matrix,3,validated,,94.61153333333333,62.1822,254.56539999999995,,fp32-fd-warnings,2,0.0,0.0,0,3136,94.47476666666667,95.25063333333331,62.16343333333332,62.20519999999999,32.429333333333325,,4.9330583511419945e-06,3.3804561605528607e-07
iiwa14,crba,mujoco_warp,128,collection,float32,simulator CRB + dense mass matrix,3,validated,,109.87976666666668,70.31770000000002,261.99033333333335,,fp32-fd-warnings,2,0.0,0.0,0,6272,109.10753333333332,110.50146666666666,70.25446666666669,70.33606666666667,39.56206666666667,,4.9330583511419945e-06,3.0604292473360187e-07
iiwa14,crba,mujoco_warp,256,collection,float32,simulator CRB + dense mass matrix,3,validated,,123.05453333333334,80.86430000000001,258.26236666666665,,fp32-fd-warnings,2,0.0,0.0,0,12544,121.5718,124.43843333333334,80.82436666666668,80.87483333333333,42.190233333333325,,4.9330583511419945e-06,2.9649225811759344e-07
iiwa14,crba,mujoco_warp,1024,collection,float32,simulator CRB + dense mass matrix,3,validated,,159.7711333333333,93.40166666666666,259.8354,,fp32-fd-warnings,2,0.0,0.0,0,50176,159.12030000000001,160.75369999999995,93.31376666666667,93.42586666666668,66.36946666666664,,5.013436958023476e-06,3.107128961637795e-07
iiwa14,crba,pinocchio,16,collection,float32,codegen,3,validated,,6.236699999999999,,,1,fp32-fd-warnings,2,0.0,0.0,0,784,6.138366666666666,6.253566666666666,,,,,3.5578037618222424e-06,4.6588091245633705e-07
iiwa14,crba,pinocchio,32,collection,float32,codegen,3,validated,,10.268100000000002,,,1,fp32-fd-warnings,2,0.0,0.0,0,1568,10.248533333333333,10.291900000000002,,,,,3.5578037618222424e-06,4.524698042095933e-07
iiwa14,crba,pinocchio,64,collection,float32,codegen,3,validated,,12.2989,,,8,fp32-fd-warnings,2,0.0,0.0,0,3136,12.164899999999998,12.8126,,,,,3.5578037618222424e-06,4.6474100788572204e-07
iiwa14,crba,pinocchio,128,collection,float32,codegen,3,validated,,14.694933333333331,,,8,fp32-fd-warnings,2,0.0,0.0,0,6272,14.484566666666666,14.729099999999999,,,,,3.5578037618222424e-06,4.337111326643786e-07
iiwa14,crba,pinocchio,256,collection,float32,codegen,3,validated,,19.234533333333328,,,8,fp32-fd-warnings,2,0.0,0.0,0,12544,19.040566666666663,19.380899999999997,,,,,4.001646670914738e-06,4.285757864566953e-07
iiwa14,crba,pinocchio,1024,collection,float32,codegen,3,validated,,46.2649,,,8,fp32-fd-warnings,2,0.0,0.0,0,50176,46.1645,46.955666666666666,,,,,4.092756231699468e-06,4.3019214244997514e-07
iiwa14,crba,pinocchio_plain,16,collection,float32,standard Pinocchio API (no codegen),3,validated,,12.459166666666668,,,8,fp32-fd-warnings,2,0.0,0.0,0,784,12.038400000000001,12.634333333333332,,,,,9.8926385838638e-07,1.1542055610233013e-07
iiwa14,crba,pinocchio_plain,32,collection,float32,standard Pinocchio API (no codegen),3,validated,,14.401000000000002,,,8,fp32-fd-warnings,2,0.0,0.0,0,1568,13.7328,15.153266666666665,,,,,1.1183610855169945e-06,1.2455264404025635e-07
iiwa14,crba,pinocchio_plain,64,collection,float32,standard Pinocchio API (no codegen),3,validated,,18.18086666666667,,,8,fp32-fd-warnings,2,0.0,0.0,0,3136,18.143266666666666,18.24083333333333,,,,,1.2288672426308267e-06,1.1413671385962522e-07
iiwa14,crba,pinocchio_plain,128,collection,float32,standard Pinocchio API (no codegen),3,validated,,26.706499999999995,,,8,fp32-fd-warnings,2,0.0,0.0,0,6272,26.453700000000005,26.88843333333333,,,,,1.603082790957444e-06,1.213216997578163e-07
iiwa14,crba,pinocchio_plain,256,collection,float32,standard Pinocchio API (no codegen),3,validated,,43.04283333333333,,,8,fp32-fd-warnings,2,0.0,0.0,0,12544,42.860666666666674,44.72983333333333,,,,,1.603082790957444e-06,1.2149078211684993e-07
iiwa14,crba,pinocchio_plain,1024,collection,float32,standard Pinocchio API (no codegen),3,validated,,147.5596666666667,,,8,fp32-fd-warnings,2,0.0,0.0,0,50176,147.30346666666668,153.30490000000003,,,,,1.603082790957444e-06,1.2219117638591087e-07
iiwa14,end_effector_pose,bard,16,collection,unknown,unknown,3,adapter_pending,selected operation not wired; not a library capability claim,,,,,fp32-fd-warnings,2,,,0,0,,,,,,,,
iiwa14,end_effector_pose,bard,32,collection,unknown,unknown,3,adapter_pending,selected operation not wired; not a library capability claim,,,,,fp32-fd-warnings,2,,,0,0,,,,,,,,
iiwa14,end_effector_pose,bard,64,collection,unknown,unknown,3,adapter_pending,selected operation not wired; not a library capability claim,,,,,fp32-fd-warnings,2,,,0,0,,,,,,,,
iiwa14,end_effector_pose,bard,128,collection,unknown,unknown,3,adapter_pending,selected operation not wired; not a library capability claim,,,,,fp32-fd-warnings,2,,,0,0,,,,,,,,
iiwa14,end_effector_pose,bard,256,collection,unknown,unknown,3,adapter_pending,selected operation not wired; not a library capability claim,,,,,fp32-fd-warnings,2,,,0,0,,,,,,,,
iiwa14,end_effector_pose,bard,1024,collection,unknown,unknown,3,adapter_pending,selected operation not wired; not a library capability claim,,,,,fp32-fd-warnings,2,,,0,0,,,,,,,,
iiwa14,end_effector_pose,frax,16,collection,unknown,unknown,3,adapter_pending,selected operation not wired,,,,,fp32-fd-warnings,2,,,0,0,,,,,,,,
iiwa14,end_effector_pose,frax,32,collection,unknown,unknown,3,adapter_pending,selected operation not wired,,,,,fp32-fd-warnings,2,,,0,0,,,,,,,,
iiwa14,end_effector_pose,frax,64,collection,unknown,unknown,3,adapter_pending,selected operation not wired,,,,,fp32-fd-warnings,2,,,0,0,,,,,,,,
iiwa14,end_effector_pose,frax,128,collection,unknown,unknown,3,adapter_pending,selected operation not wired,,,,,fp32-fd-warnings,2,,,0,0,,,,,,,,
iiwa14,end_effector_pose,frax,256,collection,unknown,unknown,3,adapter_pending,selected operation not wired,,,,,fp32-fd-warnings,2,,,0,0,,,,,,,,
iiwa14,end_effector_pose,frax,1024,collection,unknown,unknown,3,adapter_pending,selected operation not wired,,,,,fp32-fd-warnings,2,,,0,0,,,,,,,,
iiwa14,end_effector_pose,grim_cuda,16,collection,float32,analytical,3,validated,,16.612197875976562,7.530599466959635,,128,fp32-fd-warnings,2,0.0,0.0,0,96,16.54336903889974,16.64776611328125,7.514400227864583,7.5376332600911455,9.081598409016927,,1.3351677308204302e-07,5.512119453428014e-08
iiwa14,end_effector_pose,grim_cuda,32,collection,float32,analytical,3,validated,,16.677330525716147,7.464067586263021,,128,fp32-fd-warnings,2,0.0,0.0,0,192,16.646966552734376,16.732467651367188,7.463800048828125,7.484433492024739,9.213262939453127,,2.2379898534374831e-07,6.018756572007938e-08
iiwa14,end_effector_pose,grim_cuda,64,collection,float32,analytical,3,validated,,16.847265625,7.504601033528646,,128,fp32-fd-warnings,2,0.0,0.0,0,384,16.831099955240884,16.895298767089844,7.500700378417969,7.526532999674479,9.342664591471353,,2.829420767680446e-07,6.377074904503765e-08
iiwa14,end_effector_pose,grim_cuda,128,collection,float32,analytical,3,validated,,17.251166788736978,7.474432881673177,,128,fp32-fd-warnings,2,0.0,0.0,0,768,17.12866465250651,17.291532897949217,7.455432637532552,7.530866495768229,9.7767339070638,,2.829420767680446e-07,6.385040578286191e-08
iiwa14,end_effector_pose,grim_cuda,256,collection,float32,analytical,3,validated,,18.12426503499349,7.536767069498698,,128,fp32-fd-warnings,2,0.0,0.0,0,1536,17.974966939290365,19.54550120035807,7.522666931152344,7.544266764322916,10.58749796549479,,5.658790218632248e-07,6.399022851881847e-08
iiwa14,end_effector_pose,grim_cuda,1024,collection,float32,analytical,3,validated,,19.57586669921875,7.812567138671875,,128,fp32-fd-warnings,2,0.0,0.0,0,6144,19.536200968424478,19.689266459147134,7.8072352091471355,7.822068277994791,11.763299560546875,,8.846113608296235e-07,6.79512985192408e-08
iiwa14,end_effector_pose,grim_jax,16,collection,float32,analytical,3,validated,,108.66446666666667,23.03946666666667,,,fp32-fd-warnings,2,0.0,0.0,0,96,106.76849999999999,108.72006666666667,21.83523333333333,24.227899999999998,85.625,,1.3351677308204302e-07,5.512119453428014e-08
iiwa14,end_effector_pose,grim_jax,32,collection,float32,analytical,3,validated,,109.53323333333331,22.825533333333333,,,fp32-fd-warnings,2,0.0,0.0,0,192,103.74563333333332,112.71726666666667,22.70153333333333,39.922666666666665,86.70769999999999,,2.2379898534374831e-07,6.018756572007938e-08
iiwa14,end_effector_pose,grim_jax,64,collection,float32,analytical,3,validated,,116.17059999999998,24.516099999999998,,,fp32-fd-warnings,2,0.0,0.0,0,384,110.34563333333332,517.4525000000001,23.10663333333334,25.4367,91.65449999999998,,2.829420767680446e-07,6.377074904503765e-08
iiwa14,end_effector_pose,grim_jax,128,collection,float32,analytical,3,validated,,111.36503333333334,23.2942,,,fp32-fd-warnings,2,0.0,0.0,0,768,111.12246666666667,126.63793333333335,23.015533333333334,51.96173333333333,88.07083333333334,,2.829420767680446e-07,6.385040578286191e-08
iiwa14,end_effector_pose,grim_jax,256,collection,float32,analytical,3,validated,,125.72783333333334,23.145233333333337,,,fp32-fd-warnings,2,0.0,0.0,0,1536,111.63560000000001,555.5785,23.094266666666666,135.36623333333333,,negative total-minus-resident in at least one repeat; decomposition unavailable,5.658790218632248e-07,6.399022851881847e-08
iiwa14,end_effector_pose,grim_jax,1024,collection,float32,analytical,3,validated,,138.98116666666667,23.0524,,,fp32-fd-warnings,2,0.0,0.0,0,6144,128.5730333333333,203.00706666666665,22.94963333333333,38.030166666666666,115.92876666666666,,8.846113608296235e-07,6.79512985192408e-08
iiwa14,end_effector_pose,mjx,16,collection,float32,simulator,3,validated,,300.71503333333334,56.81803333333334,,,fp32-fd-warnings,2,0.0,0.0,0,96,281.733,370.7156333333333,54.82713333333333,65.08026666666666,243.897,,4.429075466383381e-07,1.5607645733231222e-07
iiwa14,end_effector_pose,mjx,32,collection,float32,simulator,3,validated,,256.48789999999997,61.83606666666667,,,fp32-fd-warnings,2,0.0,0.0,0,192,203.97476666666668,256.6586333333334,59.9417,69.62746666666666,194.6518333333333,,4.622175644453108e-07,1.5642760590150894e-07
iiwa14,end_effector_pose,mjx,64,collection,float32,simulator,3,validated,,263.39483333333334,61.8641,,,fp32-fd-warnings,2,0.0,0.0,0,384,194.68853333333334,281.60436666666664,61.61503333333332,62.4244,201.53073333333333,,5.515229500874241e-07,1.6813939463960095e-07
iiwa14,end_effector_pose,mjx,128,collection,float32,simulator,3,validated,,241.38423333333336,63.682566666666666,,,fp32-fd-warnings,2,0.0,0.0,0,768,195.11126666666667,392.0870666666668,62.0161,73.3473,177.70166666666668,,5.515229500874241e-07,1.5564701420210793e-07
iiwa14,end_effector_pose,mjx,256,collection,float32,simulator,3,validated,,334.6313666666666,70.83163333333333,,,fp32-fd-warnings,2,0.0,0.0,0,1536,209.9574333333333,467.37050000000005,70.72779999999999,190.17729999999997,263.7997333333333,,8.646324527461502e-07,1.5606113006494882e-07
iiwa14,end_effector_pose,mjx,1024,collection,float32,simulator,3,validated,,282.69960000000003,55.31590000000001,,,fp32-fd-warnings,2,0.0,0.0,0,6144,225.7471,520.8016,53.572700000000005,55.935366666666674,227.38370000000003,,2.691667325693814e-06,1.7235145894637602e-07
iiwa14,end_effector_pose,mujoco_cpu,16,collection,float64,simulator,3,validated,,87.31473333333335,,,,fp32-fd-warnings,2,0.0,0.0,0,96,87.04556666666666,88.88906666666666,,,,,1.9984014443252818e-15,6.608748252568642e-16
iiwa14,end_effector_pose,mujoco_cpu,32,collection,float64,simulator,3,validated,,171.9534333333333,,,,fp32-fd-warnings,2,0.0,0.0,0,192,171.02283333333332,175.6572666666667,,,,,2.6645352591003757e-15,6.995014285555312e-16
iiwa14,end_effector_pose,mujoco_cpu,64,collection,float64,simulator,3,validated,,337.9653333333333,,,,fp32-fd-warnings,2,0.0,0.0,0,384,336.1143666666667,347.3731666666665,,,,,2.6645352591003757e-15,7.144663685344598e-16
iiwa14,end_effector_pose,mujoco_cpu,128,collection,float64,simulator,3,validated,,676.2898,,,,fp32-fd-warnings,2,0.0,0.0,0,768,674.8915333333333,700.8802666666667,,,,,2.6645352591003757e-15,6.918159522744312e-16
iiwa14,end_effector_pose,mujoco_cpu,256,collection,float64,simulator,3,validated,,1367.710466666667,,,,fp32-fd-warnings,2,0.0,0.0,0,1536,1367.4610666666667,1414.1263666666666,,,,,2.6645352591003757e-15,6.78040071201333e-16
iiwa14,end_effector_pose,mujoco_cpu,1024,collection,float64,simulator,3,validated,,5607.681666666666,,,,fp32-fd-warnings,2,0.0,0.0,0,6144,5595.4276666666665,5772.423766666666,,,,,1.9761969838327786e-14,8.720989717445359e-16
iiwa14,end_effector_pose,mujoco_warp,16,collection,float32,simulator,3,validated,,54.67139999999999,20.360266666666668,47.27333333333333,,fp32-fd-warnings,2,0.0,0.0,0,96,54.00943333333335,55.8826,20.343933333333332,20.41473333333333,34.31113333333332,,5.548486394779673e-07,1.682393490778437e-07
iiwa14,end_effector_pose,mujoco_warp,32,collection,float32,simulator,3,validated,,55.4004,22.399733333333334,47.24453333333334,,fp32-fd-warnings,2,0.0,0.0,0,192,55.32426666666665,57.14283333333333,22.3769,22.4524,33.00066666666666,,5.548486394779673e-07,1.6285973625830475e-07
iiwa14,end_effector_pose,mujoco_warp,64,collection,float32,simulator,3,validated,,55.74616666666666,23.998366666666666,47.437499999999986,,fp32-fd-warnings,2,0.0,0.0,0,384,54.7945,57.49456666666666,23.930433333333333,24.108066666666662,31.747799999999994,,6.547419024727219e-07,1.5038139177573248e-07
iiwa14,end_effector_pose,mujoco_warp,128,collection,float32,simulator,3,validated,,57.800733333333326,27.96063333333333,48.70359999999999,,fp32-fd-warnings,2,0.0,0.0,0,768,57.49779999999999,59.74229999999999,27.909800000000004,27.996000000000002,29.840099999999996,,9.302149694967454e-07,1.4918697164113904e-07
iiwa14,end_effector_pose,mujoco_warp,256,collection,float32,simulator,3,validated,,68.3541,31.806733333333334,48.146699999999996,,fp32-fd-warnings,2,0.0,0.0,0,1536,67.77953333333332,69.05999999999999,31.733866666666668,31.839133333333333,36.54736666666667,,1.3586645772889483e-06,1.502644218977505e-07
iiwa14,end_effector_pose,mujoco_warp,1024,collection,float32,simulator,3,validated,,74.07136666666665,32.66226666666667,49.56993333333332,,fp32-fd-warnings,2,0.0,0.0,0,6144,73.28829999999999,75.2373,32.64183333333333,32.68156666666667,41.40909999999998,,1.3586645772889483e-06,1.439511280511301e-07
iiwa14,end_effector_pose,pinocchio,16,collection,float64,analytical direct/composed,3,validated,,6.932166666666666,,,1,fp32-fd-warnings,2,0.0,0.0,0,96,6.880500000000001,7.002833333333332,,,,,0.0,0.0
iiwa14,end_effector_pose,pinocchio,32,collection,float64,analytical direct/composed,3,validated,,11.941733333333332,,,8,fp32-fd-warnings,2,0.0,0.0,0,192,11.759633333333333,12.313166666666664,,,,,0.0,0.0
iiwa14,end_effector_pose,pinocchio,64,collection,float64,analytical direct/composed,3,validated,,13.514399999999998,,,8,fp32-fd-warnings,2,0.0,0.0,0,384,13.344633333333332,13.638900000000001,,,,,0.0,0.0
iiwa14,end_effector_pose,pinocchio,128,collection,float64,analytical direct/composed,3,validated,,17.20516666666667,,,8,fp32-fd-warnings,2,0.0,0.0,0,768,17.023266666666665,17.22533333333333,,,,,0.0,0.0
iiwa14,end_effector_pose,pinocchio,256,collection,float64,analytical direct/composed,3,validated,,24.225133333333336,,,8,fp32-fd-warnings,2,0.0,0.0,0,1536,24.160066666666662,25.278333333333332,,,,,0.0,0.0
iiwa14,end_effector_pose,pinocchio,1024,collection,float64,analytical direct/composed,3,validated,,67.63383333333334,,,8,fp32-fd-warnings,2,0.0,0.0,0,6144,54.79206666666667,67.85823333333333,,,,,0.0,0.0
iiwa14,end_effector_pose,pinocchio_plain,16,collection,float64,analytical direct/composed,3,validated,,6.897233333333332,,,1,fp32-fd-warnings,2,0.0,0.0,0,96,6.8849,7.022033333333334,,,,,0.0,0.0
iiwa14,end_effector_pose,pinocchio_plain,32,collection,float64,analytical direct/composed,3,validated,,11.993466666666665,,,8,fp32-fd-warnings,2,0.0,0.0,0,192,11.954833333333335,12.277966666666666,,,,,0.0,0.0
iiwa14,end_effector_pose,pinocchio_plain,64,collection,float64,analytical direct/composed,3,validated,,13.695199999999998,,,8,fp32-fd-warnings,2,0.0,0.0,0,384,13.498466666666667,14.939933333333332,,,,,0.0,0.0
iiwa14,end_effector_pose,pinocchio_plain,128,collection,float64,analytical direct/composed,3,validated,,17.107700000000005,,,8,fp32-fd-warnings,2,0.0,0.0,0,768,16.97383333333333,17.23946666666667,,,,,0.0,0.0
iiwa14,end_effector_pose,pinocchio_plain,256,collection,float64,analytical direct/composed,3,validated,,24.640466666666665,,,8,fp32-fd-warnings,2,0.0,0.0,0,1536,24.371366666666667,25.48936666666667,,,,,0.0,0.0
iiwa14,end_effector_pose,pinocchio_plain,1024,collection,float64,analytical direct/composed,3,validated,,67.9207,,,8,fp32-fd-warnings,2,0.0,0.0,0,6144,55.546533333333336,69.12273333333334,,,,,0.0,0.0
iiwa14,end_effector_pose_gradient,bard,16,collection,unknown,unknown,3,adapter_pending,selected operation not wired; not a library capability claim,,,,,fp32-fd-warnings,2,,,0,0,,,,,,,,
iiwa14,end_effector_pose_gradient,bard,32,collection,unknown,unknown,3,adapter_pending,selected operation not wired; not a library capability claim,,,,,fp32-fd-warnings,2,,,0,0,,,,,,,,
iiwa14,end_effector_pose_gradient,bard,64,collection,unknown,unknown,3,adapter_pending,selected operation not wired; not a library capability claim,,,,,fp32-fd-warnings,2,,,0,0,,,,,,,,
iiwa14,end_effector_pose_gradient,bard,128,collection,unknown,unknown,3,adapter_pending,selected operation not wired; not a library capability claim,,,,,fp32-fd-warnings,2,,,0,0,,,,,,,,
iiwa14,end_effector_pose_gradient,bard,256,collection,unknown,unknown,3,adapter_pending,selected operation not wired; not a library capability claim,,,,,fp32-fd-warnings,2,,,0,0,,,,,,,,
iiwa14,end_effector_pose_gradient,bard,1024,collection,unknown,unknown,3,adapter_pending,selected operation not wired; not a library capability claim,,,,,fp32-fd-warnings,2,,,0,0,,,,,,,,
iiwa14,end_effector_pose_gradient,frax,16,collection,unknown,unknown,3,adapter_pending,selected operation not wired,,,,,fp32-fd-warnings,2,,,0,0,,,,,,,,
iiwa14,end_effector_pose_gradient,frax,32,collection,unknown,unknown,3,adapter_pending,selected operation not wired,,,,,fp32-fd-warnings,2,,,0,0,,,,,,,,
iiwa14,end_effector_pose_gradient,frax,64,collection,unknown,unknown,3,adapter_pending,selected operation not wired,,,,,fp32-fd-warnings,2,,,0,0,,,,,,,,
iiwa14,end_effector_pose_gradient,frax,128,collection,unknown,unknown,3,adapter_pending,selected operation not wired,,,,,fp32-fd-warnings,2,,,0,0,,,,,,,,
iiwa14,end_effector_pose_gradient,frax,256,collection,unknown,unknown,3,adapter_pending,selected operation not wired,,,,,fp32-fd-warnings,2,,,0,0,,,,,,,,
iiwa14,end_effector_pose_gradient,frax,1024,collection,unknown,unknown,3,adapter_pending,selected operation not wired,,,,,fp32-fd-warnings,2,,,0,0,,,,,,,,
iiwa14,end_effector_pose_gradient,grim_cuda,16,collection,unknown,unknown,3,adapter_pending,CUDA host-call timing bridge covers every operation but the end-effector derivatives,,,,,fp32-fd-warnings,2,,,0,0,,,,,,,,
iiwa14,end_effector_pose_gradient,grim_cuda,32,collection,unknown,unknown,3,adapter_pending,CUDA host-call timing bridge covers every operation but the end-effector derivatives,,,,,fp32-fd-warnings,2,,,0,0,,,,,,,,
iiwa14,end_effector_pose_gradient,grim_cuda,64,collection,unknown,unknown,3,adapter_pending,CUDA host-call timing bridge covers every operation but the end-effector derivatives,,,,,fp32-fd-warnings,2,,,0,0,,,,,,,,
iiwa14,end_effector_pose_gradient,grim_cuda,128,collection,unknown,unknown,3,adapter_pending,CUDA host-call timing bridge covers every operation but the end-effector derivatives,,,,,fp32-fd-warnings,2,,,0,0,,,,,,,,
iiwa14,end_effector_pose_gradient,grim_cuda,256,collection,unknown,unknown,3,adapter_pending,CUDA host-call timing bridge covers every operation but the end-effector derivatives,,,,,fp32-fd-warnings,2,,,0,0,,,,,,,,
iiwa14,end_effector_pose_gradient,grim_cuda,1024,collection,unknown,unknown,3,adapter_pending,CUDA host-call timing bridge covers every operation but the end-effector derivatives,,,,,fp32-fd-warnings,2,,,0,0,,,,,,,,
iiwa14,end_effector_pose_gradient,grim_jax,16,collection,float32,analytical,3,validated,,125.93163333333335,42.79456666666667,,,fp32-fd-warnings,2,0.0,0.0,0,672,116.99436666666665,246.1588,26.628133333333334,86.31893333333332,83.13706666666668,,5.868858039548286e-07,1.4304938808549234e-07
iiwa14,end_effector_pose_gradient,grim_jax,32,collection,float32,analytical,3,validated,,136.7319333333333,24.0395,,,fp32-fd-warnings,2,0.0,0.0,0,1344,118.73266666666667,139.99366666666666,23.661600000000007,29.19186666666667,112.6924333333333,,1.9902630441492875e-06,2.2286234428566705e-07
iiwa14,end_effector_pose_gradient,grim_jax,64,collection,float32,analytical,3,validated,,121.16353333333336,27.49126666666666,,,fp32-fd-warnings,2,0.0,0.0,0,2688,117.50556666666665,137.90536666666668,24.2706,41.14200000000001,93.6722666666667,,2.037418596501084e-06,2.1981609815733833e-07
iiwa14,end_effector_pose_gradient,grim_jax,128,collection,float32,analytical,3,validated,,126.00866666666666,27.40483333333333,,,fp32-fd-warnings,2,0.0,0.0,0,5376,118.25623333333333,136.96570000000003,24.227433333333337,41.40673333333334,98.60383333333333,,2.037418596501084e-06,1.9344687350863152e-07
iiwa14,end_effector_pose_gradient,grim_jax,256,collection,float32,analytical,3,validated,,124.72466666666668,24.582933333333333,,,fp32-fd-warnings,2,0.0,0.0,0,10752,122.4927,127.85359999999997,24.559700000000003,25.322066666666665,100.14173333333335,,8.236402152306255e-06,3.7735844153606523e-07
iiwa14,end_effector_pose_gradient,grim_jax,1024,collection,float32,analytical,3,validated,,147.91686666666664,24.7564,,,fp32-fd-warnings,2,0.0,0.0,0,43008,146.42200000000003,151.9026,24.68156666666666,26.409699999999997,123.16046666666664,,3.339340676689062e-05,6.965851678555623e-07
iiwa14,end_effector_pose_gradient,mjx,16,collection,unknown,unknown,3,adapter_pending,selected operation not wired,,,,,fp32-fd-warnings,2,,,0,0,,,,,,,,
iiwa14,end_effector_pose_gradient,mjx,32,collection,unknown,unknown,3,adapter_pending,selected operation not wired,,,,,fp32-fd-warnings,2,,,0,0,,,,,,,,
iiwa14,end_effector_pose_gradient,mjx,64,collection,unknown,unknown,3,adapter_pending,selected operation not wired,,,,,fp32-fd-warnings,2,,,0,0,,,,,,,,
iiwa14,end_effector_pose_gradient,mjx,128,collection,unknown,unknown,3,adapter_pending,selected operation not wired,,,,,fp32-fd-warnings,2,,,0,0,,,,,,,,
iiwa14,end_effector_pose_gradient,mjx,256,collection,unknown,unknown,3,adapter_pending,selected operation not wired,,,,,fp32-fd-warnings,2,,,0,0,,,,,,,,
iiwa14,end_effector_pose_gradient,mjx,1024,collection,unknown,unknown,3,adapter_pending,selected operation not wired,,,,,fp32-fd-warnings,2,,,0,0,,,,,,,,
iiwa14,end_effector_pose_gradient,mujoco_cpu,16,collection,unknown,unknown,3,adapter_pending,no matched full tangent-space derivative adapter,,,,,fp32-fd-warnings,2,,,0,0,,,,,,,,
iiwa14,end_effector_pose_gradient,mujoco_cpu,32,collection,unknown,unknown,3,adapter_pending,no matched full tangent-space derivative adapter,,,,,fp32-fd-warnings,2,,,0,0,,,,,,,,
iiwa14,end_effector_pose_gradient,mujoco_cpu,64,collection,unknown,unknown,3,adapter_pending,no matched full tangent-space derivative adapter,,,,,fp32-fd-warnings,2,,,0,0,,,,,,,,
iiwa14,end_effector_pose_gradient,mujoco_cpu,128,collection,unknown,unknown,3,adapter_pending,no matched full tangent-space derivative adapter,,,,,fp32-fd-warnings,2,,,0,0,,,,,,,,
iiwa14,end_effector_pose_gradient,mujoco_cpu,256,collection,unknown,unknown,3,adapter_pending,no matched full tangent-space derivative adapter,,,,,fp32-fd-warnings,2,,,0,0,,,,,,,,
iiwa14,end_effector_pose_gradient,mujoco_cpu,1024,collection,unknown,unknown,3,adapter_pending,no matched full tangent-space derivative adapter,,,,,fp32-fd-warnings,2,,,0,0,,,,,,,,
iiwa14,end_effector_pose_gradient,mujoco_warp,16,collection,unknown,unknown,3,adapter_pending,no matched full tangent-space derivative adapter,,,,,fp32-fd-warnings,2,,,0,0,,,,,,,,
iiwa14,end_effector_pose_gradient,mujoco_warp,32,collection,unknown,unknown,3,adapter_pending,no matched full tangent-space derivative adapter,,,,,fp32-fd-warnings,2,,,0,0,,,,,,,,
iiwa14,end_effector_pose_gradient,mujoco_warp,64,collection,unknown,unknown,3,adapter_pending,no matched full tangent-space derivative adapter,,,,,fp32-fd-warnings,2,,,0,0,,,,,,,,
iiwa14,end_effector_pose_gradient,mujoco_warp,128,collection,unknown,unknown,3,adapter_pending,no matched full tangent-space derivative adapter,,,,,fp32-fd-warnings,2,,,0,0,,,,,,,,
iiwa14,end_effector_pose_gradient,mujoco_warp,256,collection,unknown,unknown,3,adapter_pending,no matched full tangent-space derivative adapter,,,,,fp32-fd-warnings,2,,,0,0,,,,,,,,
iiwa14,end_effector_pose_gradient,mujoco_warp,1024,collection,unknown,unknown,3,adapter_pending,no matched full tangent-space derivative adapter,,,,,fp32-fd-warnings,2,,,0,0,,,,,,,,
iiwa14,end_effector_pose_gradient,pinocchio,16,collection,unknown,unknown,3,adapter_pending,Pinocchio spatial kinematic derivatives are not the requested RPY pose-coordinate derivatives,,,,,fp32-fd-warnings,2,,,0,0,,,,,,,,
iiwa14,end_effector_pose_gradient,pinocchio,32,collection,unknown,unknown,3,adapter_pending,Pinocchio spatial kinematic derivatives are not the requested RPY pose-coordinate derivatives,,,,,fp32-fd-warnings,2,,,0,0,,,,,,,,
iiwa14,end_effector_pose_gradient,pinocchio,64,collection,unknown,unknown,3,adapter_pending,Pinocchio spatial kinematic derivatives are not the requested RPY pose-coordinate derivatives,,,,,fp32-fd-warnings,2,,,0,0,,,,,,,,
iiwa14,end_effector_pose_gradient,pinocchio,128,collection,unknown,unknown,3,adapter_pending,Pinocchio spatial kinematic derivatives are not the requested RPY pose-coordinate derivatives,,,,,fp32-fd-warnings,2,,,0,0,,,,,,,,
iiwa14,end_effector_pose_gradient,pinocchio,256,collection,unknown,unknown,3,adapter_pending,Pinocchio spatial kinematic derivatives are not the requested RPY pose-coordinate derivatives,,,,,fp32-fd-warnings,2,,,0,0,,,,,,,,
iiwa14,end_effector_pose_gradient,pinocchio,1024,collection,unknown,unknown,3,adapter_pending,Pinocchio spatial kinematic derivatives are not the requested RPY pose-coordinate derivatives,,,,,fp32-fd-warnings,2,,,0,0,,,,,,,,
iiwa14,end_effector_pose_gradient,pinocchio_plain,16,collection,unknown,unknown,3,adapter_pending,Pinocchio spatial kinematic derivatives are not the requested RPY pose-coordinate derivatives,,,,,fp32-fd-warnings,2,,,0,0,,,,,,,,
iiwa14,end_effector_pose_gradient,pinocchio_plain,32,collection,unknown,unknown,3,adapter_pending,Pinocchio spatial kinematic derivatives are not the requested RPY pose-coordinate derivatives,,,,,fp32-fd-warnings,2,,,0,0,,,,,,,,
iiwa14,end_effector_pose_gradient,pinocchio_plain,64,collection,unknown,unknown,3,adapter_pending,Pinocchio spatial kinematic derivatives are not the requested RPY pose-coordinate derivatives,,,,,fp32-fd-warnings,2,,,0,0,,,,,,,,
iiwa14,end_effector_pose_gradient,pinocchio_plain,128,collection,unknown,unknown,3,adapter_pending,Pinocchio spatial kinematic derivatives are not the requested RPY pose-coordinate derivatives,,,,,fp32-fd-warnings,2,,,0,0,,,,,,,,
iiwa14,end_effector_pose_gradient,pinocchio_plain,256,collection,unknown,unknown,3,adapter_pending,Pinocchio spatial kinematic derivatives are not the requested RPY pose-coordinate derivatives,,,,,fp32-fd-warnings,2,,,0,0,,,,,,,,
iiwa14,end_effector_pose_gradient,pinocchio_plain,1024,collection,unknown,unknown,3,adapter_pending,Pinocchio spatial kinematic derivatives are not the requested RPY pose-coordinate derivatives,,,,,fp32-fd-warnings,2,,,0,0,,,,,,,,
iiwa14,end_effector_pose_hessian,bard,16,collection,unknown,unknown,3,excluded_method,analytical Hessian study; no finite-difference or nested-autodiff Hessian sweep,,,,,fp32-fd-warnings,2,,,0,0,,,,,,,,
iiwa14,end_effector_pose_hessian,bard,32,collection,unknown,unknown,3,excluded_method,analytical Hessian study; no finite-difference or nested-autodiff Hessian sweep,,,,,fp32-fd-warnings,2,,,0,0,,,,,,,,
iiwa14,end_effector_pose_hessian,bard,64,collection,unknown,unknown,3,excluded_method,analytical Hessian study; no finite-difference or nested-autodiff Hessian sweep,,,,,fp32-fd-warnings,2,,,0,0,,,,,,,,
iiwa14,end_effector_pose_hessian,bard,128,collection,unknown,unknown,3,excluded_method,analytical Hessian study; no finite-difference or nested-autodiff Hessian sweep,,,,,fp32-fd-warnings,2,,,0,0,,,,,,,,
iiwa14,end_effector_pose_hessian,bard,256,collection,unknown,unknown,3,excluded_method,analytical Hessian study; no finite-difference or nested-autodiff Hessian sweep,,,,,fp32-fd-warnings,2,,,0,0,,,,,,,,
iiwa14,end_effector_pose_hessian,bard,1024,collection,unknown,unknown,3,excluded_method,analytical Hessian study; no finite-difference or nested-autodiff Hessian sweep,,,,,fp32-fd-warnings,2,,,0,0,,,,,,,,
iiwa14,end_effector_pose_hessian,frax,16,collection,unknown,unknown,3,excluded_method,analytical Hessian study; no finite-difference or nested-autodiff Hessian sweep,,,,,fp32-fd-warnings,2,,,0,0,,,,,,,,
iiwa14,end_effector_pose_hessian,frax,32,collection,unknown,unknown,3,excluded_method,analytical Hessian study; no finite-difference or nested-autodiff Hessian sweep,,,,,fp32-fd-warnings,2,,,0,0,,,,,,,,
iiwa14,end_effector_pose_hessian,frax,64,collection,unknown,unknown,3,excluded_method,analytical Hessian study; no finite-difference or nested-autodiff Hessian sweep,,,,,fp32-fd-warnings,2,,,0,0,,,,,,,,
iiwa14,end_effector_pose_hessian,frax,128,collection,unknown,unknown,3,excluded_method,analytical Hessian study; no finite-difference or nested-autodiff Hessian sweep,,,,,fp32-fd-warnings,2,,,0,0,,,,,,,,
iiwa14,end_effector_pose_hessian,frax,256,collection,unknown,unknown,3,excluded_method,analytical Hessian study; no finite-difference or nested-autodiff Hessian sweep,,,,,fp32-fd-warnings,2,,,0,0,,,,,,,,
iiwa14,end_effector_pose_hessian,frax,1024,collection,unknown,unknown,3,excluded_method,analytical Hessian study; no finite-difference or nested-autodiff Hessian sweep,,,,,fp32-fd-warnings,2,,,0,0,,,,,,,,
iiwa14,end_effector_pose_hessian,grim_cuda,16,collection,unknown,unknown,3,adapter_pending,CUDA host-call timing bridge covers every operation but the end-effector derivatives,,,,,fp32-fd-warnings,2,,,0,0,,,,,,,,
iiwa14,end_effector_pose_hessian,grim_cuda,32,collection,unknown,unknown,3,adapter_pending,CUDA host-call timing bridge covers every operation but the end-effector derivatives,,,,,fp32-fd-warnings,2,,,0,0,,,,,,,,
iiwa14,end_effector_pose_hessian,grim_cuda,64,collection,unknown,unknown,3,adapter_pending,CUDA host-call timing bridge covers every operation but the end-effector derivatives,,,,,fp32-fd-warnings,2,,,0,0,,,,,,,,
iiwa14,end_effector_pose_hessian,grim_cuda,128,collection,unknown,unknown,3,adapter_pending,CUDA host-call timing bridge covers every operation but the end-effector derivatives,,,,,fp32-fd-warnings,2,,,0,0,,,,,,,,
iiwa14,end_effector_pose_hessian,grim_cuda,256,collection,unknown,unknown,3,adapter_pending,CUDA host-call timing bridge covers every operation but the end-effector derivatives,,,,,fp32-fd-warnings,2,,,0,0,,,,,,,,
iiwa14,end_effector_pose_hessian,grim_cuda,1024,collection,unknown,unknown,3,adapter_pending,CUDA host-call timing bridge covers every operation but the end-effector derivatives,,,,,fp32-fd-warnings,2,,,0,0,,,,,,,,
iiwa14,end_effector_pose_hessian,grim_jax,16,collection,float32,analytical,3,validated,,115.5981,26.1536,,,fp32-fd-warnings,2,0.0,0.0,0,4704,111.38720000000004,128.43796666666665,24.65236666666666,28.6158,89.4445,,2.2204460492503127e-05,4.724957695552032e-06
iiwa14,end_effector_pose_hessian,grim_jax,32,collection,float32,analytical,3,validated,,116.96023333333336,24.950233333333333,,,fp32-fd-warnings,2,0.0,0.0,0,9408,113.23849999999999,116.97243333333333,22.491500000000006,26.532966666666663,92.01000000000003,,2.9309119783604842e-05,2.649586802275079e-06
iiwa14,end_effector_pose_hessian,grim_jax,64,collection,float32,analytical,3,validated,,127.98749999999998,27.60603333333334,,,fp32-fd-warnings,2,0.0,0.0,0,18816,123.421,128.79370000000003,27.497700000000002,37.701766666666664,100.38146666666664,,5.75594528999801e-05,2.5338396757846107e-06
iiwa14,end_effector_pose_hessian,grim_jax,128,collection,float32,analytical,3,validated,,143.26473333333334,35.36933333333333,,,fp32-fd-warnings,2,0.0,0.0,0,37632,141.4269,165.3093,25.018600000000003,35.74646666666668,107.89540000000001,,5.75594528999801e-05,2.7791605190912683e-06
iiwa14,end_effector_pose_hessian,grim_jax,256,collection,float32,analytical,3,validated,,157.09290000000001,37.01433333333333,,,fp32-fd-warnings,2,0.0,0.0,0,75264,151.02179999999998,456.6652,29.4038,37.05306666666666,120.07856666666669,,0.00022586586419404142,2.6359506732538244e-06
iiwa14,end_effector_pose_hessian,grim_jax,1024,collection,float32,analytical,3,validated,,320.7227000000001,48.66713333333335,,,fp32-fd-warnings,2,0.0,0.0,0,301056,245.4280666666667,364.0597666666666,38.85683333333335,49.95523333333334,272.0555666666667,,0.0015498168743874885,2.820025518660157e-06
iiwa14,end_effector_pose_hessian,mjx,16,collection,unknown,unknown,3,excluded_method,analytical Hessian study; no finite-difference or nested-autodiff Hessian sweep,,,,,fp32-fd-warnings,2,,,0,0,,,,,,,,
iiwa14,end_effector_pose_hessian,mjx,32,collection,unknown,unknown,3,excluded_method,analytical Hessian study; no finite-difference or nested-autodiff Hessian sweep,,,,,fp32-fd-warnings,2,,,0,0,,,,,,,,
iiwa14,end_effector_pose_hessian,mjx,64,collection,unknown,unknown,3,excluded_method,analytical Hessian study; no finite-difference or nested-autodiff Hessian sweep,,,,,fp32-fd-warnings,2,,,0,0,,,,,,,,
iiwa14,end_effector_pose_hessian,mjx,128,collection,unknown,unknown,3,excluded_method,analytical Hessian study; no finite-difference or nested-autodiff Hessian sweep,,,,,fp32-fd-warnings,2,,,0,0,,,,,,,,
iiwa14,end_effector_pose_hessian,mjx,256,collection,unknown,unknown,3,excluded_method,analytical Hessian study; no finite-difference or nested-autodiff Hessian sweep,,,,,fp32-fd-warnings,2,,,0,0,,,,,,,,
iiwa14,end_effector_pose_hessian,mjx,1024,collection,unknown,unknown,3,excluded_method,analytical Hessian study; no finite-difference or nested-autodiff Hessian sweep,,,,,fp32-fd-warnings,2,,,0,0,,,,,,,,
iiwa14,end_effector_pose_hessian,mujoco_cpu,16,collection,unknown,unknown,3,excluded_method,analytical Hessian study; no finite-difference or nested-autodiff Hessian sweep,,,,,fp32-fd-warnings,2,,,0,0,,,,,,,,
iiwa14,end_effector_pose_hessian,mujoco_cpu,32,collection,unknown,unknown,3,excluded_method,analytical Hessian study; no finite-difference or nested-autodiff Hessian sweep,,,,,fp32-fd-warnings,2,,,0,0,,,,,,,,
iiwa14,end_effector_pose_hessian,mujoco_cpu,64,collection,unknown,unknown,3,excluded_method,analytical Hessian study; no finite-difference or nested-autodiff Hessian sweep,,,,,fp32-fd-warnings,2,,,0,0,,,,,,,,
iiwa14,end_effector_pose_hessian,mujoco_cpu,128,collection,unknown,unknown,3,excluded_method,analytical Hessian study; no finite-difference or nested-autodiff Hessian sweep,,,,,fp32-fd-warnings,2,,,0,0,,,,,,,,
iiwa14,end_effector_pose_hessian,mujoco_cpu,256,collection,unknown,unknown,3,excluded_method,analytical Hessian study; no finite-difference or nested-autodiff Hessian sweep,,,,,fp32-fd-warnings,2,,,0,0,,,,,,,,
iiwa14,end_effector_pose_hessian,mujoco_cpu,1024,collection,unknown,unknown,3,excluded_method,analytical Hessian study; no finite-difference or nested-autodiff Hessian sweep,,,,,fp32-fd-warnings,2,,,0,0,,,,,,,,
iiwa14,end_effector_pose_hessian,mujoco_warp,16,collection,unknown,unknown,3,excluded_method,analytical Hessian study; no finite-difference or nested-autodiff Hessian sweep,,,,,fp32-fd-warnings,2,,,0,0,,,,,,,,
iiwa14,end_effector_pose_hessian,mujoco_warp,32,collection,unknown,unknown,3,excluded_method,analytical Hessian study; no finite-difference or nested-autodiff Hessian sweep,,,,,fp32-fd-warnings,2,,,0,0,,,,,,,,
iiwa14,end_effector_pose_hessian,mujoco_warp,64,collection,unknown,unknown,3,excluded_method,analytical Hessian study; no finite-difference or nested-autodiff Hessian sweep,,,,,fp32-fd-warnings,2,,,0,0,,,,,,,,
iiwa14,end_effector_pose_hessian,mujoco_warp,128,collection,unknown,unknown,3,excluded_method,analytical Hessian study; no finite-difference or nested-autodiff Hessian sweep,,,,,fp32-fd-warnings,2,,,0,0,,,,,,,,
iiwa14,end_effector_pose_hessian,mujoco_warp,256,collection,unknown,unknown,3,excluded_method,analytical Hessian study; no finite-difference or nested-autodiff Hessian sweep,,,,,fp32-fd-warnings,2,,,0,0,,,,,,,,
iiwa14,end_effector_pose_hessian,mujoco_warp,1024,collection,unknown,unknown,3,excluded_method,analytical Hessian study; no finite-difference or nested-autodiff Hessian sweep,,,,,fp32-fd-warnings,2,,,0,0,,,,,,,,
iiwa14,end_effector_pose_hessian,pinocchio,16,collection,unknown,unknown,3,adapter_pending,Pinocchio spatial kinematic derivatives are not the requested RPY pose-coordinate derivatives,,,,,fp32-fd-warnings,2,,,0,0,,,,,,,,
iiwa14,end_effector_pose_hessian,pinocchio,32,collection,unknown,unknown,3,adapter_pending,Pinocchio spatial kinematic derivatives are not the requested RPY pose-coordinate derivatives,,,,,fp32-fd-warnings,2,,,0,0,,,,,,,,
iiwa14,end_effector_pose_hessian,pinocchio,64,collection,unknown,unknown,3,adapter_pending,Pinocchio spatial kinematic derivatives are not the requested RPY pose-coordinate derivatives,,,,,fp32-fd-warnings,2,,,0,0,,,,,,,,
iiwa14,end_effector_pose_hessian,pinocchio,128,collection,unknown,unknown,3,adapter_pending,Pinocchio spatial kinematic derivatives are not the requested RPY pose-coordinate derivatives,,,,,fp32-fd-warnings,2,,,0,0,,,,,,,,
iiwa14,end_effector_pose_hessian,pinocchio,256,collection,unknown,unknown,3,adapter_pending,Pinocchio spatial kinematic derivatives are not the requested RPY pose-coordinate derivatives,,,,,fp32-fd-warnings,2,,,0,0,,,,,,,,
iiwa14,end_effector_pose_hessian,pinocchio,1024,collection,unknown,unknown,3,adapter_pending,Pinocchio spatial kinematic derivatives are not the requested RPY pose-coordinate derivatives,,,,,fp32-fd-warnings,2,,,0,0,,,,,,,,
iiwa14,end_effector_pose_hessian,pinocchio_plain,16,collection,unknown,unknown,3,adapter_pending,Pinocchio spatial kinematic derivatives are not the requested RPY pose-coordinate derivatives,,,,,fp32-fd-warnings,2,,,0,0,,,,,,,,
iiwa14,end_effector_pose_hessian,pinocchio_plain,32,collection,unknown,unknown,3,adapter_pending,Pinocchio spatial kinematic derivatives are not the requested RPY pose-coordinate derivatives,,,,,fp32-fd-warnings,2,,,0,0,,,,,,,,
iiwa14,end_effector_pose_hessian,pinocchio_plain,64,collection,unknown,unknown,3,adapter_pending,Pinocchio spatial kinematic derivatives are not the requested RPY pose-coordinate derivatives,,,,,fp32-fd-warnings,2,,,0,0,,,,,,,,
iiwa14,end_effector_pose_hessian,pinocchio_plain,128,collection,unknown,unknown,3,adapter_pending,Pinocchio spatial kinematic derivatives are not the requested RPY pose-coordinate derivatives,,,,,fp32-fd-warnings,2,,,0,0,,,,,,,,
iiwa14,end_effector_pose_hessian,pinocchio_plain,256,collection,unknown,unknown,3,adapter_pending,Pinocchio spatial kinematic derivatives are not the requested RPY pose-coordinate derivatives,,,,,fp32-fd-warnings,2,,,0,0,,,,,,,,
iiwa14,end_effector_pose_hessian,pinocchio_plain,1024,collection,unknown,unknown,3,adapter_pending,Pinocchio spatial kinematic derivatives are not the requested RPY pose-coordinate derivatives,,,,,fp32-fd-warnings,2,,,0,0,,,,,,,,
iiwa14,fdsva_so,bard,16,collection,unknown,unknown,3,excluded_method,analytical Hessian study; no finite-difference or nested-autodiff Hessian sweep,,,,,fp32-fd-warnings,2,,,0,0,,,,,,,,
iiwa14,fdsva_so,bard,32,collection,unknown,unknown,3,excluded_method,analytical Hessian study; no finite-difference or nested-autodiff Hessian sweep,,,,,fp32-fd-warnings,2,,,0,0,,,,,,,,
iiwa14,fdsva_so,bard,64,collection,unknown,unknown,3,excluded_method,analytical Hessian study; no finite-difference or nested-autodiff Hessian sweep,,,,,fp32-fd-warnings,2,,,0,0,,,,,,,,
iiwa14,fdsva_so,bard,128,collection,unknown,unknown,3,excluded_method,analytical Hessian study; no finite-difference or nested-autodiff Hessian sweep,,,,,fp32-fd-warnings,2,,,0,0,,,,,,,,
iiwa14,fdsva_so,bard,256,collection,unknown,unknown,3,excluded_method,analytical Hessian study; no finite-difference or nested-autodiff Hessian sweep,,,,,fp32-fd-warnings,2,,,0,0,,,,,,,,
iiwa14,fdsva_so,bard,1024,collection,unknown,unknown,3,excluded_method,analytical Hessian study; no finite-difference or nested-autodiff Hessian sweep,,,,,fp32-fd-warnings,2,,,0,0,,,,,,,,
iiwa14,fdsva_so,frax,16,collection,unknown,unknown,3,excluded_method,analytical Hessian study; no finite-difference or nested-autodiff Hessian sweep,,,,,fp32-fd-warnings,2,,,0,0,,,,,,,,
iiwa14,fdsva_so,frax,32,collection,unknown,unknown,3,excluded_method,analytical Hessian study; no finite-difference or nested-autodiff Hessian sweep,,,,,fp32-fd-warnings,2,,,0,0,,,,,,,,
iiwa14,fdsva_so,frax,64,collection,unknown,unknown,3,excluded_method,analytical Hessian study; no finite-difference or nested-autodiff Hessian sweep,,,,,fp32-fd-warnings,2,,,0,0,,,,,,,,
iiwa14,fdsva_so,frax,128,collection,unknown,unknown,3,excluded_method,analytical Hessian study; no finite-difference or nested-autodiff Hessian sweep,,,,,fp32-fd-warnings,2,,,0,0,,,,,,,,
iiwa14,fdsva_so,frax,256,collection,unknown,unknown,3,excluded_method,analytical Hessian study; no finite-difference or nested-autodiff Hessian sweep,,,,,fp32-fd-warnings,2,,,0,0,,,,,,,,
iiwa14,fdsva_so,frax,1024,collection,unknown,unknown,3,excluded_method,analytical Hessian study; no finite-difference or nested-autodiff Hessian sweep,,,,,fp32-fd-warnings,2,,,0,0,,,,,,,,
iiwa14,fdsva_so,grim_cuda,16,collection,float32,analytical,3,accuracy_warning,Entrywise oracle/variation gate exceeded; explicitly retained with errors reported,84.46366628011067,73.43096618652343,,128,fp32-fd-warnings,2,0.0,0.0,404,21952,84.4436019897461,84.47570037841797,73.36050008138021,73.45576782226563,11.032700093587238,,0.1617285967878388,0.00010521719984125934
iiwa14,fdsva_so,grim_cuda,32,collection,float32,analytical,3,accuracy_warning,Entrywise oracle/variation gate exceeded; explicitly retained with errors reported,86.79623311360677,73.38490142822266,,128,fp32-fd-warnings,2,0.0,0.0,683,43904,86.7764673868815,86.83009897867838,73.36809895833333,73.39349975585938,13.411331685384113,,0.1617285967878388,0.00010941380005732165
iiwa14,fdsva_so,grim_cuda,64,collection,float32,analytical,3,accuracy_warning,Entrywise oracle/variation gate exceeded; explicitly retained with errors reported,90.53526763916015,72.33729960123698,,128,fp32-fd-warnings,2,0.0,0.0,1133,87808,90.40023396809896,94.30243326822917,72.32486470540364,72.34040171305338,18.197968037923175,,0.1617285967878388,9.388322600976544e-05
iiwa14,fdsva_so,grim_cuda,128,collection,float32,analytical,3,accuracy_warning,Entrywise oracle/variation gate exceeded; explicitly retained with errors reported,114.99376424153645,72.30820058186849,,128,fp32-fd-warnings,2,0.0,0.0,1934,175616,114.90609741210938,115.60026652018229,72.28559875488281,72.3188990275065,42.68556365966796,,0.1617285967878388,8.690057887328473e-05
iiwa14,fdsva_so,grim_cuda,256,collection,float32,analytical,3,accuracy_warning,Entrywise oracle/variation gate exceeded; explicitly retained with errors reported,146.92503407796224,72.61059875488282,,128,fp32-fd-warnings,2,0.0,0.0,3754,351232,146.76210021972656,147.51993255615236,72.57743225097656,72.69876658121744,74.31443532307942,,0.1617285967878388,8.19595469849967e-05
iiwa14,fdsva_so,grim_cuda,1024,collection,float32,analytical,3,accuracy_warning,Entrywise oracle/variation gate exceeded; explicitly retained with errors reported,476.2864003499349,209.11136372884116,,128,fp32-fd-warnings,2,0.0,0.0,14134,1404928,475.9185989379883,478.9109349568685,209.05726776123046,209.3051991780599,267.1750366210938,,0.1617285967878388,7.972881494952748e-05
iiwa14,fdsva_so,grim_jax,16,collection,float32,analytical,3,accuracy_warning,Entrywise oracle/variation gate exceeded; explicitly retained with errors reported,386.8879666666667,98.61010000000002,,,fp32-fd-warnings,2,0.0,0.0,404,21952,359.059,492.32013333333333,97.73453333333333,105.72723333333333,288.2778666666667,,0.1617285967878388,0.00010521719984125934
iiwa14,fdsva_so,grim_jax,32,collection,float32,analytical,3,accuracy_warning,Entrywise oracle/variation gate exceeded; explicitly retained with errors reported,403.4882,110.722,,,fp32-fd-warnings,2,0.0,0.0,683,43904,370.01443333333333,470.7518,97.34653333333334,151.8213333333333,292.7662,,0.1617285967878388,0.00010941380005732165
iiwa14,fdsva_so,grim_jax,64,collection,float32,analytical,3,accuracy_warning,Entrywise oracle/variation gate exceeded; explicitly retained with errors reported,487.75883333333326,100.22080000000001,,,fp32-fd-warnings,2,0.0,0.0,1133,87808,459.07103333333333,496.22683333333333,97.96873333333332,120.07700000000001,387.53803333333326,,0.1617285967878388,9.388322600976544e-05
iiwa14,fdsva_so,grim_jax,128,collection,float32,analytical,3,accuracy_warning,Entrywise oracle/variation gate exceeded; explicitly retained with errors reported,578.0221333333334,108.81826666666666,,,fp32-fd-warnings,2,0.0,0.0,1934,175616,551.8140000000001,814.2327,108.01306666666666,312.2431666666666,469.2038666666667,,0.1617285967878388,8.690057887328473e-05
iiwa14,fdsva_so,grim_jax,256,collection,float32,analytical,3,accuracy_warning,Entrywise oracle/variation gate exceeded; explicitly retained with errors reported,858.4032333333332,128.75,,,fp32-fd-warnings,2,0.0,0.0,3754,351232,581.0575999999999,910.4908666666668,115.5941,260.2141666666667,729.6532333333332,,0.1617285967878388,8.19595469849967e-05
iiwa14,fdsva_so,grim_jax,1024,collection,float32,analytical,3,accuracy_warning,Entrywise oracle/variation gate exceeded; explicitly retained with errors reported,1823.3664999999999,339.1559,,,fp32-fd-warnings,2,0.0,0.0,14134,1404928,1763.0958333333333,1902.6115,337.63669999999996,433.07713333333334,1484.2105999999999,,0.1617285967878388,7.972881494952748e-05
iiwa14,fdsva_so,mjx,16,collection,unknown,unknown,3,excluded_method,analytical Hessian study; no finite-difference or nested-autodiff Hessian sweep,,,,,fp32-fd-warnings,2,,,0,0,,,,,,,,
iiwa14,fdsva_so,mjx,32,collection,unknown,unknown,3,excluded_method,analytical Hessian study; no finite-difference or nested-autodiff Hessian sweep,,,,,fp32-fd-warnings,2,,,0,0,,,,,,,,
iiwa14,fdsva_so,mjx,64,collection,unknown,unknown,3,excluded_method,analytical Hessian study; no finite-difference or nested-autodiff Hessian sweep,,,,,fp32-fd-warnings,2,,,0,0,,,,,,,,
iiwa14,fdsva_so,mjx,128,collection,unknown,unknown,3,excluded_method,analytical Hessian study; no finite-difference or nested-autodiff Hessian sweep,,,,,fp32-fd-warnings,2,,,0,0,,,,,,,,
iiwa14,fdsva_so,mjx,256,collection,unknown,unknown,3,excluded_method,analytical Hessian study; no finite-difference or nested-autodiff Hessian sweep,,,,,fp32-fd-warnings,2,,,0,0,,,,,,,,
iiwa14,fdsva_so,mjx,1024,collection,unknown,unknown,3,excluded_method,analytical Hessian study; no finite-difference or nested-autodiff Hessian sweep,,,,,fp32-fd-warnings,2,,,0,0,,,,,,,,
iiwa14,fdsva_so,mujoco_cpu,16,collection,unknown,unknown,3,excluded_method,analytical Hessian study; no finite-difference or nested-autodiff Hessian sweep,,,,,fp32-fd-warnings,2,,,0,0,,,,,,,,
iiwa14,fdsva_so,mujoco_cpu,32,collection,unknown,unknown,3,excluded_method,analytical Hessian study; no finite-difference or nested-autodiff Hessian sweep,,,,,fp32-fd-warnings,2,,,0,0,,,,,,,,
iiwa14,fdsva_so,mujoco_cpu,64,collection,unknown,unknown,3,excluded_method,analytical Hessian study; no finite-difference or nested-autodiff Hessian sweep,,,,,fp32-fd-warnings,2,,,0,0,,,,,,,,
iiwa14,fdsva_so,mujoco_cpu,128,collection,unknown,unknown,3,excluded_method,analytical Hessian study; no finite-difference or nested-autodiff Hessian sweep,,,,,fp32-fd-warnings,2,,,0,0,,,,,,,,
iiwa14,fdsva_so,mujoco_cpu,256,collection,unknown,unknown,3,excluded_method,analytical Hessian study; no finite-difference or nested-autodiff Hessian sweep,,,,,fp32-fd-warnings,2,,,0,0,,,,,,,,
iiwa14,fdsva_so,mujoco_cpu,1024,collection,unknown,unknown,3,excluded_method,analytical Hessian study; no finite-difference or nested-autodiff Hessian sweep,,,,,fp32-fd-warnings,2,,,0,0,,,,,,,,
iiwa14,fdsva_so,mujoco_warp,16,collection,unknown,unknown,3,excluded_method,analytical Hessian study; no finite-difference or nested-autodiff Hessian sweep,,,,,fp32-fd-warnings,2,,,0,0,,,,,,,,
iiwa14,fdsva_so,mujoco_warp,32,collection,unknown,unknown,3,excluded_method,analytical Hessian study; no finite-difference or nested-autodiff Hessian sweep,,,,,fp32-fd-warnings,2,,,0,0,,,,,,,,
iiwa14,fdsva_so,mujoco_warp,64,collection,unknown,unknown,3,excluded_method,analytical Hessian study; no finite-difference or nested-autodiff Hessian sweep,,,,,fp32-fd-warnings,2,,,0,0,,,,,,,,
iiwa14,fdsva_so,mujoco_warp,128,collection,unknown,unknown,3,excluded_method,analytical Hessian study; no finite-difference or nested-autodiff Hessian sweep,,,,,fp32-fd-warnings,2,,,0,0,,,,,,,,
iiwa14,fdsva_so,mujoco_warp,256,collection,unknown,unknown,3,excluded_method,analytical Hessian study; no finite-difference or nested-autodiff Hessian sweep,,,,,fp32-fd-warnings,2,,,0,0,,,,,,,,
iiwa14,fdsva_so,mujoco_warp,1024,collection,unknown,unknown,3,excluded_method,analytical Hessian study; no finite-difference or nested-autodiff Hessian sweep,,,,,fp32-fd-warnings,2,,,0,0,,,,,,,,
iiwa14,fdsva_so,pinocchio,16,collection,float64,analytical direct/composed,3,validated,,54.373533333333334,,,8,fp32-fd-warnings,2,0.0,0.0,0,21952,53.54856666666667,54.54956666666667,,,,,0.0,0.0
iiwa14,fdsva_so,pinocchio,32,collection,float64,analytical direct/composed,3,validated,,95.7352,,,8,fp32-fd-warnings,2,0.0,0.0,0,43904,95.18933333333332,96.52576666666667,,,,,0.0,0.0
iiwa14,fdsva_so,pinocchio,64,collection,float64,analytical direct/composed,3,validated,,353.48730000000006,,,4/8,fp32-fd-warnings,2,0.0,0.0,0,87808,343.78336666666667,410.7763333333333,,,,,0.0,0.0
iiwa14,fdsva_so,pinocchio,128,collection,float64,analytical direct/composed,3,validated,,494.06103333333334,,,8,fp32-fd-warnings,2,0.0,0.0,0,175616,489.34093333333317,537.9258000000001,,,,,0.0,0.0
iiwa14,fdsva_so,pinocchio,256,collection,float64,analytical direct/composed,3,validated,,839.9936666666665,,,8,fp32-fd-warnings,2,0.0,0.0,0,351232,806.3225333333334,855.1493000000002,,,,,0.0,0.0
iiwa14,fdsva_so,pinocchio,1024,collection,float64,analytical direct/composed,3,validated,,2874.3284666666664,,,8,fp32-fd-warnings,2,0.0,0.0,0,1404928,2816.535566666667,2909.1549,,,,,0.0,0.0
iiwa14,fdsva_so,pinocchio_plain,16,collection,float64,analytical direct/composed,3,validated,,53.74443333333333,,,8,fp32-fd-warnings,2,0.0,0.0,0,21952,53.67679999999999,54.067166666666665,,,,,0.0,0.0
iiwa14,fdsva_so,pinocchio_plain,32,collection,float64,analytical direct/composed,3,validated,,95.39936666666668,,,8,fp32-fd-warnings,2,0.0,0.0,0,43904,95.21199999999999,95.97226666666667,,,,,0.0,0.0
iiwa14,fdsva_so,pinocchio_plain,64,collection,float64,analytical direct/composed,3,validated,,342.95156666666674,,,4/8,fp32-fd-warnings,2,0.0,0.0,0,87808,303.3602666666667,343.4838333333333,,,,,0.0,0.0
iiwa14,fdsva_so,pinocchio_plain,128,collection,float64,analytical direct/composed,3,validated,,522.7513,,,8,fp32-fd-warnings,2,0.0,0.0,0,175616,482.0263000000001,532.7583333333333,,,,,0.0,0.0
iiwa14,fdsva_so,pinocchio_plain,256,collection,float64,analytical direct/composed,3,validated,,830.6208666666665,,,8,fp32-fd-warnings,2,0.0,0.0,0,351232,829.2271000000001,839.3365333333333,,,,,0.0,0.0
iiwa14,fdsva_so,pinocchio_plain,1024,collection,float64,analytical direct/composed,3,validated,,2885.673166666667,,,8,fp32-fd-warnings,2,0.0,0.0,0,1404928,2882.0519000000004,2918.1050333333324,,,,,0.0,0.0
iiwa14,forward_dynamics,bard,16,collection,float32,library dynamics,3,validated,,2486.1384000000003,2418.902066666667,,,fp32-fd-warnings,2,0.0,0.0,0,112,2470.253333333334,2584.1829999999995,2411.543266666667,2509.5475,67.23633333333328,,0.0019212907299106519,7.309863308777043e-07
iiwa14,forward_dynamics,bard,32,collection,float32,library dynamics,3,validated,,2511.622533333333,2445.9141333333328,,,fp32-fd-warnings,2,0.0,0.0,0,224,2503.1053333333334,2591.941,2428.854466666666,2532.0608666666667,65.70840000000044,,0.0019212907299106519,5.443908165201275e-07
iiwa14,forward_dynamics,bard,64,collection,float32,library dynamics,3,validated,,2510.827433333333,2449.684433333334,,,fp32-fd-warnings,2,0.0,0.0,0,448,2497.7104666666664,2604.5978333333333,2438.9732333333327,2551.6610999999994,61.14299999999912,,0.0019212907299106519,3.838711255043082e-07
iiwa14,forward_dynamics,bard,128,collection,float32,library dynamics,3,validated,,2512.4860666666664,2455.100066666667,,,fp32-fd-warnings,2,0.0,0.0,0,896,2493.062366666666,2605.867766666667,2431.4263333333333,2538.6466,57.38599999999951,,0.002043361042410652,3.1773337706822453e-07
iiwa14,forward_dynamics,bard,256,collection,float32,library dynamics,3,validated,,2520.3078666666675,2473.630466666667,,,fp32-fd-warnings,2,0.0,0.0,0,1792,2517.2616333333335,2611.2616,2446.1163666666666,2546.7037666666665,46.67740000000049,,0.002043361042410652,2.3820023201248566e-07
iiwa14,forward_dynamics,bard,1024,collection,float32,library dynamics,3,validated,,2626.856266666666,2561.9186666666665,,,fp32-fd-warnings,2,0.0,0.0,0,7168,2523.610266666666,2631.988033333334,2439.1510000000003,2613.5054333333337,64.93759999999975,,0.002043361042410652,1.4162490200315767e-07
iiwa14,forward_dynamics,frax,16,collection,float32,library dynamics,3,accuracy_warning,Entrywise oracle/variation gate exceeded; explicitly retained with errors reported,238.84196666666668,107.09586666666668,,,fp32-fd-warnings,2,0.0,0.0,1,112,236.61823333333334,240.27906666666664,103.99236666666665,165.10719999999998,131.7461,,0.09124169113772496,4.5367674289483394e-05
iiwa14,forward_dynamics,frax,32,collection,float32,library dynamics,3,accuracy_warning,Entrywise oracle/variation gate exceeded; explicitly retained with errors reported,236.1247,104.61840000000002,,,fp32-fd-warnings,2,0.0,0.0,2,224,233.89453333333333,260.21343333333334,92.16013333333332,104.69403333333334,131.50629999999995,,0.09263265103413687,4.4576250590018694e-05
iiwa14,forward_dynamics,frax,64,collection,float32,library dynamics,3,accuracy_warning,Entrywise oracle/variation gate exceeded; explicitly retained with errors reported,234.5778333333334,86.18703333333333,,,fp32-fd-warnings,2,0.0,0.0,3,448,233.53766666666667,235.1255666666667,84.58743333333335,86.91653333333332,148.39080000000007,,0.09263265103413687,4.148553713121592e-05
iiwa14,forward_dynamics,frax,128,collection,float32,library dynamics,3,accuracy_warning,Entrywise oracle/variation gate exceeded; explicitly retained with errors reported,234.51629999999997,89.91619999999999,,,fp32-fd-warnings,2,0.0,0.0,7,896,234.50353333333337,245.77613333333338,87.35359999999997,95.84986666666667,144.6001,,0.12626171035481093,4.92817684577593e-05
iiwa14,forward_dynamics,frax,256,collection,float32,library dynamics,3,accuracy_warning,Entrywise oracle/variation gate exceeded; explicitly retained with errors reported,239.0254,99.70646666666663,,,fp32-fd-warnings,2,0.0,0.0,11,1792,238.18373333333332,249.28543333333334,93.26803333333335,100.3063333333333,139.31893333333335,,0.12620067519856093,4.759233153673056e-05
iiwa14,forward_dynamics,frax,1024,collection,float32,library dynamics,3,accuracy_warning,Entrywise oracle/variation gate exceeded; explicitly retained with errors reported,257.4,117.67046666666667,,,fp32-fd-warnings,2,0.0,0.0,61,7168,252.9466666666667,303.3824000000001,113.9719,218.81406666666666,139.7295333333333,,0.2338932121443804,5.676950278792644e-05
iiwa14,forward_dynamics,grim_cuda,16,collection,float32,analytical,3,validated,,24.762897745768228,15.709266153971354,,128,fp32-fd-warnings,2,0.0,0.0,0,112,24.76266581217448,24.87033487955729,15.708365885416667,15.743563842773437,9.053631591796874,,0.002501124714285652,8.812534455734735e-07
iiwa14,forward_dynamics,grim_cuda,32,collection,float32,analytical,3,validated,,24.957232666015624,15.753736368815105,,128,fp32-fd-warnings,2,0.0,0.0,0,224,24.956702677408853,25.00353495279948,15.701529947916667,15.756563313802083,9.20349629720052,,0.002501124714285652,6.580256779676289e-07
iiwa14,forward_dynamics,grim_cuda,64,collection,float32,analytical,3,validated,,25.095704142252604,15.632762654622395,,128,fp32-fd-warnings,2,0.0,0.0,0,448,25.074364217122397,25.118537394205728,15.6053955078125,15.656532796223958,9.462941487630209,,0.002501124714285652,4.6114114292890866e-07
iiwa14,forward_dynamics,grim_cuda,128,collection,float32,analytical,3,validated,,25.494329833984374,15.71806640625,,128,fp32-fd-warnings,2,0.0,0.0,0,896,25.481204223632812,25.61250203450521,15.687033081054688,15.768665568033855,9.776263427734374,,0.002501124714285652,3.6055830309656856e-07
iiwa14,forward_dynamics,grim_cuda,256,collection,float32,analytical,3,validated,,26.421935017903646,15.981897989908854,,128,fp32-fd-warnings,2,0.0,0.0,0,1792,26.41469930013021,26.644467163085938,15.977267456054687,15.982198079427084,10.440037027994792,,0.002501124714285652,2.679973000095837e-07
iiwa14,forward_dynamics,grim_cuda,1024,collection,float32,analytical,3,validated,,38.61539916992187,26.669366455078126,,128,fp32-fd-warnings,2,0.0,0.0,0,7168,38.54439697265625,38.703363037109376,26.63370361328125,26.747432454427084,11.946032714843746,,0.002501124714285652,1.5368023785436452e-07
iiwa14,forward_dynamics,grim_jax,16,collection,float32,analytical,3,validated,,200.80993333333336,60.01146666666667,,,fp32-fd-warnings,2,0.0,0.0,0,112,196.1363,222.0604,49.60913333333333,63.27673333333334,140.79846666666668,,0.002501124714285652,8.812534455734735e-07
iiwa14,forward_dynamics,grim_jax,32,collection,float32,analytical,3,validated,,231.67436666666663,47.8395,,,fp32-fd-warnings,2,0.0,0.0,0,224,192.1125,377.22069999999997,47.18313333333333,48.11826666666666,183.83486666666664,,0.002501124714285652,6.580256779676289e-07
iiwa14,forward_dynamics,grim_jax,64,collection,float32,analytical,3,validated,,199.4289333333333,50.80349999999999,,,fp32-fd-warnings,2,0.0,0.0,0,448,198.03053333333335,232.85846666666666,48.16816666666666,61.36386666666667,148.62543333333332,,0.002501124714285652,4.6114114292890866e-07
iiwa14,forward_dynamics,grim_jax,128,collection,float32,analytical,3,validated,,197.07733333333329,48.39926666666666,,,fp32-fd-warnings,2,0.0,0.0,0,896,196.21170000000004,238.21959999999999,48.139033333333344,60.78020000000001,148.6780666666666,,0.002501124714285652,3.6055830309656856e-07
iiwa14,forward_dynamics,grim_jax,256,collection,float32,analytical,3,validated,,204.06616666666667,60.625,,,fp32-fd-warnings,2,0.0,0.0,0,1792,199.99446666666668,374.7905,48.155499999999996,62.926066666666664,143.44116666666667,,0.002501124714285652,2.679973000095837e-07
iiwa14,forward_dynamics,grim_jax,1024,collection,float32,analytical,3,validated,,220.85203333333328,60.42713333333334,,,fp32-fd-warnings,2,0.0,0.0,0,7168,220.36336666666668,323.01053333333334,59.97089999999999,61.46203333333334,160.42489999999995,,0.002501124714285652,1.5368023785436452e-07
iiwa14,forward_dynamics,mjx,16,collection,float32,simulator,3,validated,,446.2608000000001,129.37606666666667,,,fp32-fd-warnings,2,0.0,0.0,0,112,358.7927,543.3721666666667,121.72610000000002,158.08630000000002,316.88473333333343,,0.015980755276814307,6.717301554636736e-06
iiwa14,forward_dynamics,mjx,32,collection,float32,simulator,3,validated,,448.8655333333333,177.56663333333333,,,fp32-fd-warnings,2,0.0,0.0,0,224,424.2014666666666,491.75316666666663,120.55046666666667,213.41116666666667,271.2989,,0.040891561278158406,1.6690418609483517e-05
iiwa14,forward_dynamics,mjx,64,collection,float32,simulator,3,validated,,454.1624333333333,157.2470333333333,,,fp32-fd-warnings,2,0.0,0.0,0,448,411.1579666666667,723.1548333333333,127.79709999999997,298.8050666666667,296.9154,,0.040891561278158406,1.386957594991255e-05
iiwa14,forward_dynamics,mjx,128,collection,float32,simulator,3,validated,,475.9849666666667,143.68716666666668,,,fp32-fd-warnings,2,0.0,0.0,0,896,425.70296666666667,552.4519666666667,130.50643333333335,156.86810000000003,332.29780000000005,,0.040891561278158406,1.5359070329327634e-05
iiwa14,forward_dynamics,mjx,256,collection,float32,simulator,3,validated,,485.0686000000001,147.0512333333333,,,fp32-fd-warnings,2,0.0,0.0,0,1792,398.2516000000001,713.0813333333334,133.88389999999998,147.92196666666666,338.0173666666668,,0.07289211195461576,1.5598681160193312e-05
iiwa14,forward_dynamics,mjx,1024,collection,float32,simulator,3,accuracy_warning,Entrywise oracle/variation gate exceeded; explicitly retained with errors reported,511.62046666666663,299.88550000000015,,,fp32-fd-warnings,2,0.0,0.0,3,7168,452.8302333333333,657.5231666666665,276.6607,370.2626,211.73496666666648,,0.07289211195461576,1.5366782197004594e-05
iiwa14,forward_dynamics,mujoco_cpu,16,collection,float64,simulator,3,validated,,36.8986,,,,fp32-fd-warnings,2,0.0,0.0,0,112,36.4832,36.92920000000001,,,,,7.742073648842052e-11,3.219987994981458e-14
iiwa14,forward_dynamics,mujoco_cpu,32,collection,float64,simulator,3,validated,,72.54876666666665,,,,fp32-fd-warnings,2,0.0,0.0,0,224,72.23513333333334,74.17403333333333,,,,,7.742073648842052e-11,2.612176220505129e-14
iiwa14,forward_dynamics,mujoco_cpu,64,collection,float64,simulator,3,validated,,147.63839999999996,,,,fp32-fd-warnings,2,0.0,0.0,0,448,143.18883333333332,148.78916666666666,,,,,7.742073648842052e-11,2.7769117228489184e-14
iiwa14,forward_dynamics,mujoco_cpu,128,collection,float64,simulator,3,validated,,294.6882,,,,fp32-fd-warnings,2,0.0,0.0,0,896,291.41163333333327,303.4042,,,,,7.742073648842052e-11,2.6753696718214593e-14
iiwa14,forward_dynamics,mujoco_cpu,256,collection,float64,simulator,3,validated,,635.0993333333333,,,,fp32-fd-warnings,2,0.0,0.0,0,1792,625.1938333333334,645.1634333333333,,,,,9.322320693172514e-11,2.6449245602246203e-14
iiwa14,forward_dynamics,mujoco_cpu,1024,collection,float64,simulator,3,validated,,2637.5079333333333,,,,fp32-fd-warnings,2,0.0,0.0,0,7168,2616.8206333333337,2676.9149666666667,,,,,9.5042196335271e-11,2.7369052053337446e-14
iiwa14,forward_dynamics,mujoco_warp,16,collection,float32,simulator,3,validated,,196.86270000000002,168.20200000000003,1235.882566666667,,fp32-fd-warnings,2,0.0,0.0,0,112,196.45876666666663,197.31836666666666,167.9923333333334,168.37603333333334,28.66069999999999,,0.009186234988760589,5.656585567303837e-06
iiwa14,forward_dynamics,mujoco_warp,32,collection,float32,simulator,3,validated,,203.88036666666667,173.27776666666668,1241.5601333333334,,fp32-fd-warnings,2,0.0,0.0,0,224,202.92616666666663,203.9332333333333,173.1284,173.40709999999999,30.602599999999995,,0.04101617356832321,1.2641201896821654e-05
iiwa14,forward_dynamics,mujoco_warp,64,collection,float32,simulator,3,validated,,216.0979,182.28133333333335,1284.7835000000002,,fp32-fd-warnings,2,0.0,0.0,0,448,216.05046666666667,218.38680000000002,182.08863333333332,182.43400000000003,33.81656666666666,,0.04101617356832321,1.2555648267802202e-05
iiwa14,forward_dynamics,mujoco_warp,128,collection,float32,simulator,3,validated,,230.45726666666667,199.14196666666663,1284.6147333333333,,fp32-fd-warnings,2,0.0,0.0,0,896,229.95566666666667,230.92393333333337,198.2518,199.19626666666667,31.315300000000036,,0.04101617356832321,1.1196548650632605e-05
iiwa14,forward_dynamics,mujoco_warp,256,collection,float32,simulator,3,accuracy_warning,Entrywise oracle/variation gate exceeded; explicitly retained with errors reported,250.80579999999998,216.9860666666667,1293.6707,,fp32-fd-warnings,2,0.0,0.0,1,1792,250.76069999999996,251.158,216.8511666666667,217.04693333333333,33.81973333333329,,0.04101617356832321,1.2095037732218542e-05
iiwa14,forward_dynamics,mujoco_warp,1024,collection,float32,simulator,3,accuracy_warning,Entrywise oracle/variation gate exceeded; explicitly retained with errors reported,278.60993333333334,238.61376666666666,1296.4685666666667,,fp32-fd-warnings,2,0.0,0.0,4,7168,277.9920333333333,278.82053333333334,238.53693333333334,238.67960000000002,39.99616666666668,,0.054876046835374837,1.2311655715952376e-05
iiwa14,forward_dynamics,pinocchio,16,collection,float32,codegen Minv/RNEA composition,3,accuracy_warning,Entrywise oracle/variation gate exceeded; explicitly retained with errors reported,11.127466666666665,,,1,fp32-fd-warnings,2,0.0,0.0,1,112,11.111533333333336,11.206899999999997,,,,,0.09333404804374368,3.670495890574109e-05
iiwa14,forward_dynamics,pinocchio,32,collection,float32,codegen Minv/RNEA composition,3,accuracy_warning,Entrywise oracle/variation gate exceeded; explicitly retained with errors reported,13.523633333333331,,,8,fp32-fd-warnings,2,0.0,0.0,2,224,13.460399999999998,13.653033333333331,,,,,0.09333404804374368,3.5704721726363124e-05
iiwa14,forward_dynamics,pinocchio,64,collection,float32,codegen Minv/RNEA composition,3,accuracy_warning,Entrywise oracle/variation gate exceeded; explicitly retained with errors reported,14.782699999999998,,,8,fp32-fd-warnings,2,0.0,0.0,3,448,14.771133333333331,14.974700000000002,,,,,0.11481226901969421,4.255183084974339e-05
iiwa14,forward_dynamics,pinocchio,128,collection,float32,codegen Minv/RNEA composition,3,accuracy_warning,Entrywise oracle/variation gate exceeded; explicitly retained with errors reported,20.228800000000003,,,8,fp32-fd-warnings,2,0.0,0.0,6,896,19.49476666666667,20.612566666666662,,,,,0.19126415176106093,5.037304763590212e-05
iiwa14,forward_dynamics,pinocchio,256,collection,float32,codegen Minv/RNEA composition,3,accuracy_warning,Entrywise oracle/variation gate exceeded; explicitly retained with errors reported,28.896033333333328,,,8,fp32-fd-warnings,2,0.0,0.0,10,1792,28.529166666666665,29.7933,,,,,0.19126415176106093,5.031080407521962e-05
iiwa14,forward_dynamics,pinocchio,1024,collection,float32,codegen Minv/RNEA composition,3,accuracy_warning,Entrywise oracle/variation gate exceeded; explicitly retained with errors reported,82.8612,,,8,fp32-fd-warnings,2,0.0,0.0,50,7168,82.27793333333332,82.9743,,,,,0.34896773719617613,4.9796961988092737e-05
iiwa14,forward_dynamics,pinocchio_plain,16,collection,float32,standard Pinocchio API (no codegen),3,validated,,13.730566666666668,,,8,fp32-fd-warnings,2,0.0,0.0,0,112,13.11443333333333,14.002166666666664,,,,,0.008149510051339348,2.809787269716543e-06
iiwa14,forward_dynamics,pinocchio_plain,32,collection,float32,standard Pinocchio API (no codegen),3,validated,,17.279733333333333,,,8,fp32-fd-warnings,2,0.0,0.0,0,224,16.979499999999998,19.0308,,,,,0.008149510051339348,2.088053633812182e-06
iiwa14,forward_dynamics,pinocchio_plain,64,collection,float32,standard Pinocchio API (no codegen),3,validated,,24.41576666666667,,,8,fp32-fd-warnings,2,0.0,0.0,0,448,23.39563333333333,25.534900000000004,,,,,0.008149510051339348,1.4557339009240116e-06
iiwa14,forward_dynamics,pinocchio_plain,128,collection,float32,standard Pinocchio API (no codegen),3,validated,,39.099900000000005,,,8,fp32-fd-warnings,2,0.0,0.0,0,896,37.50466666666667,40.388466666666666,,,,,0.008149510051339348,1.126240718910511e-06
iiwa14,forward_dynamics,pinocchio_plain,256,collection,float32,standard Pinocchio API (no codegen),3,validated,,63.61366666666666,,,8,fp32-fd-warnings,2,0.0,0.0,0,1792,63.37966666666667,68.28413333333333,,,,,0.008149510051339348,8.208956860522206e-07
iiwa14,forward_dynamics,pinocchio_plain,1024,collection,float32,standard Pinocchio API (no codegen),3,validated,,401.6088666666667,,,8,fp32-fd-warnings,2,0.0,0.0,0,7168,372.35033333333325,442.57383333333325,,,,,0.008149510051339348,4.171428641651712e-07
iiwa14,forward_dynamics_gradient,bard,16,collection,unknown,unknown,3,adapter_pending,selected operation not wired; not a library capability claim,,,,,fp32-fd-warnings,2,,,0,0,,,,,,,,
iiwa14,forward_dynamics_gradient,bard,32,collection,unknown,unknown,3,adapter_pending,selected operation not wired; not a library capability claim,,,,,fp32-fd-warnings,2,,,0,0,,,,,,,,
iiwa14,forward_dynamics_gradient,bard,64,collection,unknown,unknown,3,adapter_pending,selected operation not wired; not a library capability claim,,,,,fp32-fd-warnings,2,,,0,0,,,,,,,,
iiwa14,forward_dynamics_gradient,bard,128,collection,unknown,unknown,3,adapter_pending,selected operation not wired; not a library capability claim,,,,,fp32-fd-warnings,2,,,0,0,,,,,,,,
iiwa14,forward_dynamics_gradient,bard,256,collection,unknown,unknown,3,adapter_pending,selected operation not wired; not a library capability claim,,,,,fp32-fd-warnings,2,,,0,0,,,,,,,,
iiwa14,forward_dynamics_gradient,bard,1024,collection,unknown,unknown,3,adapter_pending,selected operation not wired; not a library capability claim,,,,,fp32-fd-warnings,2,,,0,0,,,,,,,,
iiwa14,forward_dynamics_gradient,frax,16,collection,unknown,unknown,3,adapter_pending,selected operation not wired,,,,,fp32-fd-warnings,2,,,0,0,,,,,,,,
iiwa14,forward_dynamics_gradient,frax,32,collection,unknown,unknown,3,adapter_pending,selected operation not wired,,,,,fp32-fd-warnings,2,,,0,0,,,,,,,,
iiwa14,forward_dynamics_gradient,frax,64,collection,unknown,unknown,3,adapter_pending,selected operation not wired,,,,,fp32-fd-warnings,2,,,0,0,,,,,,,,
iiwa14,forward_dynamics_gradient,frax,128,collection,unknown,unknown,3,adapter_pending,selected operation not wired,,,,,fp32-fd-warnings,2,,,0,0,,,,,,,,
iiwa14,forward_dynamics_gradient,frax,256,collection,unknown,unknown,3,adapter_pending,selected operation not wired,,,,,fp32-fd-warnings,2,,,0,0,,,,,,,,
iiwa14,forward_dynamics_gradient,frax,1024,collection,unknown,unknown,3,adapter_pending,selected operation not wired,,,,,fp32-fd-warnings,2,,,0,0,,,,,,,,
iiwa14,forward_dynamics_gradient,grim_cuda,16,collection,float32,analytical,3,accuracy_warning,Entrywise oracle/variation gate exceeded; explicitly retained with errors reported,33.43926798502604,24.225965372721355,,128,fp32-fd-warnings,2,0.0,0.0,2,1568,33.37939961751302,33.5947992960612,24.21949971516927,24.244966125488283,9.213302612304688,,0.007621008957215251,6.219397666454594e-06
iiwa14,forward_dynamics_gradient,grim_cuda,32,collection,float32,analytical,3,accuracy_warning,Entrywise oracle/variation gate exceeded; explicitly retained with errors reported,33.708699544270836,24.238432312011717,,128,fp32-fd-warnings,2,0.0,0.0,2,3136,33.6704340616862,33.780799865722656,24.237633768717448,24.239567057291666,9.470267232259118,,0.007621008957215251,5.793440332554963e-06
iiwa14,forward_dynamics_gradient,grim_cuda,64,collection,float32,analytical,3,accuracy_warning,Entrywise oracle/variation gate exceeded; explicitly retained with errors reported,33.51203308105469,23.66263376871745,,128,fp32-fd-warnings,2,0.0,0.0,2,6272,33.4108647664388,33.54683176676432,23.647165934244793,23.694501241048176,9.84939931233724,,0.007621008957215251,5.16565448567336e-06
iiwa14,forward_dynamics_gradient,grim_cuda,128,collection,float32,analytical,3,accuracy_warning,Entrywise oracle/variation gate exceeded; explicitly retained with errors reported,34.37583465576172,23.560167439778645,,128,fp32-fd-warnings,2,0.0,0.0,2,12544,34.28260142008464,34.37679951985677,23.529866027832032,23.582132975260418,10.815667215983076,,0.007621008957215251,4.4659422001846105e-06
iiwa14,forward_dynamics_gradient,grim_cuda,256,collection,float32,analytical,3,accuracy_warning,Entrywise oracle/variation gate exceeded; explicitly retained with errors reported,36.167965698242185,23.42009989420573,,128,fp32-fd-warnings,2,0.0,0.0,2,25088,36.097633870442706,36.231798807779946,23.38433329264323,24.385033162434897,12.747865804036454,,0.007621008957215251,3.607809551448492e-06
iiwa14,forward_dynamics_gradient,grim_cuda,1024,collection,float32,analytical,3,accuracy_warning,Entrywise oracle/variation gate exceeded; explicitly retained with errors reported,81.77933197021484,58.65600077311198,,128,fp32-fd-warnings,2,0.0,0.0,2,100352,81.59240010579427,82.26263173421223,58.565232849121095,58.71859893798828,23.123331197102864,,0.007621008957215251,2.413855072519938e-06
iiwa14,forward_dynamics_gradient,grim_jax,16,collection,float32,analytical,3,accuracy_warning,Entrywise oracle/variation gate exceeded; explicitly retained with errors reported,219.25496666666666,73.52430000000001,,,fp32-fd-warnings,2,0.0,0.0,2,1568,217.32483333333337,316.7973333333335,63.41353333333334,74.27103333333335,145.73066666666665,,0.007621008957215251,6.219397666454594e-06
iiwa14,forward_dynamics_gradient,grim_jax,32,collection,float32,analytical,3,accuracy_warning,Entrywise oracle/variation gate exceeded; explicitly retained with errors reported,222.28353333333334,59.83603333333333,,,fp32-fd-warnings,2,0.0,0.0,2,3136,214.29336666666669,229.61073333333337,58.436400000000006,74.76756666666667,162.4475,,0.007621008957215251,5.793440332554963e-06
iiwa14,forward_dynamics_gradient,grim_jax,64,collection,float32,analytical,3,accuracy_warning,Entrywise oracle/variation gate exceeded; explicitly retained with errors reported,217.20063333333337,59.85396666666667,,,fp32-fd-warnings,2,0.0,0.0,2,6272,204.70899999999997,217.7873,59.125299999999996,61.577133333333336,157.3466666666667,,0.007621008957215251,5.16565448567336e-06
iiwa14,forward_dynamics_gradient,grim_jax,128,collection,float32,analytical,3,accuracy_warning,Entrywise oracle/variation gate exceeded; explicitly retained with errors reported,219.64806666666664,68.9188,,,fp32-fd-warnings,2,0.0,0.0,2,12544,207.9878,220.0036,60.04026666666666,69.89809999999999,150.72926666666663,,0.007621008957215251,4.4659422001846105e-06
iiwa14,forward_dynamics_gradient,grim_jax,256,collection,float32,analytical,3,accuracy_warning,Entrywise oracle/variation gate exceeded; explicitly retained with errors reported,234.23230000000004,58.883766666666666,,,fp32-fd-warnings,2,0.0,0.0,2,25088,223.9915666666667,257.8933666666667,57.73896666666668,150.28313333333338,175.34853333333336,,0.007621008957215251,3.607809551448492e-06
iiwa14,forward_dynamics_gradient,grim_jax,1024,collection,float32,analytical,3,accuracy_warning,Entrywise oracle/variation gate exceeded; explicitly retained with errors reported,385.0306,105.7342,,,fp32-fd-warnings,2,0.0,0.0,2,100352,353.8774666666667,489.94716666666665,95.98859999999998,106.36490000000002,279.2964,,0.007621008957215251,2.413855072519938e-06
iiwa14,forward_dynamics_gradient,mjx,16,collection,float32,autodiff,3,accuracy_warning,Entrywise oracle/variation gate exceeded; explicitly retained with errors reported,647.1895000000001,423.4082333333334,,,fp32-fd-warnings,2,0.0,0.0,58,1568,621.5866333333332,712.5285,333.98389999999995,438.03679999999997,223.78126666666668,,0.04279377084374758,6.295996538606389e-05
iiwa14,forward_dynamics_gradient,mjx,32,collection,float32,autodiff,3,accuracy_warning,Entrywise oracle/variation gate exceeded; explicitly retained with errors reported,825.7493,392.18170000000003,,,fp32-fd-warnings,2,0.0,0.0,126,3136,666.1927666666668,844.7821666666666,364.3958333333334,506.0349333333333,433.5675999999999,,0.07803587210032559,9.61617200137036e-05
iiwa14,forward_dynamics_gradient,mjx,64,collection,float32,autodiff,3,accuracy_warning,Entrywise oracle/variation gate exceeded; explicitly retained with errors reported,679.1487666666668,411.39950000000005,,,fp32-fd-warnings,2,0.0,0.0,269,6272,668.5905333333334,881.5435333333334,363.24236666666667,604.4316333333334,267.74926666666676,,0.07803587210032559,0.00010902622745634442
iiwa14,forward_dynamics_gradient,mjx,128,collection,float32,autodiff,3,accuracy_warning,Entrywise oracle/variation gate exceeded; explicitly retained with errors reported,807.7775999999999,417.3049,,,fp32-fd-warnings,2,0.0,0.0,519,12544,787.2903000000001,856.6269999999998,369.5986666666666,446.13376666666665,390.4726999999999,,0.1119286613246544,0.00014289730813440198
iiwa14,forward_dynamics_gradient,mjx,256,collection,float32,autodiff,3,accuracy_warning,Entrywise oracle/variation gate exceeded; explicitly retained with errors reported,781.1770333333332,477.1607333333333,,,fp32-fd-warnings,2,0.0,0.0,1022,25088,746.2537666666664,1117.6575333333333,427.22116666666665,693.0170666666668,304.01629999999983,,0.1119286613246544,0.00015321514256051938
iiwa14,forward_dynamics_gradient,mjx,1024,collection,float32,autodiff,3,accuracy_warning,Entrywise oracle/variation gate exceeded; explicitly retained with errors reported,1035.4539,662.7420666666669,,,fp32-fd-warnings,2,0.0,0.0,4149,100352,1026.5499666666667,1077.5719000000001,538.1827,740.4912999999999,372.71183333333306,,0.11195154950824815,0.00017892620979450072
iiwa14,forward_dynamics_gradient,mujoco_cpu,16,collection,unknown,unknown,3,adapter_pending,no matched full tangent-space derivative adapter,,,,,fp32-fd-warnings,2,,,0,0,,,,,,,,
iiwa14,forward_dynamics_gradient,mujoco_cpu,32,collection,unknown,unknown,3,adapter_pending,no matched full tangent-space derivative adapter,,,,,fp32-fd-warnings,2,,,0,0,,,,,,,,
iiwa14,forward_dynamics_gradient,mujoco_cpu,64,collection,unknown,unknown,3,adapter_pending,no matched full tangent-space derivative adapter,,,,,fp32-fd-warnings,2,,,0,0,,,,,,,,
iiwa14,forward_dynamics_gradient,mujoco_cpu,128,collection,unknown,unknown,3,adapter_pending,no matched full tangent-space derivative adapter,,,,,fp32-fd-warnings,2,,,0,0,,,,,,,,
iiwa14,forward_dynamics_gradient,mujoco_cpu,256,collection,unknown,unknown,3,adapter_pending,no matched full tangent-space derivative adapter,,,,,fp32-fd-warnings,2,,,0,0,,,,,,,,
iiwa14,forward_dynamics_gradient,mujoco_cpu,1024,collection,unknown,unknown,3,adapter_pending,no matched full tangent-space derivative adapter,,,,,fp32-fd-warnings,2,,,0,0,,,,,,,,
iiwa14,forward_dynamics_gradient,mujoco_warp,16,collection,unknown,unknown,3,adapter_pending,no matched full tangent-space derivative adapter,,,,,fp32-fd-warnings,2,,,0,0,,,,,,,,
iiwa14,forward_dynamics_gradient,mujoco_warp,32,collection,unknown,unknown,3,adapter_pending,no matched full tangent-space derivative adapter,,,,,fp32-fd-warnings,2,,,0,0,,,,,,,,
iiwa14,forward_dynamics_gradient,mujoco_warp,64,collection,unknown,unknown,3,adapter_pending,no matched full tangent-space derivative adapter,,,,,fp32-fd-warnings,2,,,0,0,,,,,,,,
iiwa14,forward_dynamics_gradient,mujoco_warp,128,collection,unknown,unknown,3,adapter_pending,no matched full tangent-space derivative adapter,,,,,fp32-fd-warnings,2,,,0,0,,,,,,,,
iiwa14,forward_dynamics_gradient,mujoco_warp,256,collection,unknown,unknown,3,adapter_pending,no matched full tangent-space derivative adapter,,,,,fp32-fd-warnings,2,,,0,0,,,,,,,,
iiwa14,forward_dynamics_gradient,mujoco_warp,1024,collection,unknown,unknown,3,adapter_pending,no matched full tangent-space derivative adapter,,,,,fp32-fd-warnings,2,,,0,0,,,,,,,,
iiwa14,forward_dynamics_gradient,pinocchio,16,collection,float32,codegen Minv/RNEA composition,3,accuracy_warning,Entrywise oracle/variation gate exceeded; explicitly retained with errors reported,15.608866666666668,,,8,fp32-fd-warnings,2,0.0,0.0,24,1568,15.604899999999999,29.989800000000002,,,,,0.0777674367390091,7.342590147277163e-05
iiwa14,forward_dynamics_gradient,pinocchio,32,collection,float32,codegen Minv/RNEA composition,3,accuracy_warning,Entrywise oracle/variation gate exceeded; explicitly retained with errors reported,21.56173333333333,,,8,fp32-fd-warnings,2,0.0,0.0,32,3136,20.539833333333334,21.561899999999994,,,,,0.0777674367390091,6.949826736159877e-05
iiwa14,forward_dynamics_gradient,pinocchio,64,collection,float32,codegen Minv/RNEA composition,3,accuracy_warning,Entrywise oracle/variation gate exceeded; explicitly retained with errors reported,31.03793333333333,,,8,fp32-fd-warnings,2,0.0,0.0,49,6272,30.76346666666667,31.834966666666663,,,,,0.0777674367390091,6.488568216571675e-05
iiwa14,forward_dynamics_gradient,pinocchio,128,collection,float32,codegen Minv/RNEA composition,3,accuracy_warning,Entrywise oracle/variation gate exceeded; explicitly retained with errors reported,50.739133333333335,,,8,fp32-fd-warnings,2,0.0,0.0,85,12544,43.44356666666667,51.64306666666667,,,,,0.0777674367390091,5.7737789402230215e-05
iiwa14,forward_dynamics_gradient,pinocchio,256,collection,float32,codegen Minv/RNEA composition,3,accuracy_warning,Entrywise oracle/variation gate exceeded; explicitly retained with errors reported,90.81363333333333,,,8,fp32-fd-warnings,2,0.0,0.0,157,25088,77.98113333333335,91.05050000000001,,,,,0.0777674367390091,5.1808326722049036e-05
iiwa14,forward_dynamics_gradient,pinocchio,1024,collection,float32,codegen Minv/RNEA composition,3,accuracy_warning,Entrywise oracle/variation gate exceeded; explicitly retained with errors reported,469.5728,,,8,fp32-fd-warnings,2,0.0,0.0,493,100352,284.2805,500.4218,,,,,0.0777674367390091,4.32852030743528e-05
iiwa14,forward_dynamics_gradient,pinocchio_plain,16,collection,float32,standard Pinocchio API (no codegen),3,accuracy_warning,Entrywise oracle/variation gate exceeded; explicitly retained with errors reported,17.1875,,,8,fp32-fd-warnings,2,0.0,0.0,25,1568,17.110266666666668,17.208833333333335,,,,,0.03887706195797591,6.031884034730719e-05
iiwa14,forward_dynamics_gradient,pinocchio_plain,32,collection,float32,standard Pinocchio API (no codegen),3,accuracy_warning,Entrywise oracle/variation gate exceeded; explicitly retained with errors reported,23.13636666666667,,,8,fp32-fd-warnings,2,0.0,0.0,34,3136,23.026933333333332,23.25326666666667,,,,,0.03887706195797591,5.812352381803198e-05
iiwa14,forward_dynamics_gradient,pinocchio_plain,64,collection,float32,standard Pinocchio API (no codegen),3,accuracy_warning,Entrywise oracle/variation gate exceeded; explicitly retained with errors reported,35.21776666666666,,,8,fp32-fd-warnings,2,0.0,0.0,47,6272,34.8339,35.830099999999995,,,,,0.03887706195797591,5.512233151116968e-05
iiwa14,forward_dynamics_gradient,pinocchio_plain,128,collection,float32,standard Pinocchio API (no codegen),3,accuracy_warning,Entrywise oracle/variation gate exceeded; explicitly retained with errors reported,59.401500000000006,,,8,fp32-fd-warnings,2,0.0,0.0,68,12544,58.871300000000005,64.49173333333331,,,,,0.03887706195797591,5.0332550395218326e-05
iiwa14,forward_dynamics_gradient,pinocchio_plain,256,collection,float32,standard Pinocchio API (no codegen),3,accuracy_warning,Entrywise oracle/variation gate exceeded; explicitly retained with errors reported,106.25906666666668,,,8,fp32-fd-warnings,2,0.0,0.0,135,25088,106.1172,108.08226666666665,,,,,0.03887706195797591,4.6625712526197876e-05
iiwa14,forward_dynamics_gradient,pinocchio_plain,1024,collection,float32,standard Pinocchio API (no codegen),3,accuracy_warning,Entrywise oracle/variation gate exceeded; explicitly retained with errors reported,502.2366333333333,,,8,fp32-fd-warnings,2,0.0,0.0,566,100352,401.10606666666666,616.7618666666665,,,,,0.03887706195797591,4.2751432714640816e-05
iiwa14,generalized_gravity,bard,16,collection,float32,library dynamics,3,validated,,1680.7296,1622.5794333333333,,,fp32-fd-warnings,2,0.0,0.0,0,112,1662.2023333333334,1684.1216,1611.5767666666666,1629.9143666666669,58.150166666666564,,1.4452684133914317e-05,1.5695723288634408e-07
iiwa14,generalized_gravity,bard,32,collection,float32,library dynamics,3,validated,,1697.8975333333333,1638.0488333333333,,,fp32-fd-warnings,2,0.0,0.0,0,224,1672.3598666666664,1699.3849666666667,1618.3880999999997,1638.852,59.84870000000001,,1.4452684133914317e-05,1.5742463172157795e-07
iiwa14,generalized_gravity,bard,64,collection,float32,library dynamics,3,validated,,1707.7659999999998,1633.9401333333335,,,fp32-fd-warnings,2,0.0,0.0,0,448,1698.4464666666668,1725.5667,1629.8581333333336,1649.1179666666665,73.82586666666634,,1.4452684133914317e-05,1.400901922222987e-07
iiwa14,generalized_gravity,bard,128,collection,float32,library dynamics,3,validated,,1701.9884333333332,1629.2121666666665,,,fp32-fd-warnings,2,0.0,0.0,0,896,1693.1045000000004,1703.0851333333335,1628.053533333333,1639.090566666666,72.77626666666674,,1.574715962249229e-05,1.317183780950504e-07
iiwa14,generalized_gravity,bard,256,collection,float32,library dynamics,3,validated,,1708.2515333333336,1647.5322666666664,,,fp32-fd-warnings,2,0.0,0.0,0,1792,1706.4805666666666,1717.8859999999997,1642.3846999999998,1658.3979333333332,60.71926666666718,,1.574715962249229e-05,1.3200940961244228e-07
iiwa14,generalized_gravity,bard,1024,collection,float32,library dynamics,3,validated,,1726.2333333333333,1675.5438666666666,,,fp32-fd-warnings,2,0.0,0.0,0,7168,1717.5082333333332,1751.8005,1638.3838333333335,1689.648733333333,50.6894666666667,,1.991407862789174e-05,1.3692710851692294e-07
iiwa14,generalized_gravity,frax,16,collection,float32,library dynamics,3,validated,,226.91126666666665,69.79556666666666,,,fp32-fd-warnings,2,0.0,0.0,0,112,206.4830666666667,240.21790000000001,69.32036666666664,78.61099999999998,157.1157,,1.5867635994482043e-05,1.8056085203962766e-07
iiwa14,generalized_gravity,frax,32,collection,float32,library dynamics,3,validated,,200.74386666666666,68.76063333333333,,,fp32-fd-warnings,2,0.0,0.0,0,224,194.02833333333334,203.88550000000004,68.4274,69.80199999999999,131.98323333333332,,1.5867635994482043e-05,1.4404204201023158e-07
iiwa14,generalized_gravity,frax,64,collection,float32,library dynamics,3,validated,,196.5439333333333,61.893766666666664,,,fp32-fd-warnings,2,0.0,0.0,0,448,196.53553333333332,403.9802,61.60286666666666,67.71690000000001,134.65016666666665,,1.5867635994482043e-05,1.3399688398543046e-07
iiwa14,generalized_gravity,frax,128,collection,float32,library dynamics,3,validated,,200.75749999999996,59.743733333333324,,,fp32-fd-warnings,2,0.0,0.0,0,896,195.94403333333335,289.521,59.182633333333335,60.276399999999995,141.01376666666664,,1.5867635994482043e-05,1.1613957505058168e-07
iiwa14,generalized_gravity,frax,256,collection,float32,library dynamics,3,validated,,206.1167,68.35903333333333,,,fp32-fd-warnings,2,0.0,0.0,0,1792,203.00556666666665,206.93303333333333,67.26393333333334,68.37490000000001,137.7576666666667,,1.5867635994482043e-05,1.1999397222373665e-07
iiwa14,generalized_gravity,frax,1024,collection,float32,library dynamics,3,validated,,218.59390000000002,77.24050000000003,,,fp32-fd-warnings,2,0.0,0.0,0,7168,217.8210333333333,251.94653333333332,73.52576666666666,82.79536666666667,141.3534,,1.5867635994482043e-05,1.2331297733683785e-07
iiwa14,generalized_gravity,grim_cuda,16,collection,float32,analytical,3,validated,,17.070467122395833,11.314933268229167,,128,fp32-fd-warnings,2,0.0,0.0,0,112,17.02653299967448,17.086665852864584,11.288398742675781,11.331166585286459,5.755533854166666,,1.0637986868289317e-05,1.0588755500110114e-07
iiwa14,generalized_gravity,grim_cuda,32,collection,float32,analytical,3,validated,,17.149400838216145,11.300765482584636,,128,fp32-fd-warnings,2,0.0,0.0,0,224,17.08983459472656,17.185665384928384,11.28673095703125,11.33636728922526,5.84863535563151,,1.0637986868289317e-05,1.1568923236499055e-07
iiwa14,generalized_gravity,grim_cuda,64,collection,float32,analytical,3,validated,,17.043099466959635,11.242967224121093,,128,fp32-fd-warnings,2,0.0,0.0,0,448,17.011566162109375,17.069969177246094,11.23510030110677,11.273331197102864,5.800132242838542,,1.574715962249229e-05,1.3196319612875676e-07
iiwa14,generalized_gravity,grim_cuda,128,collection,float32,analytical,3,validated,,17.62769978841146,11.392799886067708,,128,fp32-fd-warnings,2,0.0,0.0,0,896,17.512066141764322,17.697999064127604,11.345665486653646,11.401034037272135,6.23489990234375,,1.574715962249229e-05,1.3283020244979133e-07
iiwa14,generalized_gravity,grim_cuda,256,collection,float32,analytical,3,validated,,18.492699178059897,11.52776641845703,,128,fp32-fd-warnings,2,0.0,0.0,0,1792,18.313599141438804,18.605266825358072,11.509631856282551,11.559963989257813,6.964932759602867,,1.574715962249229e-05,1.3059095362220899e-07
iiwa14,generalized_gravity,grim_cuda,1024,collection,float32,analytical,3,validated,,21.334766133626303,12.515532430013021,,128,fp32-fd-warnings,2,0.0,0.0,0,7168,20.006632486979168,21.39556630452474,12.48600107828776,12.518700154622396,8.819233703613282,,1.5817737256895725e-05,1.3761194392861345e-07
iiwa14,generalized_gravity,grim_jax,16,collection,float32,analytical,3,validated,,112.6252,38.7546,,,fp32-fd-warnings,2,0.0,0.0,0,112,108.51143333333334,131.12046666666663,36.539466666666655,44.46886666666666,73.8706,,1.0637986868289317e-05,1.0588755500110114e-07
iiwa14,generalized_gravity,grim_jax,32,collection,float32,analytical,3,validated,,111.11546666666666,36.6061,,,fp32-fd-warnings,2,0.0,0.0,0,224,108.79733333333333,113.48113333333336,35.94533333333334,37.0532,74.50936666666666,,1.0637986868289317e-05,1.1568923236499055e-07
iiwa14,generalized_gravity,grim_jax,64,collection,float32,analytical,3,validated,,114.92003333333334,38.57143333333333,,,fp32-fd-warnings,2,0.0,0.0,0,448,112.34553333333334,115.24550000000002,37.738499999999995,45.10843333333334,76.3486,,1.574715962249229e-05,1.3196319612875676e-07
iiwa14,generalized_gravity,grim_jax,128,collection,float32,analytical,3,validated,,115.56706666666668,38.27986666666666,,,fp32-fd-warnings,2,0.0,0.0,0,896,114.28670000000001,156.77266666666668,36.34960000000001,45.4072,77.28720000000001,,1.574715962249229e-05,1.3283020244979133e-07
iiwa14,generalized_gravity,grim_jax,256,collection,float32,analytical,3,validated,,130.56403333333333,37.73456666666666,,,fp32-fd-warnings,2,0.0,0.0,0,1792,116.5208,136.79233333333332,36.750033333333334,53.510933333333334,92.82946666666666,,1.574715962249229e-05,1.3059095362220899e-07
iiwa14,generalized_gravity,grim_jax,1024,collection,float32,analytical,3,validated,,120.23206666666665,38.29886666666666,,,fp32-fd-warnings,2,0.0,0.0,0,7168,118.10093333333333,124.25826666666667,37.6698,38.417066666666656,81.9332,,1.5817737256895725e-05,1.3761194392861345e-07
iiwa14,generalized_gravity,mjx,16,collection,float32,simulator inverse dynamics at zero velocity and acceleration,3,validated,,436.9721,139.70323333333332,,,fp32-fd-warnings,2,0.0,0.0,0,112,234.4964333333333,511.7111000000001,120.81786666666666,144.0245666666667,297.26886666666667,,1.35730364050346e-05,2.1310166833348279e-07
iiwa14,generalized_gravity,mjx,32,collection,float32,simulator inverse dynamics at zero velocity and acceleration,3,validated,,457.8512,103.98636666666667,,,fp32-fd-warnings,2,0.0,0.0,0,224,240.9928333333333,466.7145666666666,102.76866666666663,132.94233333333332,353.8648333333333,,1.7029196037299243e-05,1.973622140275028e-07
iiwa14,generalized_gravity,mjx,64,collection,float32,simulator inverse dynamics at zero velocity and acceleration,3,validated,,384.1859,116.93743333333335,,,fp32-fd-warnings,2,0.0,0.0,0,448,352.10186666666664,571.9681333333333,104.58193333333332,161.35756666666668,267.2484666666667,,1.7029196037299243e-05,2.0555511159829259e-07
iiwa14,generalized_gravity,mjx,128,collection,float32,simulator inverse dynamics at zero velocity and acceleration,3,validated,,398.5716666666667,110.23910000000001,,,fp32-fd-warnings,2,0.0,0.0,0,896,394.44409999999993,482.11573333333337,108.50796666666663,110.27036666666666,288.3325666666667,,1.7029196037299243e-05,1.893927342922983e-07
iiwa14,generalized_gravity,mjx,256,collection,float32,simulator inverse dynamics at zero velocity and acceleration,3,validated,,331.3338666666666,125.1038,,,fp32-fd-warnings,2,0.0,0.0,0,1792,280.83293333333336,525.8511000000001,107.1127,137.63106666666664,206.2300666666666,,1.7029196037299243e-05,1.794316137242036e-07
iiwa14,generalized_gravity,mjx,1024,collection,float32,simulator inverse dynamics at zero velocity and acceleration,3,validated,,360.79979999999995,129.94623333333334,,,fp32-fd-warnings,2,0.0,0.0,0,7168,360.15836666666667,481.0901000000001,127.44143333333332,143.02423333333334,230.8535666666666,,2.0661694527746022e-05,1.8960269016982383e-07
iiwa14,generalized_gravity,mujoco_cpu,16,collection,float64,simulator inverse dynamics at zero velocity and acceleration,3,validated,,37.28826666666667,,,,fp32-fd-warnings,2,0.0,0.0,0,112,36.911699999999996,37.34739999999999,,,,,7.105427357601002e-14,9.640580631703997e-16
iiwa14,generalized_gravity,mujoco_cpu,32,collection,float64,simulator inverse dynamics at zero velocity and acceleration,3,validated,,72.7981,,,,fp32-fd-warnings,2,0.0,0.0,0,224,72.36496666666667,76.91946666666666,,,,,7.105427357601002e-14,8.779758174707117e-16
iiwa14,generalized_gravity,mujoco_cpu,64,collection,float64,simulator inverse dynamics at zero velocity and acceleration,3,validated,,144.40186666666665,,,,fp32-fd-warnings,2,0.0,0.0,0,448,142.6872,149.117,,,,,7.105427357601002e-14,8.134069407205449e-16
iiwa14,generalized_gravity,mujoco_cpu,128,collection,float64,simulator inverse dynamics at zero velocity and acceleration,3,validated,,304.36796666666663,,,,fp32-fd-warnings,2,0.0,0.0,0,896,292.62226666666663,306.2154333333334,,,,,7.105427357601002e-14,8.203999690457977e-16
iiwa14,generalized_gravity,mujoco_cpu,256,collection,float64,simulator inverse dynamics at zero velocity and acceleration,3,validated,,644.3642666666667,,,,fp32-fd-warnings,2,0.0,0.0,0,1792,633.7151,646.8559666666666,,,,,7.105427357601002e-14,8.373738895750235e-16
iiwa14,generalized_gravity,mujoco_cpu,1024,collection,float64,simulator inverse dynamics at zero velocity and acceleration,3,validated,,2663.5511999999994,,,,fp32-fd-warnings,2,0.0,0.0,0,7168,2622.615233333333,2680.639166666667,,,,,7.105427357601002e-14,8.37419579796364e-16
iiwa14,generalized_gravity,mujoco_warp,16,collection,float32,simulator inverse dynamics at zero velocity and acceleration,3,validated,,151.80000000000004,123.53546666666666,845.4642,,fp32-fd-warnings,2,0.0,0.0,0,112,151.58893333333333,152.44126666666668,123.25946666666665,123.56113333333336,28.264533333333375,,1.4452684133914317e-05,1.8666393853697878e-07
iiwa14,generalized_gravity,mujoco_warp,32,collection,float32,simulator inverse dynamics at zero velocity and acceleration,3,validated,,159.96093333333334,130.8066,848.0614666666668,,fp32-fd-warnings,2,0.0,0.0,0,224,159.53663333333333,160.31966666666668,130.77133333333333,130.8655,29.15433333333334,,1.7807889861387594e-05,2.0808203434385942e-07
iiwa14,generalized_gravity,mujoco_warp,64,collection,float32,simulator inverse dynamics at zero velocity and acceleration,3,validated,,174.99276666666668,139.17116666666666,860.7333333333332,,fp32-fd-warnings,2,0.0,0.0,0,448,174.65703333333332,175.39283333333333,139.1581,139.8626,35.82160000000002,,1.7807889861387594e-05,1.9426929284204517e-07
iiwa14,generalized_gravity,mujoco_warp,128,collection,float32,simulator inverse dynamics at zero velocity and acceleration,3,validated,,187.62109999999996,156.33543333333333,870.5905333333335,,fp32-fd-warnings,2,0.0,0.0,0,896,186.77650000000003,187.62219999999996,156.1888333333333,156.43213333333333,31.28566666666663,,1.7807889861387594e-05,1.8970097080219135e-07
iiwa14,generalized_gravity,mujoco_warp,256,collection,float32,simulator inverse dynamics at zero velocity and acceleration,3,validated,,213.40200000000002,181.2874666666667,877.4217333333333,,fp32-fd-warnings,2,0.0,0.0,0,1792,213.11763333333334,213.88783333333333,181.0782333333333,181.31123333333332,32.11453333333333,,2.2527280059136956e-05,1.9893160494273728e-07
iiwa14,generalized_gravity,mujoco_warp,1024,collection,float32,simulator inverse dynamics at zero velocity and acceleration,3,validated,,246.82913333333332,208.0933666666666,883.6332333333334,,fp32-fd-warnings,2,0.0,0.0,0,7168,246.51003333333333,247.45693333333335,208.07160000000002,208.32236666666665,38.735766666666706,,2.9339884726198306e-05,2.0733264895531464e-07
iiwa14,generalized_gravity,pinocchio,16,collection,float32,codegen RNEA at zero acceleration/velocity,3,validated,,4.736033333333333,,,1,fp32-fd-warnings,2,0.0,0.0,0,112,4.675799999999999,5.5057333333333345,,,,,7.020547599267957e-06,1.0035415651957572e-07
iiwa14,generalized_gravity,pinocchio,32,collection,float32,codegen RNEA at zero acceleration/velocity,3,validated,,7.232099999999999,,,1,fp32-fd-warnings,2,0.0,0.0,0,224,7.141966666666666,7.447333333333333,,,,,7.122672542436703e-06,1.0389999159499888e-07
iiwa14,generalized_gravity,pinocchio,64,collection,float32,codegen RNEA at zero acceleration/velocity,3,validated,,11.918366666666666,,,8,fp32-fd-warnings,2,0.0,0.0,0,448,11.696266666666666,12.277399999999997,,,,,7.728603982570803e-06,1.0135214130562513e-07
iiwa14,generalized_gravity,pinocchio,128,collection,float32,codegen RNEA at zero acceleration/velocity,3,validated,,13.041766666666668,,,8,fp32-fd-warnings,2,0.0,0.0,0,896,12.960366666666667,13.0599,,,,,8.430239375911697e-06,9.478932455661985e-08
iiwa14,generalized_gravity,pinocchio,256,collection,float32,codegen RNEA at zero acceleration/velocity,3,validated,,16.148633333333333,,,8,fp32-fd-warnings,2,0.0,0.0,0,1792,15.520900000000001,16.6873,,,,,9.724674512767706e-06,9.670576923181585e-08
iiwa14,generalized_gravity,pinocchio,1024,collection,float32,codegen RNEA at zero acceleration/velocity,3,validated,,33.61043333333333,,,8,fp32-fd-warnings,2,0.0,0.0,0,7168,33.54056666666667,33.68623333333333,,,,,1.2681967561434249e-05,9.802250400869391e-08
iiwa14,generalized_gravity,pinocchio_plain,16,collection,float32,standard Pinocchio API (no codegen),3,validated,,6.872933333333333,,,1,fp32-fd-warnings,2,0.0,0.0,0,112,6.8532,7.876133333333333,,,,,7.020547599267957e-06,8.772988136749875e-08
iiwa14,generalized_gravity,pinocchio_plain,32,collection,float32,standard Pinocchio API (no codegen),3,validated,,12.029366666666668,,,1/8,fp32-fd-warnings,2,0.0,0.0,0,224,11.4737,12.067833333333333,,,,,1.0178495330137594e-05,1.0488990375218786e-07
iiwa14,generalized_gravity,pinocchio_plain,64,collection,float32,standard Pinocchio API (no codegen),3,validated,,13.694400000000002,,,8,fp32-fd-warnings,2,0.0,0.0,0,448,12.945766666666668,13.757933333333334,,,,,1.0178495330137594e-05,1.104385806620523e-07
iiwa14,generalized_gravity,pinocchio_plain,128,collection,float32,standard Pinocchio API (no codegen),3,validated,,17.37343333333333,,,8,fp32-fd-warnings,2,0.0,0.0,0,896,15.457533333333336,17.855833333333337,,,,,1.277261844734312e-05,1.0382212332933406e-07
iiwa14,generalized_gravity,pinocchio_plain,256,collection,float32,standard Pinocchio API (no codegen),3,validated,,22.648666666666664,,,8,fp32-fd-warnings,2,0.0,0.0,0,1792,20.794133333333335,26.170166666666663,,,,,1.3903264523662529e-05,1.0560054489344435e-07
iiwa14,generalized_gravity,pinocchio_plain,1024,collection,float32,standard Pinocchio API (no codegen),3,validated,,61.330299999999994,,,8,fp32-fd-warnings,2,0.0,0.0,0,7168,49.63740000000002,65.39043333333333,,,,,1.3903264523662529e-05,1.0249073513426713e-07
iiwa14,minv,bard,16,collection,unknown,unknown,3,adapter_pending,selected operation not wired; not a library capability claim,,,,,fp32-fd-warnings,2,,,0,0,,,,,,,,
iiwa14,minv,bard,32,collection,unknown,unknown,3,adapter_pending,selected operation not wired; not a library capability claim,,,,,fp32-fd-warnings,2,,,0,0,,,,,,,,
iiwa14,minv,bard,64,collection,unknown,unknown,3,adapter_pending,selected operation not wired; not a library capability claim,,,,,fp32-fd-warnings,2,,,0,0,,,,,,,,
iiwa14,minv,bard,128,collection,unknown,unknown,3,adapter_pending,selected operation not wired; not a library capability claim,,,,,fp32-fd-warnings,2,,,0,0,,,,,,,,
iiwa14,minv,bard,256,collection,unknown,unknown,3,adapter_pending,selected operation not wired; not a library capability claim,,,,,fp32-fd-warnings,2,,,0,0,,,,,,,,
iiwa14,minv,bard,1024,collection,unknown,unknown,3,adapter_pending,selected operation not wired; not a library capability claim,,,,,fp32-fd-warnings,2,,,0,0,,,,,,,,
iiwa14,minv,frax,16,collection,float32,library dynamics,3,accuracy_warning,Entrywise oracle/variation gate exceeded; explicitly retained with errors reported,225.40543333333332,77.58736666666667,,,fp32-fd-warnings,2,0.0,0.0,12,784,224.1897333333333,336.5160333333333,77.47080000000001,78.28263333333334,147.81806666666665,,0.13735807565740288,4.240910291076763e-05
iiwa14,minv,frax,32,collection,float32,library dynamics,3,accuracy_warning,Entrywise oracle/variation gate exceeded; explicitly retained with errors reported,225.06666666666663,75.73150000000001,,,fp32-fd-warnings,2,0.0,0.0,32,1568,223.26183333333336,347.18019999999996,75.47006666666668,77.43296666666667,149.33516666666662,,0.13735807565740288,4.024868016726713e-05
iiwa14,minv,frax,64,collection,float32,library dynamics,3,accuracy_warning,Entrywise oracle/variation gate exceeded; explicitly retained with errors reported,240.9440666666667,84.88289999999998,,,fp32-fd-warnings,2,0.0,0.0,56,3136,228.23726666666664,247.59426666666667,79.39540000000001,86.36826666666666,156.06116666666674,,0.19631295289991613,4.545448053028938e-05
iiwa14,minv,frax,128,collection,float32,library dynamics,3,accuracy_warning,Entrywise oracle/variation gate exceeded; explicitly retained with errors reported,316.89189999999996,75.96730000000001,,,fp32-fd-warnings,2,0.0,0.0,102,6272,269.04979999999995,421.83313333333336,75.81716666666668,85.58463333333334,240.92459999999994,,0.18128161618665217,4.9476782178032256e-05
iiwa14,minv,frax,256,collection,float32,library dynamics,3,accuracy_warning,Entrywise oracle/variation gate exceeded; explicitly retained with errors reported,244.93653333333336,78.70413333333335,,,fp32-fd-warnings,2,0.0,0.0,213,12544,236.94639999999998,255.57286666666667,77.99650000000001,84.32823333333333,166.2324,,0.256524772687726,5.385832461709686e-05
iiwa14,minv,frax,1024,collection,float32,library dynamics,3,accuracy_warning,Entrywise oracle/variation gate exceeded; explicitly retained with errors reported,408.97416666666675,88.51976666666664,,,fp32-fd-warnings,2,0.0,0.0,761,50176,261.9272333333333,484.19863333333336,83.54269999999998,95.32529999999998,320.4544000000001,,0.2650886111237014,5.508454905124736e-05
iiwa14,minv,grim_cuda,16,collection,float32,analytical,3,validated,,21.4583984375,12.362933858235676,,128,fp32-fd-warnings,2,0.0,0.0,0,784,21.445067342122396,21.48653615315755,12.339500427246094,12.376499430338542,9.095464579264325,,0.00012736199300888984,6.55927934950007e-08
iiwa14,minv,grim_cuda,32,collection,float32,analytical,3,validated,,21.692701721191405,12.34070078531901,,128,fp32-fd-warnings,2,0.0,0.0,0,1568,21.602466328938803,21.87026570638021,12.308234151204427,12.359330749511718,9.352000935872395,,0.00012736199300888984,6.246557520858609e-08
iiwa14,minv,grim_cuda,64,collection,float32,analytical,3,validated,,21.948600260416665,12.352400207519532,,128,fp32-fd-warnings,2,0.0,0.0,0,3136,21.9395014444987,22.031798807779946,12.34563496907552,12.368700154622395,9.596200052897133,,0.00012736199300888984,6.235878652267342e-08
iiwa14,minv,grim_cuda,128,collection,float32,analytical,3,validated,,22.60506795247396,12.491900634765624,,128,fp32-fd-warnings,2,0.0,0.0,0,6272,22.533065795898438,22.648565165201823,12.450534057617187,12.521632385253906,10.113167317708335,,0.00013033768323111872,6.51257857578114e-08
iiwa14,minv,grim_cuda,256,collection,float32,analytical,3,validated,,24.08510030110677,12.634532165527343,,128,fp32-fd-warnings,2,0.0,0.0,0,12544,24.043232218424478,24.133066813151043,12.618965657552083,12.671602376302083,11.450568135579427,,0.00013033768323111872,6.653297178930018e-08
iiwa14,minv,grim_cuda,1024,collection,float32,analytical,3,validated,,35.99709930419922,19.722298685709635,,128,fp32-fd-warnings,2,0.0,0.0,0,50176,35.91603342692057,36.10220082600912,19.56280059814453,19.736400349934897,16.274800618489582,,0.00014001130330143496,6.661367048106578e-08
iiwa14,minv,grim_jax,16,collection,float32,analytical,3,validated,,118.73193333333333,39.34756666666667,,,fp32-fd-warnings,2,0.0,0.0,0,784,117.84030000000001,120.85343333333334,37.6776,39.73203333333333,79.38436666666666,,0.00012736199300888984,6.55927934950007e-08
iiwa14,minv,grim_jax,32,collection,float32,analytical,3,validated,,123.63973333333333,40.11126666666667,,,fp32-fd-warnings,2,0.0,0.0,0,1568,118.90286666666665,128.6219666666667,39.5371,43.508599999999994,83.52846666666665,,0.00012736199300888984,6.246557520858609e-08
iiwa14,minv,grim_jax,64,collection,float32,analytical,3,validated,,126.78323333333334,42.03343333333333,,,fp32-fd-warnings,2,0.0,0.0,0,3136,118.68026666666668,128.34053333333335,39.84823333333333,44.196733333333334,84.74980000000002,,0.00012736199300888984,6.235878652267342e-08
iiwa14,minv,grim_jax,128,collection,float32,analytical,3,validated,,123.92063333333333,39.56163333333333,,,fp32-fd-warnings,2,0.0,0.0,0,6272,123.35376666666667,133.52513333333334,39.435233333333336,39.67026666666667,84.359,,0.00013033768323111872,6.51257857578114e-08
iiwa14,minv,grim_jax,256,collection,float32,analytical,3,validated,,127.55506666666666,39.278333333333336,,,fp32-fd-warnings,2,0.0,0.0,0,12544,126.75503333333334,128.63666666666668,38.516299999999994,39.446999999999996,88.27673333333333,,0.00013033768323111872,6.653297178930018e-08
iiwa14,minv,grim_jax,1024,collection,float32,analytical,3,validated,,156.4956666666667,46.23296666666667,,,fp32-fd-warnings,2,0.0,0.0,0,50176,156.1549666666666,157.436,46.17586666666667,46.902233333333335,110.26270000000002,,0.00014001130330143496,6.661367048106578e-08
iiwa14,minv,mjx,16,collection,unknown,unknown,3,adapter_pending,selected operation not wired,,,,,fp32-fd-warnings,2,,,0,0,,,,,,,,
iiwa14,minv,mjx,32,collection,unknown,unknown,3,adapter_pending,selected operation not wired,,,,,fp32-fd-warnings,2,,,0,0,,,,,,,,
iiwa14,minv,mjx,64,collection,unknown,unknown,3,adapter_pending,selected operation not wired,,,,,fp32-fd-warnings,2,,,0,0,,,,,,,,
iiwa14,minv,mjx,128,collection,unknown,unknown,3,adapter_pending,selected operation not wired,,,,,fp32-fd-warnings,2,,,0,0,,,,,,,,
iiwa14,minv,mjx,256,collection,unknown,unknown,3,adapter_pending,selected operation not wired,,,,,fp32-fd-warnings,2,,,0,0,,,,,,,,
iiwa14,minv,mjx,1024,collection,unknown,unknown,3,adapter_pending,selected operation not wired,,,,,fp32-fd-warnings,2,,,0,0,,,,,,,,
iiwa14,minv,mujoco_cpu,16,collection,float64,simulator,3,validated,,87.33426666666666,,,,fp32-fd-warnings,2,0.0,0.0,0,784,86.43689999999998,87.4587,,,,,1.0300027497578412e-10,3.015385443933417e-14
iiwa14,minv,mujoco_cpu,32,collection,float64,simulator,3,validated,,170.68800000000005,,,,fp32-fd-warnings,2,0.0,0.0,0,1568,170.56073333333333,170.77953333333335,,,,,1.0300027497578412e-10,2.481099120337813e-14
iiwa14,minv,mujoco_cpu,64,collection,float64,simulator,3,validated,,336.5805666666666,,,,fp32-fd-warnings,2,0.0,0.0,0,3136,335.87763333333334,357.4805333333333,,,,,1.1118572729174048e-10,2.9525379038982976e-14
iiwa14,minv,mujoco_cpu,128,collection,float64,simulator,3,validated,,685.8557333333333,,,,fp32-fd-warnings,2,0.0,0.0,0,6272,685.4571666666667,723.8786666666666,,,,,1.1118572729174048e-10,2.6668273345602067e-14
iiwa14,minv,mujoco_cpu,256,collection,float64,simulator,3,validated,,1423.7665,,,,fp32-fd-warnings,2,0.0,0.0,0,12544,1405.6503333333333,1467.5205333333333,,,,,1.170974428532645e-10,2.6962047724201464e-14
iiwa14,minv,mujoco_cpu,1024,collection,float64,simulator,3,validated,,5692.931133333333,,,,fp32-fd-warnings,2,0.0,0.0,0,50176,5660.407533333333,5889.445600000001,,,,,1.4642864698544145e-10,2.7402864998789585e-14
iiwa14,minv,mujoco_warp,16,collection,unknown,unknown,3,adapter_pending,no dense inverse-inertia output path,,,,,fp32-fd-warnings,2,,,0,0,,,,,,,,
iiwa14,minv,mujoco_warp,32,collection,unknown,unknown,3,adapter_pending,no dense inverse-inertia output path,,,,,fp32-fd-warnings,2,,,0,0,,,,,,,,
iiwa14,minv,mujoco_warp,64,collection,unknown,unknown,3,adapter_pending,no dense inverse-inertia output path,,,,,fp32-fd-warnings,2,,,0,0,,,,,,,,
iiwa14,minv,mujoco_warp,128,collection,unknown,unknown,3,adapter_pending,no dense inverse-inertia output path,,,,,fp32-fd-warnings,2,,,0,0,,,,,,,,
iiwa14,minv,mujoco_warp,256,collection,unknown,unknown,3,adapter_pending,no dense inverse-inertia output path,,,,,fp32-fd-warnings,2,,,0,0,,,,,,,,
iiwa14,minv,mujoco_warp,1024,collection,unknown,unknown,3,adapter_pending,no dense inverse-inertia output path,,,,,fp32-fd-warnings,2,,,0,0,,,,,,,,
iiwa14,minv,pinocchio,16,collection,float32,codegen,3,accuracy_warning,Entrywise oracle/variation gate exceeded; explicitly retained with errors reported,8.270133333333332,,,1,fp32-fd-warnings,2,0.0,0.0,12,784,8.253266666666667,8.354800000000003,,,,,0.1179240382828084,3.417526745910063e-05
iiwa14,minv,pinocchio,32,collection,float32,codegen,3,accuracy_warning,Entrywise oracle/variation gate exceeded; explicitly retained with errors reported,12.688666666666668,,,8,fp32-fd-warnings,2,0.0,0.0,28,1568,12.423033333333331,12.712566666666667,,,,,0.1179240382828084,3.666688960566409e-05
iiwa14,minv,pinocchio,64,collection,float32,codegen,3,accuracy_warning,Entrywise oracle/variation gate exceeded; explicitly retained with errors reported,13.468833333333333,,,8,fp32-fd-warnings,2,0.0,0.0,52,3136,13.059933333333335,13.470066666666666,,,,,0.15430946805122403,4.43755708332703e-05
iiwa14,minv,pinocchio,128,collection,float32,codegen,3,accuracy_warning,Entrywise oracle/variation gate exceeded; explicitly retained with errors reported,16.043833333333335,,,8,fp32-fd-warnings,2,0.0,0.0,105,6272,15.960566666666667,16.115466666666666,,,,,0.2368876268533313,4.7319892988980916e-05
iiwa14,minv,pinocchio,256,collection,float32,codegen,3,accuracy_warning,Entrywise oracle/variation gate exceeded; explicitly retained with errors reported,22.248700000000003,,,8,fp32-fd-warnings,2,0.0,0.0,201,12544,22.20283333333333,22.315066666666663,,,,,0.2368876268533313,4.87114415361237e-05
iiwa14,minv,pinocchio,1024,collection,float32,codegen,3,accuracy_warning,Entrywise oracle/variation gate exceeded; explicitly retained with errors reported,51.2193,,,8,fp32-fd-warnings,2,0.0,0.0,721,50176,50.813833333333335,56.9491,,,,,0.38931115297714314,4.8281715005750286e-05
iiwa14,minv,pinocchio_plain,16,collection,float32,standard Pinocchio API (no codegen),3,accuracy_warning,Entrywise oracle/variation gate exceeded; explicitly retained with errors reported,12.672300000000002,,,8,fp32-fd-warnings,2,0.0,0.0,4,784,12.495833333333335,12.675666666666665,,,,,0.0928996242203084,3.361338430928947e-05
iiwa14,minv,pinocchio_plain,32,collection,float32,standard Pinocchio API (no codegen),3,accuracy_warning,Entrywise oracle/variation gate exceeded; explicitly retained with errors reported,14.467800000000002,,,8,fp32-fd-warnings,2,0.0,0.0,18,1568,14.427100000000001,14.745633333333332,,,,,0.0928996242203084,3.3728929290967595e-05
iiwa14,minv,pinocchio_plain,64,collection,float32,standard Pinocchio API (no codegen),3,accuracy_warning,Entrywise oracle/variation gate exceeded; explicitly retained with errors reported,18.584400000000006,,,8,fp32-fd-warnings,2,0.0,0.0,36,3136,18.22006666666667,19.103666666666665,,,,,0.13092393001147684,3.758475169018097e-05
iiwa14,minv,pinocchio_plain,128,collection,float32,standard Pinocchio API (no codegen),3,accuracy_warning,Entrywise oracle/variation gate exceeded; explicitly retained with errors reported,27.44886666666667,,,8,fp32-fd-warnings,2,0.0,0.0,76,6272,26.85723333333333,28.561099999999993,,,,,0.16529040524915217,4.596576345233793e-05
iiwa14,minv,pinocchio_plain,256,collection,float32,standard Pinocchio API (no codegen),3,accuracy_warning,Entrywise oracle/variation gate exceeded; explicitly retained with errors reported,44.127933333333324,,,8,fp32-fd-warnings,2,0.0,0.0,159,12544,42.85596666666666,44.271933333333344,,,,,0.22442373685657913,5.1410625330066887e-05
iiwa14,minv,pinocchio_plain,1024,collection,float32,standard Pinocchio API (no codegen),3,accuracy_warning,Entrywise oracle/variation gate exceeded; explicitly retained with errors reported,145.07459999999998,,,8,fp32-fd-warnings,2,0.0,0.0,737,50176,125.42016666666669,313.38786666666664,,,,,0.3014180495513301,5.286911540193669e-05
iiwa14,nonlinear_effects,bard,16,collection,float32,library dynamics,3,validated,,1676.5831666666666,1627.6027333333332,,,fp32-fd-warnings,2,0.0,0.0,0,112,1646.0826000000004,1687.7335,1593.5181,1636.0588666666667,48.980433333333394,,7.505103437921434e-05,2.781909362104219e-07
iiwa14,nonlinear_effects,bard,32,collection,float32,library dynamics,3,validated,,1672.7860666666668,1625.3318666666669,,,fp32-fd-warnings,2,0.0,0.0,0,224,1667.1935666666666,1703.6994000000002,1605.490166666667,1653.6971666666666,47.4541999999999,,7.505103437921434e-05,2.609054057115655e-07
iiwa14,nonlinear_effects,bard,64,collection,float32,library dynamics,3,validated,,1695.129666666667,1623.2435666666668,,,fp32-fd-warnings,2,0.0,0.0,0,448,1674.9631,1721.4491666666663,1606.9352666666666,1672.9635000000003,71.88610000000017,,7.505103437921434e-05,2.4184378511226566e-07
iiwa14,nonlinear_effects,bard,128,collection,float32,library dynamics,3,validated,,1688.9650333333334,1616.2142666666666,,,fp32-fd-warnings,2,0.0,0.0,0,896,1674.4454999999996,1734.5796333333333,1601.4158666666667,1664.3050666666666,72.75076666666678,,4.90536423001231e-05,1.6719233277106745e-07
iiwa14,nonlinear_effects,bard,256,collection,float32,library dynamics,3,validated,,1697.5004000000001,1639.5449,,,fp32-fd-warnings,2,0.0,0.0,0,1792,1679.2671333333335,1764.9235000000003,1629.3666999999998,1686.6782333333335,57.95550000000003,,4.90536423001231e-05,1.608380373522916e-07
iiwa14,nonlinear_effects,bard,1024,collection,float32,library dynamics,3,validated,,1707.1655333333335,1685.9208333333331,,,fp32-fd-warnings,2,0.0,0.0,0,7168,1707.1075000000003,1809.7224333333334,1625.7898333333335,1738.9359666666667,21.24470000000042,,4.90536423001231e-05,1.51281039098392e-07
iiwa14,nonlinear_effects,frax,16,collection,float32,library dynamics,3,validated,,198.07903333333337,77.77550000000001,,,fp32-fd-warnings,2,0.0,0.0,0,112,196.0977666666667,205.02386666666672,69.79523333333333,87.04333333333332,120.30353333333336,,0.00023717566816827684,7.62525696358362e-07
iiwa14,nonlinear_effects,frax,32,collection,float32,library dynamics,3,validated,,202.28903333333332,68.98533333333333,,,fp32-fd-warnings,2,0.0,0.0,0,224,193.00396666666668,215.71083333333328,67.95606666666667,76.1439,133.3037,,0.00023717566816827684,6.988008853342824e-07
iiwa14,nonlinear_effects,frax,64,collection,float32,library dynamics,3,validated,,200.38039999999998,66.368,,,fp32-fd-warnings,2,0.0,0.0,0,448,194.01350000000002,210.02280000000002,59.48493333333332,69.05033333333334,134.01239999999999,,0.00023717566816827684,6.314561980633067e-07
iiwa14,nonlinear_effects,frax,128,collection,float32,library dynamics,3,validated,,202.19093333333333,59.261700000000005,,,fp32-fd-warnings,2,0.0,0.0,0,896,194.68809999999996,247.9177,58.359966666666665,114.7121333333333,142.92923333333334,,0.00023717566816827684,5.46353481539799e-07
iiwa14,nonlinear_effects,frax,256,collection,float32,library dynamics,3,validated,,204.94259999999994,67.61206666666666,,,fp32-fd-warnings,2,0.0,0.0,0,1792,204.27903333333333,207.9552666666667,67.32976666666667,67.71196666666667,137.33053333333328,,0.00023717566816827684,4.4929470100399146e-07
iiwa14,nonlinear_effects,frax,1024,collection,float32,library dynamics,3,validated,,252.55200000000002,73.3459,,,fp32-fd-warnings,2,0.0,0.0,0,7168,228.15370000000001,332.6173999999999,72.23066666666668,80.28486666666666,179.20610000000002,,0.00011510535566827684,2.084232773100491e-07
iiwa14,nonlinear_effects,grim_cuda,16,collection,float32,analytical,3,validated,,16.892066955566406,11.191499837239583,,112,fp32-fd-warnings,2,0.0,0.0,0,112,16.785733032226563,16.971399943033855,11.172233581542969,11.199331665039063,5.700567118326823,,4.890243195632138e-05,1.7877893039156062e-07
iiwa14,nonlinear_effects,grim_cuda,32,collection,float32,analytical,3,validated,,17.037299601236978,11.17303466796875,,112,fp32-fd-warnings,2,0.0,0.0,0,224,16.972232564290366,17.060499064127605,11.14729970296224,11.213299560546876,5.8642649332682275,,4.890243195632138e-05,1.7823811784390492e-07
iiwa14,nonlinear_effects,grim_cuda,64,collection,float32,analytical,3,validated,,16.924368794759115,11.150802103678386,,112,fp32-fd-warnings,2,0.0,0.0,0,448,16.916900634765625,16.940301513671876,11.133365885416667,11.15946553548177,5.773566691080729,,4.890243195632138e-05,1.696942232302544e-07
iiwa14,nonlinear_effects,grim_cuda,128,collection,float32,analytical,3,validated,,17.53050028483073,11.341734313964844,,112,fp32-fd-warnings,2,0.0,0.0,0,896,17.514700826009115,17.533165995279948,11.337330627441407,11.345399475097656,6.1887659708658855,,4.890243195632138e-05,1.6374173470473218e-07
iiwa14,nonlinear_effects,grim_cuda,256,collection,float32,analytical,3,validated,,18.619501241048177,11.570299784342447,,112,fp32-fd-warnings,2,0.0,0.0,0,1792,18.408933512369792,18.671200052897134,11.561066691080729,11.571802266438802,7.049201456705729,,4.890243195632138e-05,1.5395988980103808e-07
iiwa14,nonlinear_effects,grim_cuda,1024,collection,float32,analytical,3,validated,,21.38990224202474,12.522332255045573,,112,fp32-fd-warnings,2,0.0,0.0,0,7168,21.261998494466145,21.4176025390625,12.506366475423176,12.524800109863282,8.867569986979166,,4.890243195632138e-05,1.467109583401322e-07
iiwa14,nonlinear_effects,grim_jax,16,collection,float32,analytical,3,validated,,146.61206666666666,37.97116666666667,,,fp32-fd-warnings,2,0.0,0.0,0,112,145.1418,148.79990000000004,37.34029999999999,49.56020000000001,108.64089999999999,,4.890243195632138e-05,1.7877893039156062e-07
iiwa14,nonlinear_effects,grim_jax,32,collection,float32,analytical,3,validated,,149.3559,36.89843333333333,,,fp32-fd-warnings,2,0.0,0.0,0,224,141.29246666666668,159.42753333333332,36.863899999999994,38.83296666666667,112.45746666666666,,4.890243195632138e-05,1.7823811784390492e-07
iiwa14,nonlinear_effects,grim_jax,64,collection,float32,analytical,3,validated,,150.90923333333333,38.9799,,,fp32-fd-warnings,2,0.0,0.0,0,448,150.07073333333332,152.61193333333333,37.730000000000004,41.11483333333333,111.92933333333333,,4.890243195632138e-05,1.696942232302544e-07
iiwa14,nonlinear_effects,grim_jax,128,collection,float32,analytical,3,validated,,151.6097,39.62473333333333,,,fp32-fd-warnings,2,0.0,0.0,0,896,151.4301,151.7326,38.60406666666667,46.13576666666667,111.98496666666668,,4.890243195632138e-05,1.6374173470473218e-07
iiwa14,nonlinear_effects,grim_jax,256,collection,float32,analytical,3,validated,,159.09349999999998,38.699933333333334,,,fp32-fd-warnings,2,0.0,0.0,0,1792,157.65356666666668,172.1590333333333,37.604099999999995,40.94336666666666,120.39356666666664,,4.890243195632138e-05,1.5395988980103808e-07
iiwa14,nonlinear_effects,grim_jax,1024,collection,float32,analytical,3,validated,,162.01040000000003,49.55726666666667,,,fp32-fd-warnings,2,0.0,0.0,0,7168,156.33973333333336,169.2054333333334,40.720000000000006,49.60209999999999,112.45313333333337,,4.890243195632138e-05,1.467109583401322e-07
iiwa14,nonlinear_effects,mjx,16,collection,float32,simulator inverse dynamics at zero acceleration,3,validated,,339.544,104.63006666666665,,,fp32-fd-warnings,2,0.0,0.0,0,112,301.02760000000006,444.53593333333333,100.64889999999998,110.24109999999999,234.91393333333332,,0.00012519637726882138,5.785952603666933e-07
iiwa14,nonlinear_effects,mjx,32,collection,float32,simulator inverse dynamics at zero acceleration,3,validated,,327.9001333333333,113.37543333333333,,,fp32-fd-warnings,2,0.0,0.0,0,224,323.0885,449.5036666666666,102.86096666666666,114.86633333333333,214.5247,,0.00012519637726882138,5.350069246784989e-07
iiwa14,nonlinear_effects,mjx,64,collection,float32,simulator inverse dynamics at zero acceleration,3,validated,,404.65239999999994,123.46396666666666,,,fp32-fd-warnings,2,0.0,0.0,0,448,347.28426666666667,493.70070000000004,116.75840000000001,242.69953333333336,281.18843333333325,,0.00012519637726882138,4.913779976548799e-07
iiwa14,nonlinear_effects,mjx,128,collection,float32,simulator inverse dynamics at zero acceleration,3,validated,,425.7987333333333,109.87473333333332,,,fp32-fd-warnings,2,0.0,0.0,0,896,383.4168,497.29509999999993,107.9163,199.39213333333333,315.924,,0.00012519637726882138,4.3179933210083197e-07
iiwa14,nonlinear_effects,mjx,256,collection,float32,simulator inverse dynamics at zero acceleration,3,validated,,456.7942333333333,134.49393333333336,,,fp32-fd-warnings,2,0.0,0.0,0,1792,357.4131,728.9226333333332,115.01243333333332,143.9453,322.30029999999994,,0.00012519637726882138,3.68764056777128e-07
iiwa14,nonlinear_effects,mjx,1024,collection,float32,simulator inverse dynamics at zero acceleration,3,validated,,528.1429999999999,289.1500333333334,,,fp32-fd-warnings,2,0.0,0.0,0,7168,356.0814333333332,610.8583666666667,132.25713333333334,399.42649999999986,238.99296666666652,,0.00012519637726882138,2.7151475945239763e-07
iiwa14,nonlinear_effects,mujoco_cpu,16,collection,float64,simulator inverse dynamics at zero acceleration,3,validated,,36.98403333333333,,,,fp32-fd-warnings,2,0.0,0.0,0,112,36.577799999999996,38.271466666666676,,,,,3.410605131648481e-13,1.4036025541540635e-15
iiwa14,nonlinear_effects,mujoco_cpu,32,collection,float64,simulator inverse dynamics at zero acceleration,3,validated,,74.94973333333334,,,,fp32-fd-warnings,2,0.0,0.0,0,224,72.28143333333334,76.19003333333335,,,,,3.410605131648481e-13,1.3247933383332294e-15
iiwa14,nonlinear_effects,mujoco_cpu,64,collection,float64,simulator inverse dynamics at zero acceleration,3,validated,,147.1456,,,,fp32-fd-warnings,2,0.0,0.0,0,448,145.05976666666666,148.79253333333335,,,,,3.410605131648481e-13,1.24798102799722e-15
iiwa14,nonlinear_effects,mujoco_cpu,128,collection,float64,simulator inverse dynamics at zero acceleration,3,validated,,299.9067666666666,,,,fp32-fd-warnings,2,0.0,0.0,0,896,295.4257333333333,307.2708666666667,,,,,3.410605131648481e-13,1.1603365389801599e-15
iiwa14,nonlinear_effects,mujoco_cpu,256,collection,float64,simulator inverse dynamics at zero acceleration,3,validated,,638.8921666666666,,,,fp32-fd-warnings,2,0.0,0.0,0,1792,627.4958,650.0992666666667,,,,,3.410605131648481e-13,1.0815642980554111e-15
iiwa14,nonlinear_effects,mujoco_cpu,1024,collection,float64,simulator inverse dynamics at zero acceleration,3,validated,,2653.3908666666666,,,,fp32-fd-warnings,2,0.0,0.0,0,7168,2613.0839,2690.7202333333335,,,,,3.410605131648481e-13,9.410787452940867e-16
iiwa14,nonlinear_effects,mujoco_warp,16,collection,float32,simulator inverse dynamics at zero acceleration,3,validated,,152.1471666666667,123.60143333333335,841.3283333333333,,fp32-fd-warnings,2,0.0,0.0,0,112,151.52196666666666,153.1925,123.50206666666665,123.60689999999998,28.545733333333345,,0.00012519637726882138,4.7440048399805746e-07
iiwa14,nonlinear_effects,mujoco_warp,32,collection,float32,simulator inverse dynamics at zero acceleration,3,validated,,160.1831,130.433,845.3222,,fp32-fd-warnings,2,0.0,0.0,0,224,159.3476,160.55843333333334,130.41936666666666,130.89876666666663,29.750100000000003,,0.00012519637726882138,4.3955958924132645e-07
iiwa14,nonlinear_effects,mujoco_warp,64,collection,float32,simulator inverse dynamics at zero acceleration,3,validated,,174.83790000000002,139.87976666666665,885.9052000000003,,fp32-fd-warnings,2,0.0,0.0,0,448,173.86003333333332,174.88946666666666,139.7187,139.91376666666667,34.958133333333365,,0.00012519637726882138,4.051459508197083e-07
iiwa14,nonlinear_effects,mujoco_warp,128,collection,float32,simulator inverse dynamics at zero acceleration,3,validated,,187.7419333333333,156.43613333333334,877.1438666666668,,fp32-fd-warnings,2,0.0,0.0,0,896,186.97220000000002,188.74793333333335,156.34793333333334,156.50339999999997,31.305799999999948,,0.00012519637726882138,3.5948376613231347e-07
iiwa14,nonlinear_effects,mujoco_warp,256,collection,float32,simulator inverse dynamics at zero acceleration,3,validated,,214.50100000000003,181.89540000000002,885.4268000000001,,fp32-fd-warnings,2,0.0,0.0,0,1792,214.0930666666667,214.56203333333332,181.72263333333333,181.93876666666665,32.60560000000001,,0.00012519637726882138,3.1477175519814485e-07
iiwa14,nonlinear_effects,mujoco_warp,1024,collection,float32,simulator inverse dynamics at zero acceleration,3,validated,,247.57836666666662,208.8787,885.8700333333334,,fp32-fd-warnings,2,0.0,0.0,0,7168,247.30283333333335,247.9665333333333,208.78659999999996,209.10223333333334,38.699666666666616,,0.00012519637726882138,2.449052295978693e-07
iiwa14,nonlinear_effects,pinocchio,16,collection,float32,codegen RNEA at zero acceleration/velocity,3,validated,,4.7453666666666665,,,1,fp32-fd-warnings,2,0.0,0.0,0,112,4.618266666666667,5.5352,,,,,8.293832230776843e-06,4.617452810661229e-08
iiwa14,nonlinear_effects,pinocchio,32,collection,float32,codegen RNEA at zero acceleration/velocity,3,validated,,7.336466666666667,,,1,fp32-fd-warnings,2,0.0,0.0,0,224,7.1184666666666665,8.417333333333334,,,,,1.2104484497399426e-05,6.620694466939185e-08
iiwa14,nonlinear_effects,pinocchio,64,collection,float32,codegen RNEA at zero acceleration/velocity,3,validated,,11.7219,,,8,fp32-fd-warnings,2,0.0,0.0,0,448,11.5587,11.952766666666665,,,,,1.2104484497399426e-05,7.117394270950893e-08
iiwa14,nonlinear_effects,pinocchio,128,collection,float32,codegen RNEA at zero acceleration/velocity,3,validated,,12.930900000000001,,,8,fp32-fd-warnings,2,0.0,0.0,0,896,12.801833333333338,12.937333333333335,,,,,1.2104484497399426e-05,8.160563740605862e-08
iiwa14,nonlinear_effects,pinocchio,256,collection,float32,codegen RNEA at zero acceleration/velocity,3,validated,,15.843533333333335,,,8,fp32-fd-warnings,2,0.0,0.0,0,1792,15.530600000000002,16.206233333333333,,,,,1.2104484497399426e-05,8.72061131358119e-08
iiwa14,nonlinear_effects,pinocchio,1024,collection,float32,codegen RNEA at zero acceleration/velocity,3,validated,,35.6674,,,8,fp32-fd-warnings,2,0.0,0.0,0,7168,32.77333333333333,51.15463333333334,,,,,1.512127126801488e-05,1.0828331630809779e-07
iiwa14,nonlinear_effects,pinocchio_plain,16,collection,float32,standard Pinocchio API (no codegen),3,validated,,8.279900000000001,,,1,fp32-fd-warnings,2,0.0,0.0,0,112,8.167866666666669,8.939133333333332,,,,,2.739151335617862e-05,9.980014469332413e-08
iiwa14,nonlinear_effects,pinocchio_plain,32,collection,float32,standard Pinocchio API (no codegen),3,validated,,12.366633333333334,,,8,fp32-fd-warnings,2,0.0,0.0,0,224,12.148100000000001,12.547766666666666,,,,,2.739151335617862e-05,1.0283601354988285e-07
iiwa14,nonlinear_effects,pinocchio_plain,64,collection,float32,standard Pinocchio API (no codegen),3,validated,,13.706766666666665,,,8,fp32-fd-warnings,2,0.0,0.0,0,448,13.162600000000001,14.4477,,,,,2.739151335617862e-05,1.0370578835880559e-07
iiwa14,nonlinear_effects,pinocchio_plain,128,collection,float32,standard Pinocchio API (no codegen),3,validated,,17.500933333333332,,,8,fp32-fd-warnings,2,0.0,0.0,0,896,17.010266666666663,18.71736666666667,,,,,2.739151335617862e-05,1.0485056670946657e-07
iiwa14,nonlinear_effects,pinocchio_plain,256,collection,float32,standard Pinocchio API (no codegen),3,validated,,25.000566666666668,,,8,fp32-fd-warnings,2,0.0,0.0,0,1792,24.58003333333333,26.192466666666668,,,,,2.739151335617862e-05,1.0638438385542845e-07
iiwa14,nonlinear_effects,pinocchio_plain,1024,collection,float32,standard Pinocchio API (no codegen),3,validated,,64.61213333333333,,,8,fp32-fd-warnings,2,0.0,0.0,0,7168,62.849233333333345,77.94686666666666,,,,,2.739151335617862e-05,1.1759706980087826e-07
