robot,operation,backend,batch,purpose,dtype,method,repeats,status,reason,host_us,resident_us,resident_eager_us,threads,accuracy_policy,accuracy_policy_version,variation_max_abs_error,variation_relative_l2_error,max_bad_entries,entries,host_min_us,host_max_us,resident_min_us,resident_max_us,overhead_us,boundary_flag,max_abs_error,relative_l2_error
g1,idsva_so,bard,16,collection,unknown,unknown,3,excluded_method,analytical Hessian study; no finite-difference or nested-autodiff Hessian sweep,,,,,strict,2,,,0,0,,,,,,,,
g1,idsva_so,bard,32,collection,unknown,unknown,3,excluded_method,analytical Hessian study; no finite-difference or nested-autodiff Hessian sweep,,,,,strict,2,,,0,0,,,,,,,,
g1,idsva_so,bard,64,collection,unknown,unknown,3,excluded_method,analytical Hessian study; no finite-difference or nested-autodiff Hessian sweep,,,,,strict,2,,,0,0,,,,,,,,
g1,idsva_so,bard,128,collection,unknown,unknown,3,excluded_method,analytical Hessian study; no finite-difference or nested-autodiff Hessian sweep,,,,,strict,2,,,0,0,,,,,,,,
g1,idsva_so,bard,256,collection,unknown,unknown,3,excluded_method,analytical Hessian study; no finite-difference or nested-autodiff Hessian sweep,,,,,strict,2,,,0,0,,,,,,,,
g1,idsva_so,bard,1024,collection,unknown,unknown,3,excluded_method,analytical Hessian study; no finite-difference or nested-autodiff Hessian sweep,,,,,strict,2,,,0,0,,,,,,,,
g1,idsva_so,frax,16,collection,unknown,unknown,3,excluded_method,analytical Hessian study; no finite-difference or nested-autodiff Hessian sweep,,,,,strict,2,,,0,0,,,,,,,,
g1,idsva_so,frax,32,collection,unknown,unknown,3,excluded_method,analytical Hessian study; no finite-difference or nested-autodiff Hessian sweep,,,,,strict,2,,,0,0,,,,,,,,
g1,idsva_so,frax,64,collection,unknown,unknown,3,excluded_method,analytical Hessian study; no finite-difference or nested-autodiff Hessian sweep,,,,,strict,2,,,0,0,,,,,,,,
g1,idsva_so,frax,128,collection,unknown,unknown,3,excluded_method,analytical Hessian study; no finite-difference or nested-autodiff Hessian sweep,,,,,strict,2,,,0,0,,,,,,,,
g1,idsva_so,frax,256,collection,unknown,unknown,3,excluded_method,analytical Hessian study; no finite-difference or nested-autodiff Hessian sweep,,,,,strict,2,,,0,0,,,,,,,,
g1,idsva_so,frax,1024,collection,unknown,unknown,3,excluded_method,analytical Hessian study; no finite-difference or nested-autodiff Hessian sweep,,,,,strict,2,,,0,0,,,,,,,,
g1,idsva_so,grim_cuda,16,collection,float32,analytical,3,validated,,1548.541749979655,1039.6528337605794,,128,strict,2,0.0,0.0,0,2744000,1543.7537779744466,1549.311001180013,1038.4113866170248,1040.685966796875,508.88891621907555,,0.0013186903961468488,1.3572032497724847e-06
g1,idsva_so,grim_cuda,32,collection,float32,analytical,3,validated,,2049.313837178548,1039.8967322794597,,128,strict,2,0.0,0.0,0,5488000,2048.021037190755,2049.767394510905,1039.867459716797,1040.2775102742512,1009.4171048990884,,0.0013186903961468488,1.1991321607564765e-06
g1,idsva_so,grim_cuda,64,collection,float32,analytical,3,validated,,3057.364166870117,1041.3569560750325,,128,strict,2,0.0,0.0,0,10976000,3053.51206044515,3061.3414639282228,1040.801518758138,1042.026766764323,2016.0072107950846,,0.0013186903961468488,1.0759379882997464e-06
g1,idsva_so,grim_cuda,128,collection,float32,analytical,3,validated,,5144.335292561849,1126.1504043579102,,128,strict,2,0.0,0.0,0,21952000,5137.274882303874,5145.474765726725,1121.7437121582032,1126.2335232543946,4018.184888203939,,0.0013186903961468488,1.0901764344017035e-06
g1,idsva_so,grim_cuda,256,collection,float32,analytical,3,validated,,9555.946177266438,1518.133988647461,,128,strict,2,0.0,0.0,0,43904000,9544.247428690593,9573.549813741049,1518.0399106852215,1518.5042665608723,8037.812188618977,,0.0013186903961468488,1.0907469891788666e-06
g1,idsva_so,grim_cuda,1024,collection,float32,analytical,3,validated,,38013.04818593343,5214.481864115397,,128,strict,2,0.0,0.0,0,175616000,37970.409442036944,38016.59817586263,5211.2810512288415,5215.255459798177,32798.566321818034,,0.0013186903961468488,1.1208490247684978e-06
g1,idsva_so,grim_jax,16,collection,float32,analytical,3,validated,,3367.607376666667,1333.1728066666667,,,strict,2,0.0,0.0,0,2744000,3059.3576433333337,3404.940896666666,1318.0510199999999,1526.4243166666668,2034.4345700000001,,0.0013186903961468488,1.3572032497724847e-06
g1,idsva_so,grim_jax,32,collection,float32,analytical,3,validated,,4581.8556733333335,1444.4758266666665,,,strict,2,0.0,0.0,0,5488000,4541.563103333333,4606.094796666666,1295.47977,1451.6253433333334,3137.3798466666667,,0.0013186903961468488,1.1991321607564765e-06
g1,idsva_so,grim_jax,64,collection,float32,analytical,3,validated,,10501.033736666668,1490.6842666666666,,,strict,2,0.0,0.0,0,10976000,10137.640876666668,10785.796743333334,1201.8285066666667,1638.4960866666668,9010.349470000001,,0.0013186903961468488,1.0759379882997464e-06
g1,idsva_so,grim_jax,128,collection,float32,analytical,3,validated,,16235.595599999999,1772.0816366666663,,,strict,2,0.0,0.0,0,21952000,15468.609239999996,16932.62067,1746.2660133333334,1805.8886066666664,14463.513963333333,,0.0013186903961468488,1.0901764344017035e-06
g1,idsva_so,grim_jax,256,collection,float32,analytical,3,validated,,32797.43055,2433.98019,,,strict,2,0.0,0.0,0,43904000,32555.137273333334,36360.27794,2387.4131466666668,2451.325553333333,30363.450359999995,,0.0013186903961468488,1.0907469891788666e-06
g1,idsva_so,grim_jax,1024,collection,float32,analytical,3,validated,,140873.7930033333,8294.998823333333,,,strict,2,0.0,0.0,0,175616000,132500.94206,143971.39355666668,8275.400796666667,8326.06762,132578.79417999997,,0.0013186903961468488,1.1208490247684978e-06
g1,idsva_so,grim_jax_prealloc,16,collection,float32,analytical,3,validated,,1922.5963166666668,,,,strict,2,0.0,0.0,0,2744000,1808.7881933333338,1996.1462133333334,,,,,0.0013186903961468488,1.3572032497724847e-06
g1,idsva_so,grim_jax_prealloc,32,collection,float32,analytical,3,validated,,2578.30057,,,,strict,2,0.0,0.0,0,5488000,2388.3193233333336,2676.825756666667,,,,,0.0013186903961468488,1.1991321607564765e-06
g1,idsva_so,grim_jax_prealloc,64,collection,float32,analytical,3,validated,,3670.055083333333,,,,strict,2,0.0,0.0,0,10976000,3655.8078800000003,3764.0377166666663,,,,,0.0013186903961468488,1.0759379882997464e-06
g1,idsva_so,grim_jax_prealloc,128,collection,float32,analytical,3,validated,,5959.5716133333335,,,,strict,2,0.0,0.0,0,21952000,5885.8049599999995,6010.317803333333,,,,,0.0013186903961468488,1.0901764344017035e-06
g1,idsva_so,grim_jax_prealloc,256,collection,float32,analytical,3,validated,,10733.506933333334,,,,strict,2,0.0,0.0,0,43904000,10683.63599,10814.822779999999,,,,,0.0013186903961468488,1.0907469891788666e-06
g1,idsva_so,grim_jax_prealloc,1024,collection,float32,analytical,3,validated,,41529.60042333334,,,,strict,2,0.0,0.0,0,175616000,41492.02443,41580.756890000004,,,,,0.0013186903961468488,1.1208490247684978e-06
g1,idsva_so,grim_numpy,16,collection,float32,analytical,3,validated,,1786.1677500000003,,,,strict,2,0.0,0.0,0,2744000,1766.03731,1796.8659333333335,,,,,0.0013186903961468488,1.3572032497724847e-06
g1,idsva_so,grim_numpy,32,collection,float32,analytical,3,validated,,2446.12666,,,,strict,2,0.0,0.0,0,5488000,2431.6598400000003,2456.130423333333,,,,,0.0013186903961468488,1.1991321607564765e-06
g1,idsva_so,grim_numpy,64,collection,float32,analytical,3,validated,,5857.419743333333,,,,strict,2,0.0,0.0,0,10976000,5759.044533333334,6940.153293333334,,,,,0.0013186903961468488,1.0759379882997464e-06
g1,idsva_so,grim_numpy,128,collection,float32,analytical,3,validated,,10448.569773333333,,,,strict,2,0.0,0.0,0,21952000,10272.18414,10465.159956666666,,,,,0.0013186903961468488,1.0901764344017035e-06
g1,idsva_so,grim_numpy,256,collection,float32,analytical,3,validated,,27635.776310000005,,,,strict,2,0.0,0.0,0,43904000,27126.099773333335,27704.181870000004,,,,,0.0013186903961468488,1.0907469891788666e-06
g1,idsva_so,grim_numpy,1024,collection,float32,analytical,3,validated,,106998.36295666668,,,,strict,2,0.0,0.0,0,175616000,106795.90714,110301.34461333333,,,,,0.0013186903961468488,1.1208490247684978e-06
g1,idsva_so,grim_numpy_prealloc,16,collection,float32,analytical,3,validated,,1550.6032866666667,,,,strict,2,0.0,0.0,0,2744000,1548.0645333333332,1551.8016033333333,,,,,0.0013186903961468488,1.3572032497724847e-06
g1,idsva_so,grim_numpy_prealloc,32,collection,float32,analytical,3,validated,,2058.6572966666668,,,,strict,2,0.0,0.0,0,5488000,2052.0073533333334,2060.6035466666667,,,,,0.0013186903961468488,1.1991321607564765e-06
g1,idsva_so,grim_numpy_prealloc,64,collection,float32,analytical,3,validated,,3065.33563,,,,strict,2,0.0,0.0,0,10976000,3028.28203,3076.016153333333,,,,,0.0013186903961468488,1.0759379882997464e-06
g1,idsva_so,grim_numpy_prealloc,128,collection,float32,analytical,3,validated,,5174.213106666667,,,,strict,2,0.0,0.0,0,21952000,5160.670383333332,5175.001243333334,,,,,0.0013186903961468488,1.0901764344017035e-06
g1,idsva_so,grim_numpy_prealloc,256,collection,float32,analytical,3,validated,,9606.113103333333,,,,strict,2,0.0,0.0,0,43904000,9602.602873333333,9626.414716666664,,,,,0.0013186903961468488,1.0907469891788666e-06
g1,idsva_so,grim_numpy_prealloc,1024,collection,float32,analytical,3,validated,,38041.476279999995,,,,strict,2,0.0,0.0,0,175616000,37921.99851333333,38101.84058666667,,,,,0.0013186903961468488,1.1208490247684978e-06
g1,idsva_so,grim_torch,16,collection,float32,analytical,3,validated,,2015.6319000000003,1043.70024,,,strict,2,0.0,0.0,0,2744000,1975.169116666667,2018.2627100000002,1043.4259466666665,1044.0415333333333,971.9316600000004,,0.0013186903961468488,1.3572032497724847e-06
g1,idsva_so,grim_torch,32,collection,float32,analytical,3,validated,,2679.7258833333335,1047.3178033333334,,,strict,2,0.0,0.0,0,5488000,2668.0598466666665,2727.5478799999996,1047.1143666666667,1047.94455,1632.4080800000002,,0.0013186903961468488,1.1991321607564765e-06
g1,idsva_so,grim_torch,64,collection,float32,analytical,3,validated,,6141.343523333333,1068.19321,,,strict,2,0.0,0.0,0,10976000,6122.008413333332,6165.532346666666,1067.6829533333332,1069.5756633333333,5073.1503133333335,,0.0013186903961468488,1.0759379882997464e-06
g1,idsva_so,grim_torch,128,collection,float32,analytical,3,validated,,16141.76522,1222.2235233333333,,,strict,2,0.0,0.0,0,21952000,16077.773129999998,16172.61981,1221.0737966666666,1223.05012,14919.541696666665,,0.0013186903961468488,1.0901764344017035e-06
g1,idsva_so,grim_torch,256,collection,float32,analytical,3,validated,,47698.854986666665,1728.5360633333335,,,strict,2,0.0,0.0,0,43904000,46918.65376666666,48369.72961333333,1727.4084366666668,1728.98433,45970.31892333333,,0.0013186903961468488,1.0907469891788666e-06
g1,idsva_so,grim_torch,1024,collection,float32,analytical,3,validated,,235503.7852,6095.236696666667,,,strict,2,0.0,0.0,0,175616000,232903.3025,235747.67033000002,6095.2093466666665,6096.933793333333,229408.54850333335,,0.0013186903961468488,1.1208490247684978e-06
g1,idsva_so,grim_torch_prealloc,16,collection,float32,analytical,3,validated,,1582.1949066666666,,,,strict,2,0.0,0.0,0,2744000,1581.8634033333333,1582.4105233333335,,,,,0.0013186903961468488,1.3572032497724847e-06
g1,idsva_so,grim_torch_prealloc,32,collection,float32,analytical,3,validated,,2091.3339666666666,,,,strict,2,0.0,0.0,0,5488000,2090.167593333333,2093.3213833333334,,,,,0.0013186903961468488,1.1991321607564765e-06
g1,idsva_so,grim_torch_prealloc,64,collection,float32,analytical,3,validated,,3115.9206066666666,,,,strict,2,0.0,0.0,0,10976000,3112.0713266666667,3116.586476666667,,,,,0.0013186903961468488,1.0759379882997464e-06
g1,idsva_so,grim_torch_prealloc,128,collection,float32,analytical,3,validated,,5311.245856666666,,,,strict,2,0.0,0.0,0,21952000,5264.977943333333,5312.48892,,,,,0.0013186903961468488,1.0901764344017035e-06
g1,idsva_so,grim_torch_prealloc,256,collection,float32,analytical,3,validated,,9931.31055,,,,strict,2,0.0,0.0,0,43904000,9930.633276666667,9931.98545,,,,,0.0013186903961468488,1.0907469891788666e-06
g1,idsva_so,grim_torch_prealloc,1024,collection,float32,analytical,3,validated,,39461.53192666666,,,,strict,2,0.0,0.0,0,175616000,39232.63879,39484.794976666664,,,,,0.0013186903961468488,1.1208490247684978e-06
g1,idsva_so,mjx,16,collection,unknown,unknown,3,excluded_method,analytical Hessian study; no finite-difference or nested-autodiff Hessian sweep,,,,,strict,2,,,0,0,,,,,,,,
g1,idsva_so,mjx,32,collection,unknown,unknown,3,excluded_method,analytical Hessian study; no finite-difference or nested-autodiff Hessian sweep,,,,,strict,2,,,0,0,,,,,,,,
g1,idsva_so,mjx,64,collection,unknown,unknown,3,excluded_method,analytical Hessian study; no finite-difference or nested-autodiff Hessian sweep,,,,,strict,2,,,0,0,,,,,,,,
g1,idsva_so,mjx,128,collection,unknown,unknown,3,excluded_method,analytical Hessian study; no finite-difference or nested-autodiff Hessian sweep,,,,,strict,2,,,0,0,,,,,,,,
g1,idsva_so,mjx,256,collection,unknown,unknown,3,excluded_method,analytical Hessian study; no finite-difference or nested-autodiff Hessian sweep,,,,,strict,2,,,0,0,,,,,,,,
g1,idsva_so,mjx,1024,collection,unknown,unknown,3,excluded_method,analytical Hessian study; no finite-difference or nested-autodiff Hessian sweep,,,,,strict,2,,,0,0,,,,,,,,
g1,idsva_so,mujoco_cpu,16,collection,unknown,unknown,3,excluded_method,analytical Hessian study; no finite-difference or nested-autodiff Hessian sweep,,,,,strict,2,,,0,0,,,,,,,,
g1,idsva_so,mujoco_cpu,32,collection,unknown,unknown,3,excluded_method,analytical Hessian study; no finite-difference or nested-autodiff Hessian sweep,,,,,strict,2,,,0,0,,,,,,,,
g1,idsva_so,mujoco_cpu,64,collection,unknown,unknown,3,excluded_method,analytical Hessian study; no finite-difference or nested-autodiff Hessian sweep,,,,,strict,2,,,0,0,,,,,,,,
g1,idsva_so,mujoco_cpu,128,collection,unknown,unknown,3,excluded_method,analytical Hessian study; no finite-difference or nested-autodiff Hessian sweep,,,,,strict,2,,,0,0,,,,,,,,
g1,idsva_so,mujoco_cpu,256,collection,unknown,unknown,3,excluded_method,analytical Hessian study; no finite-difference or nested-autodiff Hessian sweep,,,,,strict,2,,,0,0,,,,,,,,
g1,idsva_so,mujoco_cpu,1024,collection,unknown,unknown,3,excluded_method,analytical Hessian study; no finite-difference or nested-autodiff Hessian sweep,,,,,strict,2,,,0,0,,,,,,,,
g1,idsva_so,mujoco_warp,16,collection,unknown,unknown,3,excluded_method,analytical Hessian study; no finite-difference or nested-autodiff Hessian sweep,,,,,strict,2,,,0,0,,,,,,,,
g1,idsva_so,mujoco_warp,32,collection,unknown,unknown,3,excluded_method,analytical Hessian study; no finite-difference or nested-autodiff Hessian sweep,,,,,strict,2,,,0,0,,,,,,,,
g1,idsva_so,mujoco_warp,64,collection,unknown,unknown,3,excluded_method,analytical Hessian study; no finite-difference or nested-autodiff Hessian sweep,,,,,strict,2,,,0,0,,,,,,,,
g1,idsva_so,mujoco_warp,128,collection,unknown,unknown,3,excluded_method,analytical Hessian study; no finite-difference or nested-autodiff Hessian sweep,,,,,strict,2,,,0,0,,,,,,,,
g1,idsva_so,mujoco_warp,256,collection,unknown,unknown,3,excluded_method,analytical Hessian study; no finite-difference or nested-autodiff Hessian sweep,,,,,strict,2,,,0,0,,,,,,,,
g1,idsva_so,mujoco_warp,1024,collection,unknown,unknown,3,excluded_method,analytical Hessian study; no finite-difference or nested-autodiff Hessian sweep,,,,,strict,2,,,0,0,,,,,,,,
g1,idsva_so,pinocchio,16,collection,float64,analytical direct/composed,3,validated,,591.58851,,,8,strict,2,0.0,0.0,0,2744000,585.6617366666667,621.1336633333334,,,,,0.0,0.0
g1,idsva_so,pinocchio,32,collection,float64,analytical direct/composed,3,validated,,2493.14286,,,8,strict,2,0.0,0.0,0,5488000,2490.1419566666664,2549.5662866666667,,,,,0.0,0.0
g1,idsva_so,pinocchio,64,collection,float64,analytical direct/composed,3,validated,,4258.68191,,,8,strict,2,0.0,0.0,0,10976000,4051.32392,4492.242666666667,,,,,0.0,0.0
g1,idsva_so,pinocchio,128,collection,float64,analytical direct/composed,3,validated,,7588.509453333332,,,8,strict,2,0.0,0.0,0,21952000,7555.04393,7972.479490000001,,,,,0.0,0.0
g1,idsva_so,pinocchio,256,collection,float64,analytical direct/composed,3,validated,,13858.790743333331,,,8,strict,2,0.0,0.0,0,43904000,13837.110403333332,14739.152853333333,,,,,0.0,0.0
g1,idsva_so,pinocchio,1024,collection,float64,analytical direct/composed,3,validated,,52916.44603,,,8,strict,2,0.0,0.0,0,175616000,52860.8299,52921.33242666666,,,,,0.0,0.0
g1,idsva_so,pinocchio_plain,16,collection,float64,analytical direct/composed,3,validated,,613.5215433333333,,,8,strict,2,0.0,0.0,0,2744000,591.63872,626.6164699999999,,,,,0.0,0.0
g1,idsva_so,pinocchio_plain,32,collection,float64,analytical direct/composed,3,validated,,3083.9651466666664,,,8,strict,2,0.0,0.0,0,5488000,2765.40077,3096.07771,,,,,0.0,0.0
g1,idsva_so,pinocchio_plain,64,collection,float64,analytical direct/composed,3,validated,,4508.646413333334,,,8,strict,2,0.0,0.0,0,10976000,4242.507443333333,5076.681596666667,,,,,0.0,0.0
g1,idsva_so,pinocchio_plain,128,collection,float64,analytical direct/composed,3,validated,,8023.701553333333,,,8,strict,2,0.0,0.0,0,21952000,7671.012753333334,9268.796113333332,,,,,0.0,0.0
g1,idsva_so,pinocchio_plain,256,collection,float64,analytical direct/composed,3,validated,,14709.946910000002,,,8,strict,2,0.0,0.0,0,43904000,14597.727936666666,17178.04114,,,,,0.0,0.0
g1,idsva_so,pinocchio_plain,1024,collection,float64,analytical direct/composed,3,validated,,52783.47265,,,8,strict,2,0.0,0.0,0,175616000,52668.57971666667,52816.67557333334,,,,,0.0,0.0
g1,inverse_dynamics,bard,16,collection,float32,library dynamics,3,validated,,2720.89263,2653.6040266666664,,,strict,2,6.103515625e-05,3.5100342062114143e-08,0,560,2709.91082,2724.3318200000003,2645.064753333333,2670.4309200000002,67.28860333333341,,0.0005110016732032818,2.4143152591859276e-07
g1,inverse_dynamics,bard,32,collection,float32,library dynamics,3,validated,,2779.6188866666666,2719.15086,,,strict,2,6.103515625e-05,3.637282550219671e-08,0,1120,2742.1730666666663,2818.53402,2676.4612233333332,2752.4971833333334,60.46802666666645,,0.0005110016732032818,2.4003035917910114e-07
g1,inverse_dynamics,bard,64,collection,float32,library dynamics,3,validated,,2831.9559533333336,2784.8935866666666,,,strict,2,6.103515625e-05,4.008462438034167e-08,0,2240,2743.18376,2840.4295500000003,2692.68658,2813.62191,47.062366666667,,0.00038083348408690654,2.1374877571653261e-07
g1,inverse_dynamics,bard,128,collection,float32,library dynamics,3,validated,,2859.6314500000003,2797.313203333333,,,strict,2,0.0,0.0,0,4480,2830.2988233333335,2881.09295,2765.92171,2822.1419033333327,62.318246666667164,,0.00038083348408690654,1.953410669304868e-07
g1,inverse_dynamics,bard,256,collection,float32,library dynamics,3,validated,,2863.083183333333,2787.758546666667,,,strict,2,0.0,0.0,0,8960,2844.1676333333335,2893.8982033333336,2782.4357066666666,2822.12332,75.32463666666627,,0.00038083348408690654,1.8344863971425072e-07
g1,inverse_dynamics,bard,1024,collection,float32,library dynamics,3,validated,,2911.493576666667,2807.668306666667,,,strict,2,0.0,0.0,0,35840,2900.096,2936.0403433333336,2791.367243333333,2855.6129233333336,103.82527000000027,,0.00038083348408690654,1.7603674244743977e-07
g1,inverse_dynamics,frax,16,collection,unknown,unknown,3,model_mismatch,existing Frax adapter uses a six-coordinate floating base; shared quaternion fixture needs a validated conversion,,,,,strict,2,,,0,0,,,,,,,,
g1,inverse_dynamics,frax,32,collection,unknown,unknown,3,model_mismatch,existing Frax adapter uses a six-coordinate floating base; shared quaternion fixture needs a validated conversion,,,,,strict,2,,,0,0,,,,,,,,
g1,inverse_dynamics,frax,64,collection,unknown,unknown,3,model_mismatch,existing Frax adapter uses a six-coordinate floating base; shared quaternion fixture needs a validated conversion,,,,,strict,2,,,0,0,,,,,,,,
g1,inverse_dynamics,frax,128,collection,unknown,unknown,3,model_mismatch,existing Frax adapter uses a six-coordinate floating base; shared quaternion fixture needs a validated conversion,,,,,strict,2,,,0,0,,,,,,,,
g1,inverse_dynamics,frax,256,collection,unknown,unknown,3,model_mismatch,existing Frax adapter uses a six-coordinate floating base; shared quaternion fixture needs a validated conversion,,,,,strict,2,,,0,0,,,,,,,,
g1,inverse_dynamics,frax,1024,collection,unknown,unknown,3,model_mismatch,existing Frax adapter uses a six-coordinate floating base; shared quaternion fixture needs a validated conversion,,,,,strict,2,,,0,0,,,,,,,,
g1,inverse_dynamics,grim_cuda,16,collection,float32,analytical,3,validated,,50.029173583984374,40.13508331298828,,128,strict,2,0.0,0.0,0,560,49.974716389973956,50.12221669514974,40.08718282063802,40.26563751220703,9.894090270996095,,0.0003889313607032818,1.6183726451306538e-07
g1,inverse_dynamics,grim_cuda,32,collection,float32,analytical,3,validated,,50.2562065633138,39.65821756998698,,128,strict,2,0.0,0.0,0,1120,50.0799365234375,50.386316528320314,39.46720296223958,39.742160135904946,10.597988993326823,,0.0003889313607032818,1.600086509323834e-07
g1,inverse_dynamics,grim_cuda,64,collection,float32,analytical,3,validated,,50.57245615641276,39.94975921630859,,128,strict,2,0.0,0.0,0,2240,50.515852254231774,50.594072875976565,39.9271528116862,40.01093007405599,10.62269694010417,,0.0003889313607032818,1.5800107748675294e-07
g1,inverse_dynamics,grim_cuda,128,collection,float32,analytical,3,validated,,50.98234700520833,39.26827362060547,,128,strict,2,0.0,0.0,0,4480,50.90748016357422,51.098262532552084,39.15968363444011,39.349815368652344,11.714073384602862,,0.0003889313607032818,1.4767212210678252e-07
g1,inverse_dynamics,grim_cuda,256,collection,float32,analytical,3,validated,,53.62448445638021,38.2650639851888,,128,strict,2,0.0,0.0,0,8960,53.573556416829426,53.74237080891927,38.22893686930338,38.31609659830729,15.359420471191406,,0.0003889313607032818,1.4297211539801208e-07
g1,inverse_dynamics,grim_cuda,1024,collection,float32,analytical,3,validated,,106.24823048909505,72.94567657470704,,128,strict,2,0.0,0.0,0,35840,106.11207946777344,106.71506296793619,72.87885080973307,72.9518963623047,33.302553914388014,,0.0003889313607032818,1.385850488399666e-07
g1,inverse_dynamics,grim_jax,16,collection,float32,analytical,3,validated,,232.03734666666665,87.23936666666665,,,strict,2,0.0,0.0,0,560,226.80819999999997,238.92164999999997,86.71444000000001,95.8366,144.79798,,0.0003889313607032818,1.6183726451306538e-07
g1,inverse_dynamics,grim_jax,32,collection,float32,analytical,3,validated,,222.49775,78.72313666666666,,,strict,2,0.0,0.0,0,1120,218.20334333333332,227.50376666666668,73.40406666666667,83.28126333333334,143.77461333333332,,0.0003889313607032818,1.600086509323834e-07
g1,inverse_dynamics,grim_jax,64,collection,float32,analytical,3,validated,,247.9206833333334,74.56574666666667,,,strict,2,0.0,0.0,0,2240,231.33814000000004,275.16410333333334,73.77365,74.72966666666667,173.35493666666673,,0.0003889313607032818,1.5800107748675294e-07
g1,inverse_dynamics,grim_jax,128,collection,float32,analytical,3,validated,,229.6824966666667,74.03754666666667,,,strict,2,0.0,0.0,0,4480,225.31452,247.09420333333333,73.44771999999999,74.65047666666668,155.64495000000005,,0.0003889313607032818,1.4767212210678252e-07
g1,inverse_dynamics,grim_jax,256,collection,float32,analytical,3,validated,,227.57548,73.40794333333334,,,strict,2,0.0,0.0,0,8960,227.50106,384.84522333333337,72.24643333333333,84.1733,154.16753666666665,,0.0003889313607032818,1.4297211539801208e-07
g1,inverse_dynamics,grim_jax,1024,collection,float32,analytical,3,validated,,325.7416866666666,113.12851666666667,,,strict,2,0.0,0.0,0,35840,321.5758666666667,526.6733266666666,108.80559666666667,188.1042633333333,212.61316999999997,,0.0003889313607032818,1.385850488399666e-07
g1,inverse_dynamics,grim_jax_prealloc,16,collection,float32,analytical,3,validated,,228.69184333333334,,,,strict,2,0.0,0.0,0,560,221.47666666666666,263.13387,,,,,0.0003889313607032818,1.6183726451306538e-07
g1,inverse_dynamics,grim_jax_prealloc,32,collection,float32,analytical,3,validated,,255.45968666666667,,,,strict,2,0.0,0.0,0,1120,233.83719333333332,277.0629533333333,,,,,0.0003889313607032818,1.600086509323834e-07
g1,inverse_dynamics,grim_jax_prealloc,64,collection,float32,analytical,3,validated,,295.21084666666667,,,,strict,2,0.0,0.0,0,2240,252.25557333333336,344.91326000000004,,,,,0.0003889313607032818,1.5800107748675294e-07
g1,inverse_dynamics,grim_jax_prealloc,128,collection,float32,analytical,3,validated,,361.5480166666667,,,,strict,2,0.0,0.0,0,4480,304.48385333333334,374.93291666666664,,,,,0.0003889313607032818,1.4767212210678252e-07
g1,inverse_dynamics,grim_jax_prealloc,256,collection,float32,analytical,3,validated,,325.46210666666667,,,,strict,2,0.0,0.0,0,8960,252.38319666666666,342.97784,,,,,0.0003889313607032818,1.4297211539801208e-07
g1,inverse_dynamics,grim_jax_prealloc,1024,collection,float32,analytical,3,validated,,628.41352,,,,strict,2,0.0,0.0,0,35840,320.26707,656.7261866666666,,,,,0.0003889313607032818,1.385850488399666e-07
g1,inverse_dynamics,grim_native,16,collection,float32,analytical,3,validated,,50.670550000000006,,,,strict,2,0.0,0.0,0,560,50.65894333333333,50.730560000000004,,,,,0.0003889313607032818,1.6183726451306538e-07
g1,inverse_dynamics,grim_native,32,collection,float32,analytical,3,validated,,51.2853,,,,strict,2,0.0,0.0,0,1120,51.04595,51.33121,,,,,0.0003889313607032818,1.600086509323834e-07
g1,inverse_dynamics,grim_native,64,collection,float32,analytical,3,validated,,54.52795,,,,strict,2,0.0,0.0,0,2240,54.47060666666666,54.531983333333336,,,,,0.0003889313607032818,1.5800107748675294e-07
g1,inverse_dynamics,grim_native,128,collection,float32,analytical,3,validated,,58.65183,,,,strict,2,0.0,0.0,0,4480,58.59419333333334,58.74697666666667,,,,,0.0003889313607032818,1.4767212210678252e-07
g1,inverse_dynamics,grim_native,256,collection,float32,analytical,3,validated,,71.8459,,,,strict,2,0.0,0.0,0,8960,71.47953333333334,72.06962666666666,,,,,0.0003889313607032818,1.4297211539801208e-07
g1,inverse_dynamics,grim_native,1024,collection,float32,analytical,3,validated,,150.45418666666666,,,,strict,2,0.0,0.0,0,35840,150.43733999999998,156.62447333333333,,,,,0.0003889313607032818,1.385850488399666e-07
g1,inverse_dynamics,grim_numpy,16,collection,float32,analytical,3,validated,,52.675106666666665,,,,strict,2,0.0,0.0,0,560,52.64277333333334,52.694900000000004,,,,,0.0003889313607032818,1.6183726451306538e-07
g1,inverse_dynamics,grim_numpy,32,collection,float32,analytical,3,validated,,53.0535,,,,strict,2,0.0,0.0,0,1120,53.031043333333336,53.08586,,,,,0.0003889313607032818,1.600086509323834e-07
g1,inverse_dynamics,grim_numpy,64,collection,float32,analytical,3,validated,,56.45555999999999,,,,strict,2,0.0,0.0,0,2240,56.37872000000001,56.46104666666666,,,,,0.0003889313607032818,1.5800107748675294e-07
g1,inverse_dynamics,grim_numpy,128,collection,float32,analytical,3,validated,,60.80481333333333,,,,strict,2,0.0,0.0,0,4480,60.547223333333335,60.918396666666666,,,,,0.0003889313607032818,1.4767212210678252e-07
g1,inverse_dynamics,grim_numpy,256,collection,float32,analytical,3,validated,,74.03264666666668,,,,strict,2,0.0,0.0,0,8960,73.04323666666666,74.0841,,,,,0.0003889313607032818,1.4297211539801208e-07
g1,inverse_dynamics,grim_numpy,1024,collection,float32,analytical,3,validated,,153.11255666666668,,,,strict,2,0.0,0.0,0,35840,152.32296333333335,153.9200833333333,,,,,0.0003889313607032818,1.385850488399666e-07
g1,inverse_dynamics,grim_numpy_prealloc,16,collection,unknown,unknown,3,not_applicable,NumPy out= exists for the gradient and second-order outputs; this operation's default call is its only host path,,,,,strict,2,,,0,0,,,,,,,,
g1,inverse_dynamics,grim_numpy_prealloc,32,collection,unknown,unknown,3,not_applicable,NumPy out= exists for the gradient and second-order outputs; this operation's default call is its only host path,,,,,strict,2,,,0,0,,,,,,,,
g1,inverse_dynamics,grim_numpy_prealloc,64,collection,unknown,unknown,3,not_applicable,NumPy out= exists for the gradient and second-order outputs; this operation's default call is its only host path,,,,,strict,2,,,0,0,,,,,,,,
g1,inverse_dynamics,grim_numpy_prealloc,128,collection,unknown,unknown,3,not_applicable,NumPy out= exists for the gradient and second-order outputs; this operation's default call is its only host path,,,,,strict,2,,,0,0,,,,,,,,
g1,inverse_dynamics,grim_numpy_prealloc,256,collection,unknown,unknown,3,not_applicable,NumPy out= exists for the gradient and second-order outputs; this operation's default call is its only host path,,,,,strict,2,,,0,0,,,,,,,,
g1,inverse_dynamics,grim_numpy_prealloc,1024,collection,unknown,unknown,3,not_applicable,NumPy out= exists for the gradient and second-order outputs; this operation's default call is its only host path,,,,,strict,2,,,0,0,,,,,,,,
g1,inverse_dynamics,grim_torch,16,collection,float32,analytical,3,validated,,83.52552000000001,54.32437666666667,,,strict,2,0.0,0.0,0,560,83.34788999999999,83.89705000000001,54.24232666666667,54.38085666666667,29.20114333333334,,0.0003889313607032818,1.6183726451306538e-07
g1,inverse_dynamics,grim_torch,32,collection,float32,analytical,3,validated,,84.29871,53.92041,,,strict,2,0.0,0.0,0,1120,84.26117,84.83819333333334,53.865993333333336,53.97706333333333,30.378300000000003,,0.0003889313607032818,1.600086509323834e-07
g1,inverse_dynamics,grim_torch,64,collection,float32,analytical,3,validated,,86.06445333333333,54.00346666666667,,,strict,2,0.0,0.0,0,2240,86.02858666666667,86.51285000000001,54.001720000000006,54.20096,32.060986666666665,,0.0003889313607032818,1.5800107748675294e-07
g1,inverse_dynamics,grim_torch,128,collection,float32,analytical,3,validated,,87.65142,53.57247,,,strict,2,0.0,0.0,0,4480,87.54334333333334,88.09829333333333,53.32469666666667,53.608940000000004,34.07895,,0.0003889313607032818,1.4767212210678252e-07
g1,inverse_dynamics,grim_torch,256,collection,float32,analytical,3,validated,,93.56723333333333,52.33595,,,strict,2,0.0,0.0,0,8960,92.33504333333333,94.68943999999999,51.94928333333333,53.84797666666667,41.23128333333334,,0.0003889313607032818,1.4297211539801208e-07
g1,inverse_dynamics,grim_torch,1024,collection,float32,analytical,3,validated,,151.7769,87.54942,,,strict,2,0.0,0.0,0,35840,149.86326,154.89952333333332,87.49722666666668,89.40617333333334,64.22748000000001,,0.0003889313607032818,1.385850488399666e-07
g1,inverse_dynamics,grim_torch_prealloc,16,collection,float32,analytical,3,validated,,71.18034,,,,strict,2,0.0,0.0,0,560,71.02606000000002,71.82557333333334,,,,,0.0003889313607032818,1.6183726451306538e-07
g1,inverse_dynamics,grim_torch_prealloc,32,collection,float32,analytical,3,validated,,70.86911333333332,,,,strict,2,0.0,0.0,0,1120,70.34553,70.87095000000001,,,,,0.0003889313607032818,1.600086509323834e-07
g1,inverse_dynamics,grim_torch_prealloc,64,collection,float32,analytical,3,validated,,71.33108,,,,strict,2,0.0,0.0,0,2240,71.10747,71.56729,,,,,0.0003889313607032818,1.5800107748675294e-07
g1,inverse_dynamics,grim_torch_prealloc,128,collection,float32,analytical,3,validated,,67.75858666666666,,,,strict,2,0.0,0.0,0,4480,65.92160666666666,68.04016333333333,,,,,0.0003889313607032818,1.4767212210678252e-07
g1,inverse_dynamics,grim_torch_prealloc,256,collection,float32,analytical,3,validated,,63.11255666666666,,,,strict,2,0.0,0.0,0,8960,63.049319999999994,63.43295666666666,,,,,0.0003889313607032818,1.4297211539801208e-07
g1,inverse_dynamics,grim_torch_prealloc,1024,collection,float32,analytical,3,validated,,103.53868666666666,,,,strict,2,0.0,0.0,0,35840,103.36596333333334,104.21559,,,,,0.0003889313607032818,1.385850488399666e-07
g1,inverse_dynamics,mjx,16,collection,float32,simulator,3,validated,,418.1213666666667,279.64842,,,strict,2,0.0003662109375,1.371574135422515e-07,0,560,415.1750333333333,500.48350666666664,224.48251,344.61656,138.4729466666667,,0.0006382578519605886,2.430833264972463e-07
g1,inverse_dynamics,mjx,32,collection,float32,simulator,3,validated,,641.8610399999999,403.1523833333333,,,strict,2,0.00048828125,1.7389631261898024e-07,0,1120,555.9650566666667,678.42205,275.1766433333333,520.0790633333332,238.70865666666657,,0.0006382578519605886,2.243433621135997e-07
g1,inverse_dynamics,mjx,64,collection,float32,simulator,3,validated,,499.2278533333333,325.7008833333333,,,strict,2,0.000244140625,1.0732227489758211e-07,0,2240,438.0620666666666,584.8905866666665,218.99155999999996,475.9541433333333,173.52697,,0.0005161875394605886,1.8998497543085536e-07
g1,inverse_dynamics,mjx,128,collection,float32,simulator,3,validated,,615.5948233333332,342.53233666666665,,,strict,2,0.0003662109375,8.349720453995105e-08,0,4480,521.13678,692.2392566666666,301.14879666666667,418.92093,273.0624866666666,,0.000495764211734695,1.8990033324403775e-07
g1,inverse_dynamics,mjx,256,collection,float32,simulator,3,validated,,720.2203333333332,452.70176666666674,,,strict,2,0.00048828125,1.0171730245243288e-07,0,8960,543.4678933333333,742.7204166666667,288.2436000000001,556.4795466666667,267.51856666666646,,0.000556799367984695,1.8383515131011416e-07
g1,inverse_dynamics,mjx,1024,collection,float32,simulator,3,validated,,911.8913166666667,500.48569666666657,,,strict,2,0.00030517578125,6.840440655279838e-08,0,35840,891.5322033333332,973.5598233333333,480.5675866666666,550.83363,411.40562000000017,,0.000495764211734695,1.4424291255941981e-07
g1,inverse_dynamics,mujoco_cpu,16,collection,float64,simulator,3,validated,,81.94991333333334,,,,strict,2,0.0,0.0,0,560,81.68841666666667,81.98902999999999,,,,,0.0003114599564923992,1.144305385130119e-07
g1,inverse_dynamics,mujoco_cpu,32,collection,float64,simulator,3,validated,,164.86984666666666,,,,strict,2,0.0,0.0,0,1120,163.15101333333334,165.15736666666666,,,,,0.0003114599564923992,1.0861396173504017e-07
g1,inverse_dynamics,mujoco_cpu,64,collection,float64,simulator,3,validated,,338.90359666666666,,,,strict,2,0.0,0.0,0,2240,338.7307133333333,341.0946666666667,,,,,0.0003114599564923992,1.0023181960127017e-07
g1,inverse_dynamics,mujoco_cpu,128,collection,float64,simulator,3,validated,,706.2738866666667,,,,strict,2,0.0,0.0,0,4480,703.27174,707.2532433333333,,,,,0.0003114599564923992,8.941803661966814e-08
g1,inverse_dynamics,mujoco_cpu,256,collection,float64,simulator,3,validated,,1433.0021533333331,,,,strict,2,0.0,0.0,0,8960,1425.6886400000003,1437.89027,,,,,0.0003114599564923992,7.8042871863592e-08
g1,inverse_dynamics,mujoco_cpu,1024,collection,float64,simulator,3,validated,,8276.90112,,,,strict,2,0.0,0.0,0,35840,8224.511546666665,8405.313799999998,,,,,0.0003114599564923992,6.559954585898466e-08
g1,inverse_dynamics,mujoco_warp,16,collection,float32,simulator,3,validated,,248.37159666666668,212.80163666666667,1050.9432133333332,,strict,2,3.0517578125e-05,1.1948312370951421e-08,0,560,244.54452333333336,248.47417000000002,211.84961666666666,212.84610666666666,35.56996000000001,,0.0004421632384037366,2.0095208561602594e-07
g1,inverse_dynamics,mujoco_warp,32,collection,float32,simulator,3,validated,,255.15201333333334,224.06186666666665,1062.8676500000001,,strict,2,6.103515625e-05,1.601855360051523e-08,0,1120,254.1234033333333,255.29778333333334,223.94173,224.19952333333333,31.090146666666698,,0.0004421632384037366,1.9456342329946153e-07
g1,inverse_dynamics,mujoco_warp,64,collection,float32,simulator,3,validated,,274.37556,241.25424333333328,1066.2893066666668,,strict,2,6.103515625e-05,2.0593489300419245e-08,0,2240,272.68878666666666,275.5503,240.99910666666668,241.85962666666668,33.12131666666673,,0.0004421632384037366,1.844355881140315e-07
g1,inverse_dynamics,mujoco_warp,128,collection,float32,simulator,3,validated,,301.05983999999995,264.1955666666667,1085.56951,,strict,2,6.103515625e-05,2.2863955890479574e-08,0,4480,299.72924,301.06846666666667,263.93318999999997,264.20316,36.864273333333244,,0.0004421632384037366,1.741831053457132e-07
g1,inverse_dynamics,mujoco_warp,256,collection,float32,simulator,3,validated,,326.06477333333333,286.8179733333333,1048.8902633333335,,strict,2,9.1552734375e-05,2.6936999044900576e-08,0,8960,325.71141,327.4039433333333,286.51421000000005,290.257,39.24680000000001,,0.0004421632384037366,1.640016302228048e-07
g1,inverse_dynamics,mujoco_warp,1024,collection,float32,simulator,3,validated,,369.41866999999996,314.41661,1037.51335,,strict,2,9.1552734375e-05,2.448745057747605e-08,0,35840,369.33952000000005,371.77720666666664,314.1615433333333,314.85021,55.00205999999997,,0.0004421632384037366,1.5268393292291165e-07
g1,inverse_dynamics,pinocchio,16,collection,float32,codegen,3,validated,,12.823536666666666,,,8,strict,2,0.0,0.0,0,560,12.778796666666665,12.94077,,,,,0.00044360466040416213,1.4691614016324148e-07
g1,inverse_dynamics,pinocchio,32,collection,float32,codegen,3,validated,,14.659500000000001,,,8,strict,2,0.0,0.0,0,1120,14.571536666666665,14.82528,,,,,0.00044360466040416213,1.484137671154163e-07
g1,inverse_dynamics,pinocchio,64,collection,float32,codegen,3,validated,,19.130836666666667,,,8,strict,2,0.0,0.0,0,2240,19.11478,19.138753333333334,,,,,0.00044360466040416213,1.411270104661549e-07
g1,inverse_dynamics,pinocchio,128,collection,float32,codegen,3,validated,,28.28838666666667,,,8,strict,2,0.0,0.0,0,4480,28.195193333333336,28.54501,,,,,0.00044360466040416213,1.360115464419199e-07
g1,inverse_dynamics,pinocchio,256,collection,float32,codegen,3,validated,,45.67529666666667,,,8,strict,2,0.0,0.0,0,8960,45.37379333333333,45.74631,,,,,0.00044360466040416213,1.326888071308544e-07
g1,inverse_dynamics,pinocchio,1024,collection,float32,codegen,3,validated,,325.29274333333336,,,8,strict,2,0.0,0.0,0,35840,309.3914933333333,337.1829333333333,,,,,0.00044360466040416213,1.3010507307692905e-07
g1,inverse_dynamics,pinocchio_plain,16,collection,float32,standard Pinocchio API (no codegen),3,validated,,14.225156666666669,,,8,strict,2,0.0,0.0,0,560,14.187373333333332,14.344129999999998,,,,,0.00038083348408690654,1.5923931930896287e-07
g1,inverse_dynamics,pinocchio_plain,32,collection,float32,standard Pinocchio API (no codegen),3,validated,,18.41301,,,8,strict,2,0.0,0.0,0,1120,18.40544,18.511956666666666,,,,,0.00038083348408690654,1.5887148890377615e-07
g1,inverse_dynamics,pinocchio_plain,64,collection,float32,standard Pinocchio API (no codegen),3,validated,,27.091256666666666,,,8,strict,2,0.0,0.0,0,2240,26.689653333333332,27.205696666666668,,,,,0.00038083348408690654,1.540682376644243e-07
g1,inverse_dynamics,pinocchio_plain,128,collection,float32,standard Pinocchio API (no codegen),3,validated,,43.674929999999996,,,8,strict,2,0.0,0.0,0,4480,43.63351333333333,44.16330000000001,,,,,0.00038083348408690654,1.4583431132041477e-07
g1,inverse_dynamics,pinocchio_plain,256,collection,float32,standard Pinocchio API (no codegen),3,validated,,77.21029,,,8,strict,2,0.0,0.0,0,8960,77.11196333333334,77.25377999999999,,,,,0.00038083348408690654,1.4050971027955344e-07
g1,inverse_dynamics,pinocchio_plain,1024,collection,float32,standard Pinocchio API (no codegen),3,validated,,429.44053,,,8,strict,2,0.0,0.0,0,35840,362.28028666666665,439.95879333333335,,,,,0.00038083348408690654,1.3290362147068166e-07
g1,inverse_dynamics_gradient,bard,16,collection,unknown,unknown,3,adapter_pending,selected operation not wired; not a library capability claim,,,,,strict,2,,,0,0,,,,,,,,
g1,inverse_dynamics_gradient,bard,32,collection,unknown,unknown,3,adapter_pending,selected operation not wired; not a library capability claim,,,,,strict,2,,,0,0,,,,,,,,
g1,inverse_dynamics_gradient,bard,64,collection,unknown,unknown,3,adapter_pending,selected operation not wired; not a library capability claim,,,,,strict,2,,,0,0,,,,,,,,
g1,inverse_dynamics_gradient,bard,128,collection,unknown,unknown,3,adapter_pending,selected operation not wired; not a library capability claim,,,,,strict,2,,,0,0,,,,,,,,
g1,inverse_dynamics_gradient,bard,256,collection,unknown,unknown,3,adapter_pending,selected operation not wired; not a library capability claim,,,,,strict,2,,,0,0,,,,,,,,
g1,inverse_dynamics_gradient,bard,1024,collection,unknown,unknown,3,adapter_pending,selected operation not wired; not a library capability claim,,,,,strict,2,,,0,0,,,,,,,,
g1,inverse_dynamics_gradient,frax,16,collection,unknown,unknown,3,model_mismatch,existing Frax adapter uses a six-coordinate floating base; shared quaternion fixture needs a validated conversion,,,,,strict,2,,,0,0,,,,,,,,
g1,inverse_dynamics_gradient,frax,32,collection,unknown,unknown,3,model_mismatch,existing Frax adapter uses a six-coordinate floating base; shared quaternion fixture needs a validated conversion,,,,,strict,2,,,0,0,,,,,,,,
g1,inverse_dynamics_gradient,frax,64,collection,unknown,unknown,3,model_mismatch,existing Frax adapter uses a six-coordinate floating base; shared quaternion fixture needs a validated conversion,,,,,strict,2,,,0,0,,,,,,,,
g1,inverse_dynamics_gradient,frax,128,collection,unknown,unknown,3,model_mismatch,existing Frax adapter uses a six-coordinate floating base; shared quaternion fixture needs a validated conversion,,,,,strict,2,,,0,0,,,,,,,,
g1,inverse_dynamics_gradient,frax,256,collection,unknown,unknown,3,model_mismatch,existing Frax adapter uses a six-coordinate floating base; shared quaternion fixture needs a validated conversion,,,,,strict,2,,,0,0,,,,,,,,
g1,inverse_dynamics_gradient,frax,1024,collection,unknown,unknown,3,model_mismatch,existing Frax adapter uses a six-coordinate floating base; shared quaternion fixture needs a validated conversion,,,,,strict,2,,,0,0,,,,,,,,
g1,inverse_dynamics_gradient,grim_cuda,16,collection,float32,analytical,3,validated,,139.34090545654297,125.66412241617839,,256,strict,2,0.0,0.0,0,39200,139.2397432454427,139.82807474772136,125.5887212117513,126.2144644165039,13.676783040364583,,0.00041309237940367893,3.103948827010474e-07
g1,inverse_dynamics_gradient,grim_cuda,32,collection,float32,analytical,3,validated,,143.44375651041668,124.82089579264323,,256,strict,2,0.0,0.0,0,78400,142.9984866333008,143.58011983235676,124.66796844482423,125.34069651285807,18.62286071777345,,0.00041309237940367893,2.78921204274525e-07
g1,inverse_dynamics_gradient,grim_cuda,64,collection,float32,analytical,3,validated,,165.5092927042643,125.60123657226562,,256,strict,2,0.0,0.0,0,156800,164.93945922851563,166.5836939493815,125.32489562988282,125.79382904052734,39.90805613199869,,0.00041309237940367893,2.4312182798634174e-07
g1,inverse_dynamics_gradient,grim_cuda,128,collection,float32,analytical,3,validated,,205.44040018717448,136.0845703125,,256,strict,2,0.0,0.0,0,313600,204.4917290242513,206.12884094238282,135.79041727701824,136.31930246988932,69.35582987467447,,0.00041309237940367893,2.0789608477954394e-07
g1,inverse_dynamics_gradient,grim_cuda,256,collection,float32,analytical,3,validated,,304.7638624064128,172.51453002929688,,256,strict,2,0.0,0.0,0,627200,304.17693990071615,305.1084934488932,172.35452341715495,174.5605667114258,132.2493323771159,,0.00041309237940367893,1.8559624847904403e-07
g1,inverse_dynamics_gradient,grim_cuda,1024,collection,float32,analytical,3,validated,,1132.050114847819,648.6432368977864,,256,strict,2,0.0,0.0,0,2508800,1131.069387105306,1134.4645500691731,648.0159855143229,649.6094169108073,483.4068779500326,,0.00041309237940367893,1.6071306790060513e-07
g1,inverse_dynamics_gradient,grim_jax,16,collection,float32,analytical,3,validated,,350.4339366666667,193.4493666666667,,,strict,2,0.0,0.0,0,39200,347.92777666666666,365.72795,147.93769,232.22455999999997,156.98457,,0.00041309237940367893,3.103948827010474e-07
g1,inverse_dynamics_gradient,grim_jax,32,collection,float32,analytical,3,validated,,390.48588,138.67295666666666,,,strict,2,0.0,0.0,0,78400,349.9674133333333,451.07197,130.67071666666666,364.24703999999997,251.81292333333334,,0.00041309237940367893,2.78921204274525e-07
g1,inverse_dynamics_gradient,grim_jax,64,collection,float32,analytical,3,validated,,560.20787,143.96857,,,strict,2,0.0,0.0,0,156800,471.1515299999999,611.1033066666668,140.10462333333334,259.49058,416.23929999999996,,0.00041309237940367893,2.4312182798634174e-07
g1,inverse_dynamics_gradient,grim_jax,128,collection,float32,analytical,3,validated,,679.91353,340.50687,,,strict,2,0.0,0.0,0,313600,624.6660866666666,936.5416466666667,240.14548,369.9556533333333,339.40666000000004,,0.00041309237940367893,2.0789608477954394e-07
g1,inverse_dynamics_gradient,grim_jax,256,collection,float32,analytical,3,validated,,1024.5211299999999,433.4524866666667,,,strict,2,0.0,0.0,0,627200,965.4748,1350.6223733333331,290.73859666666664,438.3659266666666,591.0686433333332,,0.00041309237940367893,1.8559624847904403e-07
g1,inverse_dynamics_gradient,grim_jax,1024,collection,float32,analytical,3,validated,,2650.0028766666665,1018.5276033333334,,,strict,2,0.0,0.0,0,2508800,2474.8941800000002,2933.5611133333337,858.87797,1173.1179466666667,1631.475273333333,,0.00041309237940367893,1.6071306790060513e-07
g1,inverse_dynamics_gradient,grim_jax_prealloc,16,collection,float32,analytical,3,validated,,326.82559333333336,,,,strict,2,0.0,0.0,0,39200,326.3095666666667,422.39449666666667,,,,,0.00041309237940367893,3.103948827010474e-07
g1,inverse_dynamics_gradient,grim_jax_prealloc,32,collection,float32,analytical,3,validated,,326.95582333333334,,,,strict,2,0.0,0.0,0,78400,325.3795366666667,426.0684733333334,,,,,0.00041309237940367893,2.78921204274525e-07
g1,inverse_dynamics_gradient,grim_jax_prealloc,64,collection,float32,analytical,3,validated,,418.18734333333333,,,,strict,2,0.0,0.0,0,156800,350.64186333333333,488.76676999999995,,,,,0.00041309237940367893,2.4312182798634174e-07
g1,inverse_dynamics_gradient,grim_jax_prealloc,128,collection,float32,analytical,3,validated,,520.8317133333334,,,,strict,2,0.0,0.0,0,313600,516.2881766666666,673.1847466666667,,,,,0.00041309237940367893,2.0789608477954394e-07
g1,inverse_dynamics_gradient,grim_jax_prealloc,256,collection,float32,analytical,3,validated,,755.1437433333334,,,,strict,2,0.0,0.0,0,627200,665.5059366666666,785.5731,,,,,0.00041309237940367893,1.8559624847904403e-07
g1,inverse_dynamics_gradient,grim_jax_prealloc,1024,collection,float32,analytical,3,validated,,1790.39054,,,,strict,2,0.0,0.0,0,2508800,1780.7257200000001,1889.0118266666666,,,,,0.00041309237940367893,1.6071306790060513e-07
g1,inverse_dynamics_gradient,grim_native,16,collection,float32,analytical,3,validated,,150.12159666666668,,,,strict,2,0.0,0.0,0,39200,149.64452,151.25734666666665,,,,,0.00041309237940367893,3.103948827010474e-07
g1,inverse_dynamics_gradient,grim_native,32,collection,float32,analytical,3,validated,,168.75109333333336,,,,strict,2,0.0,0.0,0,78400,168.65676,169.9925333333333,,,,,0.00041309237940367893,2.78921204274525e-07
g1,inverse_dynamics_gradient,grim_native,64,collection,float32,analytical,3,validated,,203.83783,,,,strict,2,0.0,0.0,0,156800,202.73153000000002,215.37025333333332,,,,,0.00041309237940367893,2.4312182798634174e-07
g1,inverse_dynamics_gradient,grim_native,128,collection,float32,analytical,3,validated,,270.32435000000004,,,,strict,2,0.0,0.0,0,313600,269.7182066666667,270.65313000000003,,,,,0.00041309237940367893,2.0789608477954394e-07
g1,inverse_dynamics_gradient,grim_native,256,collection,float32,analytical,3,validated,,397.20327,,,,strict,2,0.0,0.0,0,627200,394.85242,400.6110366666666,,,,,0.00041309237940367893,1.8559624847904403e-07
g1,inverse_dynamics_gradient,grim_native,1024,collection,float32,analytical,3,validated,,1374.51179,,,,strict,2,0.0,0.0,0,2508800,1371.9199866666665,1376.3209233333334,,,,,0.00041309237940367893,1.6071306790060513e-07
g1,inverse_dynamics_gradient,grim_numpy,16,collection,float32,analytical,3,validated,,164.65645999999998,,,,strict,2,0.0,0.0,0,39200,164.52160666666668,165.86188333333334,,,,,0.00041309237940367893,3.103948827010474e-07
g1,inverse_dynamics_gradient,grim_numpy,32,collection,float32,analytical,3,validated,,195.53631333333334,,,,strict,2,0.0,0.0,0,78400,195.11546666666666,199.07126,,,,,0.00041309237940367893,2.78921204274525e-07
g1,inverse_dynamics_gradient,grim_numpy,64,collection,float32,analytical,3,validated,,247.15767000000002,,,,strict,2,0.0,0.0,0,156800,247.08387333333332,248.57410333333334,,,,,0.00041309237940367893,2.4312182798634174e-07
g1,inverse_dynamics_gradient,grim_numpy,128,collection,float32,analytical,3,validated,,362.86692999999997,,,,strict,2,0.0,0.0,0,313600,362.03824333333336,368.1255966666667,,,,,0.00041309237940367893,2.0789608477954394e-07
g1,inverse_dynamics_gradient,grim_numpy,256,collection,float32,analytical,3,validated,,581.3187933333332,,,,strict,2,0.0,0.0,0,627200,580.26998,588.7834233333333,,,,,0.00041309237940367893,1.8559624847904403e-07
g1,inverse_dynamics_gradient,grim_numpy,1024,collection,float32,analytical,3,validated,,2790.99976,,,,strict,2,0.0,0.0,0,2508800,2146.078756666667,2867.388953333333,,,,,0.00041309237940367893,1.6071306790060513e-07
g1,inverse_dynamics_gradient,grim_numpy_prealloc,16,collection,float32,analytical,3,validated,,141.86785666666668,,,,strict,2,0.0,0.0,0,39200,141.86580999999998,142.30868666666666,,,,,0.00041309237940367893,3.103948827010474e-07
g1,inverse_dynamics_gradient,grim_numpy_prealloc,32,collection,float32,analytical,3,validated,,146.55851333333334,,,,strict,2,0.0,0.0,0,78400,146.37394,146.64405666666664,,,,,0.00041309237940367893,2.78921204274525e-07
g1,inverse_dynamics_gradient,grim_numpy_prealloc,64,collection,float32,analytical,3,validated,,170.72066666666666,,,,strict,2,0.0,0.0,0,156800,170.49339,170.90979000000002,,,,,0.00041309237940367893,2.4312182798634174e-07
g1,inverse_dynamics_gradient,grim_numpy_prealloc,128,collection,float32,analytical,3,validated,,211.76199333333332,,,,strict,2,0.0,0.0,0,313600,211.18439333333333,212.38559666666666,,,,,0.00041309237940367893,2.0789608477954394e-07
g1,inverse_dynamics_gradient,grim_numpy_prealloc,256,collection,float32,analytical,3,validated,,320.28485,,,,strict,2,0.0,0.0,0,627200,320.10346666666663,320.31305999999995,,,,,0.00041309237940367893,1.8559624847904403e-07
g1,inverse_dynamics_gradient,grim_numpy_prealloc,1024,collection,float32,analytical,3,validated,,1175.7441366666667,,,,strict,2,0.0,0.0,0,2508800,1172.1200566666666,1177.1552266666665,,,,,0.00041309237940367893,1.6071306790060513e-07
g1,inverse_dynamics_gradient,grim_torch,16,collection,float32,analytical,3,validated,,154.27921666666666,104.75425666666666,,,strict,2,0.0,0.0,0,39200,153.8246433333333,154.34951666666666,104.6984,104.81971666666666,49.52495999999999,,0.00041309237940367893,3.103948827010474e-07
g1,inverse_dynamics_gradient,grim_torch,32,collection,float32,analytical,3,validated,,176.58252666666667,104.91844333333333,,,strict,2,0.0,0.0,0,78400,175.29761,176.63337666666666,104.90699333333333,105.03983666666667,71.66408333333334,,0.00041309237940367893,2.78921204274525e-07
g1,inverse_dynamics_gradient,grim_torch,64,collection,float32,analytical,3,validated,,206.26589666666666,104.59504666666668,,,strict,2,0.0,0.0,0,156800,205.30243,207.98661666666666,104.54711666666667,104.7555,101.67084999999999,,0.00041309237940367893,2.4312182798634174e-07
g1,inverse_dynamics_gradient,grim_torch,128,collection,float32,analytical,3,validated,,287.0061333333333,120.41114333333331,,,strict,2,0.0,0.0,0,313600,280.9082866666667,291.79854666666665,120.22630666666667,120.62927666666666,166.59499,,0.00041309237940367893,2.0789608477954394e-07
g1,inverse_dynamics_gradient,grim_torch,256,collection,float32,analytical,3,validated,,466.61073000000005,217.05827666666667,,,strict,2,0.0,0.0,0,627200,457.44947999999994,468.9219433333333,216.95155,217.14793666666665,249.55245333333337,,0.00041309237940367893,1.8559624847904403e-07
g1,inverse_dynamics_gradient,grim_torch,1024,collection,float32,analytical,3,validated,,3321.6278733333334,667.6071099999999,,,strict,2,0.0,0.0,0,2508800,3276.8735466666667,3502.5955966666666,667.41434,667.6252533333334,2654.0207633333334,,0.00041309237940367893,1.6071306790060513e-07
g1,inverse_dynamics_gradient,grim_torch_prealloc,16,collection,float32,analytical,3,validated,,122.96582666666667,,,,strict,2,0.0,0.0,0,39200,121.93853333333333,125.07775666666669,,,,,0.00041309237940367893,3.103948827010474e-07
g1,inverse_dynamics_gradient,grim_torch_prealloc,32,collection,float32,analytical,3,validated,,127.07467,,,,strict,2,0.0,0.0,0,78400,126.22642,129.07973333333337,,,,,0.00041309237940367893,2.78921204274525e-07
g1,inverse_dynamics_gradient,grim_torch_prealloc,64,collection,float32,analytical,3,validated,,147.49079333333333,,,,strict,2,0.0,0.0,0,156800,147.3459433333333,149.99556666666666,,,,,0.00041309237940367893,2.4312182798634174e-07
g1,inverse_dynamics_gradient,grim_torch_prealloc,128,collection,float32,analytical,3,validated,,190.02371333333335,,,,strict,2,0.0,0.0,0,313600,190.00058666666666,193.17300666666668,,,,,0.00041309237940367893,2.0789608477954394e-07
g1,inverse_dynamics_gradient,grim_torch_prealloc,256,collection,float32,analytical,3,validated,,345.44807000000003,,,,strict,2,0.0,0.0,0,627200,344.88539333333335,348.45855,,,,,0.00041309237940367893,1.8559624847904403e-07
g1,inverse_dynamics_gradient,grim_torch_prealloc,1024,collection,float32,analytical,3,validated,,1143.5275733333333,,,,strict,2,0.0,0.0,0,2508800,1143.1591866666668,1143.81331,,,,,0.00041309237940367893,1.6071306790060513e-07
g1,inverse_dynamics_gradient,mjx,16,collection,float32,autodiff,3,validated,,1404.9191999999998,1083.7384166666668,,,strict,2,0.0003662109375,2.0056169270135663e-07,0,39200,1236.7868366666669,1538.00206,769.9639633333334,1221.7910333333332,321.180783333333,,0.0007347056742048608,5.688120955139312e-07
g1,inverse_dynamics_gradient,mjx,32,collection,float32,autodiff,3,validated,,1837.5545633333331,1592.6031066666665,,,strict,2,0.0002899169921875,2.0729166932424076e-07,0,78400,1731.7245666666668,1922.2393933333333,1493.6236566666664,1641.9826866666665,244.95145666666667,,0.0007347056742048608,5.480532062791746e-07
g1,inverse_dynamics_gradient,mjx,64,collection,float32,autodiff,3,validated,,1999.64309,1699.1260366666666,,,strict,2,0.0008697509765625,3.661436784548293e-07,0,156800,1935.987593333333,2109.947873333333,1425.4941433333333,1759.1141699999998,300.5170533333335,,0.0007652232523298608,5.553380402493624e-07
g1,inverse_dynamics_gradient,mjx,128,collection,float32,autodiff,3,validated,,3040.4786766666666,2568.94081,,,strict,2,0.000823974609375,3.3106014263810114e-07,0,313600,2813.33205,3108.211646666667,2532.448953333333,2608.5625233333335,471.53786666666656,,0.000730150499634874,5.378260403202592e-07
g1,inverse_dynamics_gradient,mjx,256,collection,float32,autodiff,3,validated,,3522.7552300000007,2798.028886666667,,,strict,2,0.0003814697265625,2.510852491155859e-07,0,627200,3250.52083,3524.058676666667,2740.51606,2962.0116566666666,724.7263433333337,,0.000722521105103624,5.36244066913415e-07
g1,inverse_dynamics_gradient,mjx,1024,collection,float32,autodiff,3,validated,,8492.892539999999,7750.717356666668,,,strict,2,0.0006256103515625,2.39613054773362e-07,0,2508800,8228.438426666666,8525.70821,7704.508196666666,7943.849776666667,742.175183333331,,0.0006927946130872442,5.02196371506146e-07
g1,inverse_dynamics_gradient,mujoco_cpu,16,collection,unknown,unknown,3,adapter_pending,no matched full tangent-space derivative adapter,,,,,strict,2,,,0,0,,,,,,,,
g1,inverse_dynamics_gradient,mujoco_cpu,32,collection,unknown,unknown,3,adapter_pending,no matched full tangent-space derivative adapter,,,,,strict,2,,,0,0,,,,,,,,
g1,inverse_dynamics_gradient,mujoco_cpu,64,collection,unknown,unknown,3,adapter_pending,no matched full tangent-space derivative adapter,,,,,strict,2,,,0,0,,,,,,,,
g1,inverse_dynamics_gradient,mujoco_cpu,128,collection,unknown,unknown,3,adapter_pending,no matched full tangent-space derivative adapter,,,,,strict,2,,,0,0,,,,,,,,
g1,inverse_dynamics_gradient,mujoco_cpu,256,collection,unknown,unknown,3,adapter_pending,no matched full tangent-space derivative adapter,,,,,strict,2,,,0,0,,,,,,,,
g1,inverse_dynamics_gradient,mujoco_cpu,1024,collection,unknown,unknown,3,adapter_pending,no matched full tangent-space derivative adapter,,,,,strict,2,,,0,0,,,,,,,,
g1,inverse_dynamics_gradient,mujoco_warp,16,collection,unknown,unknown,3,adapter_pending,no matched full tangent-space derivative adapter,,,,,strict,2,,,0,0,,,,,,,,
g1,inverse_dynamics_gradient,mujoco_warp,32,collection,unknown,unknown,3,adapter_pending,no matched full tangent-space derivative adapter,,,,,strict,2,,,0,0,,,,,,,,
g1,inverse_dynamics_gradient,mujoco_warp,64,collection,unknown,unknown,3,adapter_pending,no matched full tangent-space derivative adapter,,,,,strict,2,,,0,0,,,,,,,,
g1,inverse_dynamics_gradient,mujoco_warp,128,collection,unknown,unknown,3,adapter_pending,no matched full tangent-space derivative adapter,,,,,strict,2,,,0,0,,,,,,,,
g1,inverse_dynamics_gradient,mujoco_warp,256,collection,unknown,unknown,3,adapter_pending,no matched full tangent-space derivative adapter,,,,,strict,2,,,0,0,,,,,,,,
g1,inverse_dynamics_gradient,mujoco_warp,1024,collection,unknown,unknown,3,adapter_pending,no matched full tangent-space derivative adapter,,,,,strict,2,,,0,0,,,,,,,,
g1,inverse_dynamics_gradient,pinocchio,16,collection,float32,codegen,3,validated,,33.55746666666667,,,8,strict,2,0.0,0.0,0,39200,33.47318333333333,33.61392333333333,,,,,0.0018829058260507736,1.0302104277904784e-06
g1,inverse_dynamics_gradient,pinocchio,32,collection,float32,codegen,3,validated,,51.92626,,,8,strict,2,0.0,0.0,0,78400,51.09228,56.21179666666667,,,,,0.0018829058260507736,8.843230975130523e-07
g1,inverse_dynamics_gradient,pinocchio,64,collection,float32,codegen,3,validated,,95.22616333333335,,,8,strict,2,0.0,0.0,0,156800,93.89315333333333,102.35428,,,,,0.0018829058260507736,7.189422994810015e-07
g1,inverse_dynamics_gradient,pinocchio,128,collection,float32,codegen,3,validated,,349.6137933333334,,,8,strict,2,0.0,0.0,0,313600,175.15959333333333,379.85849666666667,,,,,0.0018829058260507736,5.613410445638551e-07
g1,inverse_dynamics_gradient,pinocchio,256,collection,float32,codegen,3,validated,,340.0060833333333,,,8,strict,2,0.0,0.0,0,627200,337.39672,525.3800566666666,,,,,0.0018829058260507736,4.309422856863909e-07
g1,inverse_dynamics_gradient,pinocchio,1024,collection,float32,codegen,3,validated,,1542.1732833333333,,,8,strict,2,0.0,0.0,0,2508800,1510.83727,1602.457403333333,,,,,0.0018829058260507736,2.6559105231791565e-07
g1,inverse_dynamics_gradient,pinocchio_plain,16,collection,float32,standard Pinocchio API (no codegen),3,validated,,38.27853333333333,,,8,strict,2,0.0,0.0,0,39200,38.25202,45.01841666666667,,,,,0.0008355566405384707,7.137426121221535e-07
g1,inverse_dynamics_gradient,pinocchio_plain,32,collection,float32,standard Pinocchio API (no codegen),3,validated,,65.11714666666667,,,8,strict,2,0.0,0.0,0,78400,65.11202,65.32218999999999,,,,,0.0008355566405384707,6.162436307531384e-07
g1,inverse_dynamics_gradient,pinocchio_plain,64,collection,float32,standard Pinocchio API (no codegen),3,validated,,116.89636333333333,,,8,strict,2,0.0,0.0,0,156800,115.96698666666666,117.49928666666666,,,,,0.0008355566405384707,5.051227994329839e-07
g1,inverse_dynamics_gradient,pinocchio_plain,128,collection,float32,standard Pinocchio API (no codegen),3,validated,,386.12634333333335,,,8,strict,2,0.0,0.0,0,313600,220.69437999999994,400.09071,,,,,0.0008355566405384707,4.018384198083197e-07
g1,inverse_dynamics_gradient,pinocchio_plain,256,collection,float32,standard Pinocchio API (no codegen),3,validated,,430.23292333333336,,,8,strict,2,0.0,0.0,0,627200,428.4964033333333,643.1407333333333,,,,,0.0008355566405384707,3.186178601895292e-07
g1,inverse_dynamics_gradient,pinocchio_plain,1024,collection,float32,standard Pinocchio API (no codegen),3,validated,,1972.1866733333336,,,8,strict,2,0.0,0.0,0,2508800,1689.7618733333334,1974.61865,,,,,0.0008355566405384707,2.4110153158522507e-07
go2,idsva_so,bard,16,collection,unknown,unknown,3,excluded_method,analytical Hessian study; no finite-difference or nested-autodiff Hessian sweep,,,,,strict,2,,,0,0,,,,,,,,
go2,idsva_so,bard,32,collection,unknown,unknown,3,excluded_method,analytical Hessian study; no finite-difference or nested-autodiff Hessian sweep,,,,,strict,2,,,0,0,,,,,,,,
go2,idsva_so,bard,64,collection,unknown,unknown,3,excluded_method,analytical Hessian study; no finite-difference or nested-autodiff Hessian sweep,,,,,strict,2,,,0,0,,,,,,,,
go2,idsva_so,bard,128,collection,unknown,unknown,3,excluded_method,analytical Hessian study; no finite-difference or nested-autodiff Hessian sweep,,,,,strict,2,,,0,0,,,,,,,,
go2,idsva_so,bard,256,collection,unknown,unknown,3,excluded_method,analytical Hessian study; no finite-difference or nested-autodiff Hessian sweep,,,,,strict,2,,,0,0,,,,,,,,
go2,idsva_so,bard,1024,collection,unknown,unknown,3,excluded_method,analytical Hessian study; no finite-difference or nested-autodiff Hessian sweep,,,,,strict,2,,,0,0,,,,,,,,
go2,idsva_so,frax,16,collection,unknown,unknown,3,excluded_method,analytical Hessian study; no finite-difference or nested-autodiff Hessian sweep,,,,,strict,2,,,0,0,,,,,,,,
go2,idsva_so,frax,32,collection,unknown,unknown,3,excluded_method,analytical Hessian study; no finite-difference or nested-autodiff Hessian sweep,,,,,strict,2,,,0,0,,,,,,,,
go2,idsva_so,frax,64,collection,unknown,unknown,3,excluded_method,analytical Hessian study; no finite-difference or nested-autodiff Hessian sweep,,,,,strict,2,,,0,0,,,,,,,,
go2,idsva_so,frax,128,collection,unknown,unknown,3,excluded_method,analytical Hessian study; no finite-difference or nested-autodiff Hessian sweep,,,,,strict,2,,,0,0,,,,,,,,
go2,idsva_so,frax,256,collection,unknown,unknown,3,excluded_method,analytical Hessian study; no finite-difference or nested-autodiff Hessian sweep,,,,,strict,2,,,0,0,,,,,,,,
go2,idsva_so,frax,1024,collection,unknown,unknown,3,excluded_method,analytical Hessian study; no finite-difference or nested-autodiff Hessian sweep,,,,,strict,2,,,0,0,,,,,,,,
go2,idsva_so,grim_cuda,16,collection,float32,analytical,3,validated,,508.71281056722006,432.35113708496095,,256,strict,2,0.0,0.0,0,373248,508.0142510986328,519.6635493977865,432.2096222941081,445.52125783284504,76.3616734822591,,7.354692664218732e-05,2.5690830247712937e-06
go2,idsva_so,grim_cuda,32,collection,float32,analytical,3,validated,,576.8079156494141,432.5919963582357,,256,strict,2,0.0,0.0,0,746496,576.4875564575195,592.9173864746094,432.1950891113281,433.0468649291992,144.2159192911784,,7.354692664218732e-05,2.5871158700242344e-06
go2,idsva_so,grim_cuda,64,collection,float32,analytical,3,validated,,712.8204176839192,431.7580995686849,,256,strict,2,0.0,0.0,0,1492992,710.7217370605468,714.6102234903972,431.5976138305664,432.5564892578125,281.06231811523435,,0.00011893045780198008,2.7097650563011454e-06
go2,idsva_so,grim_cuda,128,collection,float32,analytical,3,validated,,988.294284362793,435.3651185099284,,256,strict,2,0.0,0.0,0,2985984,982.4256349690755,994.3488482666015,435.09417256673174,435.63691396077473,552.9291658528646,,0.00011893045780198008,2.7872830250907326e-06
go2,idsva_so,grim_cuda,256,collection,float32,analytical,3,validated,,1581.9906364949545,476.2014845784505,,256,strict,2,0.0,0.0,0,5971968,1576.6303210449219,1587.6322801717122,475.6292743937174,476.5172435506185,1105.7891519165041,,0.00012442193302319993,2.8903789932438153e-06
go2,idsva_so,grim_cuda,1024,collection,float32,analytical,3,validated,,5555.266633605957,1167.0023666381835,,256,strict,2,0.0,0.0,0,23887872,5549.694377644857,5580.502996927898,1166.8656533813476,1168.6709665934245,4388.264266967773,,0.00015056257507239934,2.9397343022171633e-06
go2,idsva_so,grim_jax,16,collection,float32,analytical,3,validated,,936.3518266666665,602.0346466666666,,,strict,2,0.0,0.0,0,373248,927.69423,1186.1656233333335,530.0850133333333,647.8698533333334,334.3171799999999,,7.354692664218732e-05,2.5690830247712937e-06
go2,idsva_so,grim_jax,32,collection,float32,analytical,3,validated,,1371.0827366666667,594.0392833333333,,,strict,2,0.0,0.0,0,746496,1324.4562833333334,1489.8869300000001,516.60302,727.7369733333334,777.0434533333334,,7.354692664218732e-05,2.5871158700242344e-06
go2,idsva_so,grim_jax,64,collection,float32,analytical,3,validated,,1982.4403366666668,645.2606066666667,,,strict,2,0.0,0.0,0,1492992,1915.5470366666664,2008.2994833333332,597.3625333333333,957.0710733333335,1337.17973,,0.00011893045780198008,2.7097650563011454e-06
go2,idsva_so,grim_jax,128,collection,float32,analytical,3,validated,,2808.8753066666663,676.0621500000001,,,strict,2,0.0,0.0,0,2985984,2647.79457,2995.81145,645.4815433333333,817.9770699999999,2132.813156666666,,0.00011893045780198008,2.7872830250907326e-06
go2,idsva_so,grim_jax,256,collection,float32,analytical,3,validated,,6331.04132,635.2778633333334,,,strict,2,0.0,0.0,0,5971968,5962.238033333334,6639.9635966666665,576.5644433333333,912.5023533333333,5695.763456666667,,0.00012442193302319993,2.8903789932438153e-06
go2,idsva_so,grim_jax,1024,collection,float32,analytical,3,validated,,16642.759439999998,1902.6143933333333,,,strict,2,0.0,0.0,0,23887872,16451.026566666667,19650.46706,1669.8068066666667,1984.9401633333334,14740.145046666665,,0.00015056257507239934,2.9397343022171633e-06
go2,idsva_so,grim_jax_prealloc,16,collection,float32,analytical,3,validated,,919.7143166666666,,,,strict,2,0.0,0.0,0,373248,877.3523666666667,1169.9140466666668,,,,,7.354692664218732e-05,2.5690830247712937e-06
go2,idsva_so,grim_jax_prealloc,32,collection,float32,analytical,3,validated,,987.3897266666667,,,,strict,2,0.0,0.0,0,746496,895.7326699999999,1080.4616,,,,,7.354692664218732e-05,2.5871158700242344e-06
go2,idsva_so,grim_jax_prealloc,64,collection,float32,analytical,3,validated,,1255.6152933333333,,,,strict,2,0.0,0.0,0,1492992,936.9520566666667,1355.048363333333,,,,,0.00011893045780198008,2.7097650563011454e-06
go2,idsva_so,grim_jax_prealloc,128,collection,float32,analytical,3,validated,,1604.6154366666667,,,,strict,2,0.0,0.0,0,2985984,1476.3075366666667,1611.8519366666667,,,,,0.00011893045780198008,2.7872830250907326e-06
go2,idsva_so,grim_jax_prealloc,256,collection,float32,analytical,3,validated,,2239.7149,,,,strict,2,0.0,0.0,0,5971968,2168.531183333333,2279.62136,,,,,0.00012442193302319993,2.8903789932438153e-06
go2,idsva_so,grim_jax_prealloc,1024,collection,float32,analytical,3,validated,,6450.834396666667,,,,strict,2,0.0,0.0,0,23887872,6375.994703333333,6462.292619999999,,,,,0.00015056257507239934,2.9397343022171633e-06
go2,idsva_so,grim_numpy,16,collection,float32,analytical,3,validated,,581.9743066666667,,,,strict,2,0.0,0.0,0,373248,581.7534400000001,584.2846999999999,,,,,7.354692664218732e-05,2.5690830247712937e-06
go2,idsva_so,grim_numpy,32,collection,float32,analytical,3,validated,,673.0495,,,,strict,2,0.0,0.0,0,746496,672.9411633333333,683.3361166666665,,,,,7.354692664218732e-05,2.5871158700242344e-06
go2,idsva_so,grim_numpy,64,collection,float32,analytical,3,validated,,862.9727633333334,,,,strict,2,0.0,0.0,0,1492992,862.6961866666666,869.4952699999999,,,,,0.00011893045780198008,2.7097650563011454e-06
go2,idsva_so,grim_numpy,128,collection,float32,analytical,3,validated,,1244.5125533333332,,,,strict,2,0.0,0.0,0,2985984,1233.918386666667,1270.945,,,,,0.00011893045780198008,2.7872830250907326e-06
go2,idsva_so,grim_numpy,256,collection,float32,analytical,3,validated,,2035.3846233333334,,,,strict,2,0.0,0.0,0,5971968,2014.74144,2640.0687066666665,,,,,0.00012442193302319993,2.8903789932438153e-06
go2,idsva_so,grim_numpy,1024,collection,float32,analytical,3,validated,,15463.557243333335,,,,strict,2,0.0,0.0,0,23887872,15297.684596666666,15691.622659999999,,,,,0.00015056257507239934,2.9397343022171633e-06
go2,idsva_so,grim_numpy_prealloc,16,collection,float32,analytical,3,validated,,515.0602633333334,,,,strict,2,0.0,0.0,0,373248,514.90603,515.82925,,,,,7.354692664218732e-05,2.5690830247712937e-06
go2,idsva_so,grim_numpy_prealloc,32,collection,float32,analytical,3,validated,,582.4102766666666,,,,strict,2,0.0,0.0,0,746496,581.09233,582.62855,,,,,7.354692664218732e-05,2.5871158700242344e-06
go2,idsva_so,grim_numpy_prealloc,64,collection,float32,analytical,3,validated,,719.3602733333335,,,,strict,2,0.0,0.0,0,1492992,719.10637,720.7847866666666,,,,,0.00011893045780198008,2.7097650563011454e-06
go2,idsva_so,grim_numpy_prealloc,128,collection,float32,analytical,3,validated,,994.56393,,,,strict,2,0.0,0.0,0,2985984,994.1324466666666,997.0112933333335,,,,,0.00011893045780198008,2.7872830250907326e-06
go2,idsva_so,grim_numpy_prealloc,256,collection,float32,analytical,3,validated,,1583.2740833333332,,,,strict,2,0.0,0.0,0,5971968,1582.6580600000002,1583.74732,,,,,0.00012442193302319993,2.8903789932438153e-06
go2,idsva_so,grim_numpy_prealloc,1024,collection,float32,analytical,3,validated,,5575.9471066666665,,,,strict,2,0.0,0.0,0,23887872,5569.848256666667,5576.13524,,,,,0.00015056257507239934,2.9397343022171633e-06
go2,idsva_so,grim_torch,16,collection,float32,analytical,3,validated,,686.2907266666666,448.82726333333335,,,strict,2,0.0,0.0,0,373248,683.07902,687.4853766666668,448.11673,449.05326666666673,237.46346333333327,,7.354692664218732e-05,2.5690830247712937e-06
go2,idsva_so,grim_torch,32,collection,float32,analytical,3,validated,,837.6079333333333,449.04527333333334,,,strict,2,0.0,0.0,0,746496,832.1918333333333,839.75995,447.71559666666667,449.1398333333333,388.56266,,7.354692664218732e-05,2.5871158700242344e-06
go2,idsva_so,grim_torch,64,collection,float32,analytical,3,validated,,1076.321063333333,449.7401066666667,,,strict,2,0.0,0.0,0,1492992,1067.0761233333333,1083.20089,447.98273333333333,450.57608,626.5809566666665,,0.00011893045780198008,2.7097650563011454e-06
go2,idsva_so,grim_torch,128,collection,float32,analytical,3,validated,,1443.25081,456.10233999999997,,,strict,2,0.0,0.0,0,2985984,1441.6423633333334,1470.7305833333332,455.2556600000001,456.59346,987.1484700000001,,0.00011893045780198008,2.7872830250907326e-06
go2,idsva_so,grim_torch,256,collection,float32,analytical,3,validated,,3528.2216700000004,496.56679,,,strict,2,0.0,0.0,0,5971968,3453.5746166666668,3552.5281633333334,496.2300866666667,497.4545366666667,3031.6548800000005,,0.00012442193302319993,2.8903789932438153e-06
go2,idsva_so,grim_torch,1024,collection,float32,analytical,3,validated,,17656.534716666665,1295.1641833333333,,,strict,2,0.0,0.0,0,23887872,15966.871673333335,18840.806073333333,1295.0685099999998,1295.3395066666667,16361.370533333331,,0.00015056257507239934,2.9397343022171633e-06
go2,idsva_so,grim_torch_prealloc,16,collection,float32,analytical,3,validated,,560.6966766666667,,,,strict,2,0.0,0.0,0,373248,557.70427,561.7060600000001,,,,,7.354692664218732e-05,2.5690830247712937e-06
go2,idsva_so,grim_torch_prealloc,32,collection,float32,analytical,3,validated,,619.81309,,,,strict,2,0.0,0.0,0,746496,617.6461733333334,622.2990566666667,,,,,7.354692664218732e-05,2.5871158700242344e-06
go2,idsva_so,grim_torch_prealloc,64,collection,float32,analytical,3,validated,,757.8624266666667,,,,strict,2,0.0,0.0,0,1492992,756.66062,759.8257866666667,,,,,0.00011893045780198008,2.7097650563011454e-06
go2,idsva_so,grim_torch_prealloc,128,collection,float32,analytical,3,validated,,1036.01089,,,,strict,2,0.0,0.0,0,2985984,1035.9060933333335,1036.9438733333334,,,,,0.00011893045780198008,2.7872830250907326e-06
go2,idsva_so,grim_torch_prealloc,256,collection,float32,analytical,3,validated,,1628.4155066666667,,,,strict,2,0.0,0.0,0,5971968,1625.5330766666668,1629.7095399999998,,,,,0.00012442193302319993,2.8903789932438153e-06
go2,idsva_so,grim_torch_prealloc,1024,collection,float32,analytical,3,validated,,5738.7511,,,,strict,2,0.0,0.0,0,23887872,5731.227663333333,5739.9492433333335,,,,,0.00015056257507239934,2.9397343022171633e-06
go2,idsva_so,mjx,16,collection,unknown,unknown,3,excluded_method,analytical Hessian study; no finite-difference or nested-autodiff Hessian sweep,,,,,strict,2,,,0,0,,,,,,,,
go2,idsva_so,mjx,32,collection,unknown,unknown,3,excluded_method,analytical Hessian study; no finite-difference or nested-autodiff Hessian sweep,,,,,strict,2,,,0,0,,,,,,,,
go2,idsva_so,mjx,64,collection,unknown,unknown,3,excluded_method,analytical Hessian study; no finite-difference or nested-autodiff Hessian sweep,,,,,strict,2,,,0,0,,,,,,,,
go2,idsva_so,mjx,128,collection,unknown,unknown,3,excluded_method,analytical Hessian study; no finite-difference or nested-autodiff Hessian sweep,,,,,strict,2,,,0,0,,,,,,,,
go2,idsva_so,mjx,256,collection,unknown,unknown,3,excluded_method,analytical Hessian study; no finite-difference or nested-autodiff Hessian sweep,,,,,strict,2,,,0,0,,,,,,,,
go2,idsva_so,mjx,1024,collection,unknown,unknown,3,excluded_method,analytical Hessian study; no finite-difference or nested-autodiff Hessian sweep,,,,,strict,2,,,0,0,,,,,,,,
go2,idsva_so,mujoco_cpu,16,collection,unknown,unknown,3,excluded_method,analytical Hessian study; no finite-difference or nested-autodiff Hessian sweep,,,,,strict,2,,,0,0,,,,,,,,
go2,idsva_so,mujoco_cpu,32,collection,unknown,unknown,3,excluded_method,analytical Hessian study; no finite-difference or nested-autodiff Hessian sweep,,,,,strict,2,,,0,0,,,,,,,,
go2,idsva_so,mujoco_cpu,64,collection,unknown,unknown,3,excluded_method,analytical Hessian study; no finite-difference or nested-autodiff Hessian sweep,,,,,strict,2,,,0,0,,,,,,,,
go2,idsva_so,mujoco_cpu,128,collection,unknown,unknown,3,excluded_method,analytical Hessian study; no finite-difference or nested-autodiff Hessian sweep,,,,,strict,2,,,0,0,,,,,,,,
go2,idsva_so,mujoco_cpu,256,collection,unknown,unknown,3,excluded_method,analytical Hessian study; no finite-difference or nested-autodiff Hessian sweep,,,,,strict,2,,,0,0,,,,,,,,
go2,idsva_so,mujoco_cpu,1024,collection,unknown,unknown,3,excluded_method,analytical Hessian study; no finite-difference or nested-autodiff Hessian sweep,,,,,strict,2,,,0,0,,,,,,,,
go2,idsva_so,mujoco_warp,16,collection,unknown,unknown,3,excluded_method,analytical Hessian study; no finite-difference or nested-autodiff Hessian sweep,,,,,strict,2,,,0,0,,,,,,,,
go2,idsva_so,mujoco_warp,32,collection,unknown,unknown,3,excluded_method,analytical Hessian study; no finite-difference or nested-autodiff Hessian sweep,,,,,strict,2,,,0,0,,,,,,,,
go2,idsva_so,mujoco_warp,64,collection,unknown,unknown,3,excluded_method,analytical Hessian study; no finite-difference or nested-autodiff Hessian sweep,,,,,strict,2,,,0,0,,,,,,,,
go2,idsva_so,mujoco_warp,128,collection,unknown,unknown,3,excluded_method,analytical Hessian study; no finite-difference or nested-autodiff Hessian sweep,,,,,strict,2,,,0,0,,,,,,,,
go2,idsva_so,mujoco_warp,256,collection,unknown,unknown,3,excluded_method,analytical Hessian study; no finite-difference or nested-autodiff Hessian sweep,,,,,strict,2,,,0,0,,,,,,,,
go2,idsva_so,mujoco_warp,1024,collection,unknown,unknown,3,excluded_method,analytical Hessian study; no finite-difference or nested-autodiff Hessian sweep,,,,,strict,2,,,0,0,,,,,,,,
go2,idsva_so,pinocchio,16,collection,float64,analytical direct/composed,3,validated,,96.04458333333334,,,8,strict,2,0.0,0.0,0,373248,89.30210333333333,214.79153333333335,,,,,0.0,0.0
go2,idsva_so,pinocchio,32,collection,float64,analytical direct/composed,3,validated,,180.77590333333333,,,8,strict,2,0.0,0.0,0,746496,159.80131999999998,180.97016000000002,,,,,0.0,0.0
go2,idsva_so,pinocchio,64,collection,float64,analytical direct/composed,3,validated,,499.7798266666668,,,8,strict,2,0.0,0.0,0,1492992,305.24924999999996,501.5859833333333,,,,,0.0,0.0
go2,idsva_so,pinocchio,128,collection,float64,analytical direct/composed,3,validated,,891.0996333333334,,,8,strict,2,0.0,0.0,0,2985984,865.6726366666668,897.3052533333333,,,,,0.0,0.0
go2,idsva_so,pinocchio,256,collection,float64,analytical direct/composed,3,validated,,2457.25742,,,8,strict,2,0.0,0.0,0,5971968,2339.7704066666665,3091.8313866666667,,,,,0.0,0.0
go2,idsva_so,pinocchio,1024,collection,float64,analytical direct/composed,3,validated,,10011.676733333332,,,8,strict,2,0.0,0.0,0,23887872,8779.987253333333,10044.09286,,,,,0.0,0.0
go2,idsva_so,pinocchio_plain,16,collection,float64,analytical direct/composed,3,validated,,96.23332666666668,,,8,strict,2,0.0,0.0,0,373248,95.99971666666667,233.26687666666666,,,,,0.0,0.0
go2,idsva_so,pinocchio_plain,32,collection,float64,analytical direct/composed,3,validated,,334.6069,,,8,strict,2,0.0,0.0,0,746496,319.14315666666664,364.88335,,,,,0.0,0.0
go2,idsva_so,pinocchio_plain,64,collection,float64,analytical direct/composed,3,validated,,499.75983333333335,,,8,strict,2,0.0,0.0,0,1492992,433.44896666666665,509.7557666666666,,,,,0.0,0.0
go2,idsva_so,pinocchio_plain,128,collection,float64,analytical direct/composed,3,validated,,909.5109933333333,,,8,strict,2,0.0,0.0,0,2985984,874.8424866666668,944.8505200000001,,,,,0.0,0.0
go2,idsva_so,pinocchio_plain,256,collection,float64,analytical direct/composed,3,validated,,2482.41145,,,8,strict,2,0.0,0.0,0,5971968,2455.2797633333334,2891.7162733333334,,,,,0.0,0.0
go2,idsva_so,pinocchio_plain,1024,collection,float64,analytical direct/composed,3,validated,,10018.521286666666,,,8,strict,2,0.0,0.0,0,23887872,9586.141410000002,10098.323083333333,,,,,0.0,0.0
go2,inverse_dynamics,bard,16,collection,float32,library dynamics,3,validated,,1786.83482,1719.87148,,,strict,2,3.814697265625e-05,1.750051712838531e-08,0,288,1782.29656,1803.4269200000003,1717.4227133333334,1735.4698933333334,66.96334000000002,,0.00012003486244793748,1.0390991505319455e-07
go2,inverse_dynamics,bard,32,collection,float32,library dynamics,3,validated,,1807.9040066666664,1753.86145,,,strict,2,3.814697265625e-05,1.9458070103282195e-08,0,576,1796.3355033333335,1832.5578166666667,1737.99447,1769.8796199999997,54.042556666666314,,0.00012003486244793748,1.0456283291571857e-07
go2,inverse_dynamics,bard,64,collection,float32,library dynamics,3,validated,,1816.8143333333335,1758.63512,,,strict,2,3.814697265625e-05,2.8329572707799586e-08,0,1152,1804.3580533333331,1835.69767,1745.3145233333332,1776.6476599999999,58.179213333333564,,0.00012003486244793748,1.0836806724254554e-07
go2,inverse_dynamics,bard,128,collection,float32,library dynamics,3,validated,,1834.8645566666669,1763.0450666666668,,,strict,2,0.0,0.0,0,2304,1811.4669566666664,1847.9401033333331,1748.4655933333331,1830.6829400000004,71.81949000000009,,0.00012003486244793748,1.1277506033242711e-07
go2,inverse_dynamics,bard,256,collection,float32,library dynamics,3,validated,,1834.144203333333,1775.5677999999996,,,strict,2,0.0,0.0,0,4608,1815.102943333333,1896.6344066666668,1748.5218433333337,1822.8229066666665,58.576403333333474,,0.00012003486244793748,1.1652089108159424e-07
go2,inverse_dynamics,bard,1024,collection,float32,library dynamics,3,validated,,1887.2298400000002,1811.083296666667,,,strict,2,0.0,0.0,0,18432,1847.7811400000003,1923.03625,1794.3262866666669,1835.99883,76.14654333333328,,0.00012003486244793748,1.2569346097988455e-07
go2,inverse_dynamics,frax,16,collection,unknown,unknown,3,model_mismatch,existing Frax adapter uses a six-coordinate floating base; shared quaternion fixture needs a validated conversion,,,,,strict,2,,,0,0,,,,,,,,
go2,inverse_dynamics,frax,32,collection,unknown,unknown,3,model_mismatch,existing Frax adapter uses a six-coordinate floating base; shared quaternion fixture needs a validated conversion,,,,,strict,2,,,0,0,,,,,,,,
go2,inverse_dynamics,frax,64,collection,unknown,unknown,3,model_mismatch,existing Frax adapter uses a six-coordinate floating base; shared quaternion fixture needs a validated conversion,,,,,strict,2,,,0,0,,,,,,,,
go2,inverse_dynamics,frax,128,collection,unknown,unknown,3,model_mismatch,existing Frax adapter uses a six-coordinate floating base; shared quaternion fixture needs a validated conversion,,,,,strict,2,,,0,0,,,,,,,,
go2,inverse_dynamics,frax,256,collection,unknown,unknown,3,model_mismatch,existing Frax adapter uses a six-coordinate floating base; shared quaternion fixture needs a validated conversion,,,,,strict,2,,,0,0,,,,,,,,
go2,inverse_dynamics,frax,1024,collection,unknown,unknown,3,model_mismatch,existing Frax adapter uses a six-coordinate floating base; shared quaternion fixture needs a validated conversion,,,,,strict,2,,,0,0,,,,,,,,
go2,inverse_dynamics,grim_cuda,16,collection,float32,analytical,3,validated,,32.43202931722005,22.73783020019531,,128,strict,2,0.0,0.0,0,288,32.36392801920573,35.60624837239583,22.703189493815103,23.27131612141927,9.694199117024738,,5.864219167506235e-05,5.098295895802214e-08
go2,inverse_dynamics,grim_cuda,32,collection,float32,analytical,3,validated,,32.542972513834634,22.45769083658854,,128,strict,2,0.0,0.0,0,576,32.37710581461589,34.1118305460612,22.430692749023436,22.63452646891276,10.085281677246094,,5.864219167506235e-05,5.6355829526752234e-08
go2,inverse_dynamics,grim_cuda,64,collection,float32,analytical,3,validated,,33.19210968017578,22.639549763997397,,128,strict,2,0.0,0.0,0,1152,33.10324340820313,34.82742604573568,22.55858917236328,22.681495768229166,10.552559916178385,,5.864219167506235e-05,6.389643897271212e-08
go2,inverse_dynamics,grim_cuda,128,collection,float32,analytical,3,validated,,33.05760538736979,22.41510701497396,,128,strict,2,0.0,0.0,0,2304,32.94349629720052,33.16487721761068,22.380669759114582,24.003369954427082,10.642498372395831,,5.864219167506235e-05,7.414678805317688e-08
go2,inverse_dynamics,grim_cuda,256,collection,float32,analytical,3,validated,,33.493486938476565,21.73787373860677,,128,strict,2,0.0,0.0,0,4608,33.40614735921224,35.120567321777344,21.7160009765625,21.751617431640625,11.755613199869796,,5.864219167506235e-05,8.591264129014329e-08
go2,inverse_dynamics,grim_cuda,1024,collection,float32,analytical,3,validated,,54.9293798828125,35.09949361165365,,128,strict,2,0.0,0.0,0,18432,54.88828999837239,56.33401641845703,35.09181986490886,36.509934488932295,19.82988627115885,,5.864219167506235e-05,9.783402529792552e-08
go2,inverse_dynamics,grim_jax,16,collection,float32,analytical,3,validated,,210.85238666666666,70.6923,,,strict,2,0.0,0.0,0,288,209.03033333333332,211.42713666666668,66.09654666666667,74.82537666666666,140.16008666666664,,5.864219167506235e-05,5.098295895802214e-08
go2,inverse_dynamics,grim_jax,32,collection,float32,analytical,3,validated,,218.68916666666667,56.57664666666666,,,strict,2,0.0,0.0,0,576,210.02978000000002,226.10681000000002,54.73485666666667,67.89327666666667,162.11252000000002,,5.864219167506235e-05,5.6355829526752234e-08
go2,inverse_dynamics,grim_jax,64,collection,float32,analytical,3,validated,,224.70242999999996,57.09407666666666,,,strict,2,0.0,0.0,0,1152,208.42847,229.90127000000004,54.61233333333334,66.46473,167.6083533333333,,5.864219167506235e-05,6.389643897271212e-08
go2,inverse_dynamics,grim_jax,128,collection,float32,analytical,3,validated,,229.62691,56.67463,,,strict,2,0.0,0.0,0,2304,222.05159666666665,234.39079666666666,56.56633333333334,57.97702333333334,172.95228,,5.864219167506235e-05,7.414678805317688e-08
go2,inverse_dynamics,grim_jax,256,collection,float32,analytical,3,validated,,223.89518,71.17435333333333,,,strict,2,0.0,0.0,0,4608,221.51008666666667,229.57544,55.369326666666666,81.71050333333334,152.72082666666668,,5.864219167506235e-05,8.591264129014329e-08
go2,inverse_dynamics,grim_jax,1024,collection,float32,analytical,3,validated,,340.9439366666667,76.39358,,,strict,2,0.0,0.0,0,18432,247.74418333333335,369.24077,71.44693,76.59307,264.5503566666667,,5.864219167506235e-05,9.783402529792552e-08
go2,inverse_dynamics,grim_jax_prealloc,16,collection,float32,analytical,3,validated,,208.8052866666667,,,,strict,2,0.0,0.0,0,288,206.25353666666666,271.93835333333334,,,,,5.864219167506235e-05,5.098295895802214e-08
go2,inverse_dynamics,grim_jax_prealloc,32,collection,float32,analytical,3,validated,,214.41737333333333,,,,strict,2,0.0,0.0,0,576,211.29869333333335,236.50347666666667,,,,,5.864219167506235e-05,5.6355829526752234e-08
go2,inverse_dynamics,grim_jax_prealloc,64,collection,float32,analytical,3,validated,,226.2579333333333,,,,strict,2,0.0,0.0,0,1152,214.92242000000002,239.77595666666664,,,,,5.864219167506235e-05,6.389643897271212e-08
go2,inverse_dynamics,grim_jax_prealloc,128,collection,float32,analytical,3,validated,,220.38329999999996,,,,strict,2,0.0,0.0,0,2304,219.88164666666663,221.88537666666664,,,,,5.864219167506235e-05,7.414678805317688e-08
go2,inverse_dynamics,grim_jax_prealloc,256,collection,float32,analytical,3,validated,,222.86856333333336,,,,strict,2,0.0,0.0,0,4608,215.10556999999997,227.65910666666662,,,,,5.864219167506235e-05,8.591264129014329e-08
go2,inverse_dynamics,grim_jax_prealloc,1024,collection,float32,analytical,3,validated,,273.63515666666666,,,,strict,2,0.0,0.0,0,18432,243.94464666666667,286.96319,,,,,5.864219167506235e-05,9.783402529792552e-08
go2,inverse_dynamics,grim_native,16,collection,float32,analytical,3,validated,,32.94423999999999,,,,strict,2,0.0,0.0,0,288,32.92207,33.00793666666667,,,,,5.864219167506235e-05,5.098295895802214e-08
go2,inverse_dynamics,grim_native,32,collection,float32,analytical,3,validated,,33.18290333333333,,,,strict,2,0.0,0.0,0,576,33.1818,33.236376666666665,,,,,5.864219167506235e-05,5.6355829526752234e-08
go2,inverse_dynamics,grim_native,64,collection,float32,analytical,3,validated,,34.21286333333333,,,,strict,2,0.0,0.0,0,1152,34.17268333333333,34.28007,,,,,5.864219167506235e-05,6.389643897271212e-08
go2,inverse_dynamics,grim_native,128,collection,float32,analytical,3,validated,,38.42178666666667,,,,strict,2,0.0,0.0,0,2304,38.361623333333334,38.50120666666667,,,,,5.864219167506235e-05,7.414678805317688e-08
go2,inverse_dynamics,grim_native,256,collection,float32,analytical,3,validated,,44.27972333333334,,,,strict,2,0.0,0.0,0,4608,44.02802,44.31669333333333,,,,,5.864219167506235e-05,8.591264129014329e-08
go2,inverse_dynamics,grim_native,1024,collection,float32,analytical,3,validated,,82.98457333333334,,,,strict,2,0.0,0.0,0,18432,82.44266999999999,83.10194000000001,,,,,5.864219167506235e-05,9.783402529792552e-08
go2,inverse_dynamics,grim_numpy,16,collection,float32,analytical,3,validated,,34.955266666666674,,,,strict,2,0.0,0.0,0,288,34.858783333333335,35.04811333333333,,,,,5.864219167506235e-05,5.098295895802214e-08
go2,inverse_dynamics,grim_numpy,32,collection,float32,analytical,3,validated,,35.14744666666667,,,,strict,2,0.0,0.0,0,576,35.1154,35.26250666666667,,,,,5.864219167506235e-05,5.6355829526752234e-08
go2,inverse_dynamics,grim_numpy,64,collection,float32,analytical,3,validated,,36.14278000000001,,,,strict,2,0.0,0.0,0,1152,36.11019666666667,36.28355,,,,,5.864219167506235e-05,6.389643897271212e-08
go2,inverse_dynamics,grim_numpy,128,collection,float32,analytical,3,validated,,40.56455999999999,,,,strict,2,0.0,0.0,0,2304,40.39987333333333,40.74925666666667,,,,,5.864219167506235e-05,7.414678805317688e-08
go2,inverse_dynamics,grim_numpy,256,collection,float32,analytical,3,validated,,46.24025666666667,,,,strict,2,0.0,0.0,0,4608,46.15980333333333,46.78596333333333,,,,,5.864219167506235e-05,8.591264129014329e-08
go2,inverse_dynamics,grim_numpy,1024,collection,float32,analytical,3,validated,,84.87578333333333,,,,strict,2,0.0,0.0,0,18432,84.81216,84.91617666666666,,,,,5.864219167506235e-05,9.783402529792552e-08
go2,inverse_dynamics,grim_numpy_prealloc,16,collection,unknown,unknown,3,not_applicable,NumPy out= exists for the gradient and second-order outputs; this operation's default call is its only host path,,,,,strict,2,,,0,0,,,,,,,,
go2,inverse_dynamics,grim_numpy_prealloc,32,collection,unknown,unknown,3,not_applicable,NumPy out= exists for the gradient and second-order outputs; this operation's default call is its only host path,,,,,strict,2,,,0,0,,,,,,,,
go2,inverse_dynamics,grim_numpy_prealloc,64,collection,unknown,unknown,3,not_applicable,NumPy out= exists for the gradient and second-order outputs; this operation's default call is its only host path,,,,,strict,2,,,0,0,,,,,,,,
go2,inverse_dynamics,grim_numpy_prealloc,128,collection,unknown,unknown,3,not_applicable,NumPy out= exists for the gradient and second-order outputs; this operation's default call is its only host path,,,,,strict,2,,,0,0,,,,,,,,
go2,inverse_dynamics,grim_numpy_prealloc,256,collection,unknown,unknown,3,not_applicable,NumPy out= exists for the gradient and second-order outputs; this operation's default call is its only host path,,,,,strict,2,,,0,0,,,,,,,,
go2,inverse_dynamics,grim_numpy_prealloc,1024,collection,unknown,unknown,3,not_applicable,NumPy out= exists for the gradient and second-order outputs; this operation's default call is its only host path,,,,,strict,2,,,0,0,,,,,,,,
go2,inverse_dynamics,grim_torch,16,collection,float32,analytical,3,validated,,66.29115666666667,36.76467666666667,,,strict,2,0.0,0.0,0,288,66.17706333333332,66.33431999999998,36.74141333333333,36.97206333333334,29.52648,,5.864219167506235e-05,5.098295895802214e-08
go2,inverse_dynamics,grim_torch,32,collection,float32,analytical,3,validated,,67.32034666666667,36.560673333333334,,,strict,2,0.0,0.0,0,576,66.80904333333335,67.45642,36.3929,36.65589666666667,30.759673333333332,,5.864219167506235e-05,5.6355829526752234e-08
go2,inverse_dynamics,grim_torch,64,collection,float32,analytical,3,validated,,68.33497333333332,36.665436666666665,,,strict,2,0.0,0.0,0,1152,67.70490666666667,68.93271666666666,36.58357,37.01812,31.66953666666666,,5.864219167506235e-05,6.389643897271212e-08
go2,inverse_dynamics,grim_torch,128,collection,float32,analytical,3,validated,,69.59648333333334,36.695933333333336,,,strict,2,0.0,0.0,0,2304,69.54896666666666,70.34757333333333,36.31713666666666,36.73135666666666,32.90055,,5.864219167506235e-05,7.414678805317688e-08
go2,inverse_dynamics,grim_torch,256,collection,float32,analytical,3,validated,,73.15754333333334,35.99633000000001,,,strict,2,0.0,0.0,0,4608,72.54634333333333,73.36260666666666,35.63565,36.089620000000004,37.16121333333333,,5.864219167506235e-05,8.591264129014329e-08
go2,inverse_dynamics,grim_torch,1024,collection,float32,analytical,3,validated,,98.03466,50.38158333333333,,,strict,2,0.0,0.0,0,18432,97.69436666666665,98.24204,50.12679,50.547090000000004,47.65307666666667,,5.864219167506235e-05,9.783402529792552e-08
go2,inverse_dynamics,grim_torch_prealloc,16,collection,float32,analytical,3,validated,,47.66426,,,,strict,2,0.0,0.0,0,288,47.50104666666666,47.79212666666666,,,,,5.864219167506235e-05,5.098295895802214e-08
go2,inverse_dynamics,grim_torch_prealloc,32,collection,float32,analytical,3,validated,,47.29563,,,,strict,2,0.0,0.0,0,576,46.943310000000004,47.32485,,,,,5.864219167506235e-05,5.6355829526752234e-08
go2,inverse_dynamics,grim_torch_prealloc,64,collection,float32,analytical,3,validated,,47.42772666666667,,,,strict,2,0.0,0.0,0,1152,46.94524333333334,47.49815666666666,,,,,5.864219167506235e-05,6.389643897271212e-08
go2,inverse_dynamics,grim_torch_prealloc,128,collection,float32,analytical,3,validated,,47.588053333333335,,,,strict,2,0.0,0.0,0,2304,46.967803333333336,47.893566666666665,,,,,5.864219167506235e-05,7.414678805317688e-08
go2,inverse_dynamics,grim_torch_prealloc,256,collection,float32,analytical,3,validated,,48.23952,,,,strict,2,0.0,0.0,0,4608,47.173140000000004,48.400209999999994,,,,,5.864219167506235e-05,8.591264129014329e-08
go2,inverse_dynamics,grim_torch_prealloc,1024,collection,float32,analytical,3,validated,,62.53504666666667,,,,strict,2,0.0,0.0,0,18432,61.92493333333334,62.96521666666668,,,,,5.864219167506235e-05,9.783402529792552e-08
go2,inverse_dynamics,mjx,16,collection,float32,simulator,3,validated,,473.1394199999999,171.76943999999997,,,strict,2,0.0001220703125,1.1807066645153318e-07,0,288,367.96032999999994,537.59417,144.52084666666667,295.5424066666667,301.36997999999994,,0.0005041967617671617,2.739347005015114e-07
go2,inverse_dynamics,mjx,32,collection,float32,simulator,3,validated,,447.7176533333333,159.09497333333331,,,strict,2,7.62939453125e-05,4.5437785044296025e-08,0,576,362.62021999999996,463.26911,138.13146,240.8623,288.62268,,0.0005041967617671617,2.652134783135769e-07
go2,inverse_dynamics,mjx,64,collection,float32,simulator,3,validated,,468.6369066666666,128.06092666666666,,,strict,2,6.103515625e-05,4.6226783476558446e-08,0,1152,417.5101,494.7197300000001,122.82005,139.29259000000002,340.57597999999996,,0.0005041967617671617,2.5375152157337854e-07
go2,inverse_dynamics,mjx,128,collection,float32,simulator,3,validated,,531.7959,204.59004666666667,,,strict,2,4.57763671875e-05,5.6436255867781524e-08,0,2304,487.1571799999999,579.82895,198.12434666666667,272.8711333333333,327.20585333333327,,0.0005041967617671617,2.2900974964374102e-07
go2,inverse_dynamics,mjx,256,collection,float32,simulator,3,validated,,582.0515733333334,217.68130333333332,,,strict,2,4.57763671875e-05,5.994628016563188e-08,0,4608,411.78727000000003,590.7365866666667,173.14413666666664,320.6161,364.3702700000001,,0.0005041967617671617,1.9806159632148003e-07
go2,inverse_dynamics,mjx,1024,collection,float32,simulator,3,validated,,768.35165,363.04055,,,strict,2,0.0001220703125,8.060867795212428e-08,0,18432,740.3667766666667,830.3669366666667,313.6293366666667,378.94054000000006,405.31109999999995,,0.0005041967617671617,1.4494193340032376e-07
go2,inverse_dynamics,mujoco_cpu,16,collection,float64,simulator,3,validated,,63.17769666666667,,,,strict,2,0.0,0.0,0,288,63.08852,63.286600000000014,,,,,1.0572158799959652e-05,1.3407684451602692e-08
go2,inverse_dynamics,mujoco_cpu,32,collection,float64,simulator,3,validated,,126.28563,,,,strict,2,0.0,0.0,0,576,126.08159666666667,127.00207,,,,,1.6388807296152663e-05,1.8388866705991434e-08
go2,inverse_dynamics,mujoco_cpu,64,collection,float64,simulator,3,validated,,262.6583233333333,,,,strict,2,0.0,0.0,0,1152,259.30746,263.80474333333336,,,,,1.6987857975436782e-05,2.3036540802681606e-08
go2,inverse_dynamics,mujoco_cpu,128,collection,float64,simulator,3,validated,,549.7980733333333,,,,strict,2,0.0,0.0,0,2304,544.9464566666667,551.5565933333334,,,,,1.6987857975436782e-05,2.985147396500624e-08
go2,inverse_dynamics,mujoco_cpu,256,collection,float64,simulator,3,validated,,1109.71345,,,,strict,2,0.0,0.0,0,4608,1101.35284,1116.09989,,,,,2.297828899600063e-05,3.5117367343956837e-08
go2,inverse_dynamics,mujoco_cpu,1024,collection,float64,simulator,3,validated,,5744.796096666666,,,,strict,2,0.0,0.0,0,18432,5673.780489999999,5770.659926666666,,,,,2.297828899600063e-05,4.029111248699973e-08
go2,inverse_dynamics,mujoco_warp,16,collection,float32,simulator,3,validated,,148.39306666666667,118.67260333333331,742.8075,,strict,2,6.103515625e-05,2.816831083691831e-08,0,288,147.59660333333332,149.44477333333333,117.19014666666665,118.68745,29.720463333333356,,0.00038212644926716166,2.0665219393448955e-07
go2,inverse_dynamics,mujoco_warp,32,collection,float32,simulator,3,validated,,158.36351,124.78371666666668,752.5756733333333,,strict,2,6.103515625e-05,3.6706115145682e-08,0,576,158.12402000000003,159.59137333333334,124.57259,124.7883133333333,33.57979333333331,,0.00038212644926716166,2.0127223920938196e-07
go2,inverse_dynamics,mujoco_warp,64,collection,float32,simulator,3,validated,,173.12415666666666,136.20077333333336,763.79673,,strict,2,6.103515625e-05,2.983268353771562e-08,0,1152,172.87098999999998,174.27191666666667,136.09395666666666,136.27964666666668,36.923383333333305,,0.00038212644926716166,1.9035941256364238e-07
go2,inverse_dynamics,mujoco_warp,128,collection,float32,simulator,3,validated,,176.67907666666667,141.37163999999999,761.2139933333333,,strict,2,6.103515625e-05,3.037398059797973e-08,0,2304,174.77607666666668,176.8810433333333,141.27975333333336,141.3846266666667,35.30743666666669,,0.00038212644926716166,1.7733079425850014e-07
go2,inverse_dynamics,mujoco_warp,256,collection,float32,simulator,3,validated,,178.7950833333333,144.6147666666667,749.4602066666666,,strict,2,6.103515625e-05,3.1766636805848e-08,0,4608,178.38168333333334,180.04000666666664,144.32004333333336,144.75210666666666,34.18031666666661,,0.00038212644926716166,1.56907831651395e-07
go2,inverse_dynamics,mujoco_warp,1024,collection,float32,simulator,3,validated,,208.70343,160.47077,743.1546633333334,,strict,2,6.103515625e-05,2.8612499207121008e-08,0,18432,208.56349000000003,210.06300666666667,160.1926566666667,160.7137,48.23266000000001,,0.00038212644926716166,1.291387556029439e-07
go2,inverse_dynamics,pinocchio,16,collection,float32,codegen,3,validated,,7.00212,,,1,strict,2,0.0,0.0,0,288,6.952836666666667,7.044346666666667,,,,,0.00012003486244793748,8.030189176527852e-08
go2,inverse_dynamics,pinocchio,32,collection,float32,codegen,3,validated,,11.75707,,,1/8,strict,2,0.0,0.0,0,576,11.65793,12.150183333333334,,,,,0.00012003486244793748,8.141055852652455e-08
go2,inverse_dynamics,pinocchio,64,collection,float32,codegen,3,validated,,13.46704,,,8,strict,2,0.0,0.0,0,1152,13.166713333333332,13.640623333333332,,,,,0.00012003486244793748,8.505917376336397e-08
go2,inverse_dynamics,pinocchio,128,collection,float32,codegen,3,validated,,15.97681666666667,,,8,strict,2,0.0,0.0,0,2304,15.834206666666665,16.39631,,,,,0.00012003486244793748,8.861597539130399e-08
go2,inverse_dynamics,pinocchio,256,collection,float32,codegen,3,validated,,21.686539999999997,,,8,strict,2,0.0,0.0,0,4608,21.60728333333333,21.719956666666665,,,,,0.00012003486244793748,9.11343683893715e-08
go2,inverse_dynamics,pinocchio,1024,collection,float32,codegen,3,validated,,50.63851,,,8,strict,2,0.0,0.0,0,18432,50.463420000000006,56.13193999999999,,,,,0.00012003486244793748,9.578727462030025e-08
go2,inverse_dynamics,pinocchio_plain,16,collection,float32,standard Pinocchio API (no codegen),3,validated,,12.359596666666668,,,8,strict,2,0.0,0.0,0,288,12.262903333333334,12.401446666666667,,,,,0.00012003486244793748,7.276091464587316e-08
go2,inverse_dynamics,pinocchio_plain,32,collection,float32,standard Pinocchio API (no codegen),3,validated,,13.90242,,,8,strict,2,0.0,0.0,0,576,13.758823333333334,13.929176666666669,,,,,0.00012003486244793748,7.453087964046458e-08
go2,inverse_dynamics,pinocchio_plain,64,collection,float32,standard Pinocchio API (no codegen),3,validated,,17.858859999999996,,,8,strict,2,0.0,0.0,0,1152,17.529023333333335,20.02441666666667,,,,,0.00012003486244793748,7.715549308496879e-08
go2,inverse_dynamics,pinocchio_plain,128,collection,float32,standard Pinocchio API (no codegen),3,validated,,25.286603333333332,,,8,strict,2,0.0,0.0,0,2304,24.911156666666667,25.650146666666668,,,,,0.00012003486244793748,8.610052599981494e-08
go2,inverse_dynamics,pinocchio_plain,256,collection,float32,standard Pinocchio API (no codegen),3,validated,,40.87373,,,8,strict,2,0.0,0.0,0,4608,40.47153,42.80713333333333,,,,,0.00012003486244793748,9.069579875658317e-08
go2,inverse_dynamics,pinocchio_plain,1024,collection,float32,standard Pinocchio API (no codegen),3,validated,,132.07613999999998,,,8,strict,2,0.0,0.0,0,18432,131.8183766666667,132.71064333333334,,,,,0.00012003486244793748,9.746048422555997e-08
go2,inverse_dynamics_gradient,bard,16,collection,unknown,unknown,3,adapter_pending,selected operation not wired; not a library capability claim,,,,,strict,2,,,0,0,,,,,,,,
go2,inverse_dynamics_gradient,bard,32,collection,unknown,unknown,3,adapter_pending,selected operation not wired; not a library capability claim,,,,,strict,2,,,0,0,,,,,,,,
go2,inverse_dynamics_gradient,bard,64,collection,unknown,unknown,3,adapter_pending,selected operation not wired; not a library capability claim,,,,,strict,2,,,0,0,,,,,,,,
go2,inverse_dynamics_gradient,bard,128,collection,unknown,unknown,3,adapter_pending,selected operation not wired; not a library capability claim,,,,,strict,2,,,0,0,,,,,,,,
go2,inverse_dynamics_gradient,bard,256,collection,unknown,unknown,3,adapter_pending,selected operation not wired; not a library capability claim,,,,,strict,2,,,0,0,,,,,,,,
go2,inverse_dynamics_gradient,bard,1024,collection,unknown,unknown,3,adapter_pending,selected operation not wired; not a library capability claim,,,,,strict,2,,,0,0,,,,,,,,
go2,inverse_dynamics_gradient,frax,16,collection,unknown,unknown,3,model_mismatch,existing Frax adapter uses a six-coordinate floating base; shared quaternion fixture needs a validated conversion,,,,,strict,2,,,0,0,,,,,,,,
go2,inverse_dynamics_gradient,frax,32,collection,unknown,unknown,3,model_mismatch,existing Frax adapter uses a six-coordinate floating base; shared quaternion fixture needs a validated conversion,,,,,strict,2,,,0,0,,,,,,,,
go2,inverse_dynamics_gradient,frax,64,collection,unknown,unknown,3,model_mismatch,existing Frax adapter uses a six-coordinate floating base; shared quaternion fixture needs a validated conversion,,,,,strict,2,,,0,0,,,,,,,,
go2,inverse_dynamics_gradient,frax,128,collection,unknown,unknown,3,model_mismatch,existing Frax adapter uses a six-coordinate floating base; shared quaternion fixture needs a validated conversion,,,,,strict,2,,,0,0,,,,,,,,
go2,inverse_dynamics_gradient,frax,256,collection,unknown,unknown,3,model_mismatch,existing Frax adapter uses a six-coordinate floating base; shared quaternion fixture needs a validated conversion,,,,,strict,2,,,0,0,,,,,,,,
go2,inverse_dynamics_gradient,frax,1024,collection,unknown,unknown,3,model_mismatch,existing Frax adapter uses a six-coordinate floating base; shared quaternion fixture needs a validated conversion,,,,,strict,2,,,0,0,,,,,,,,
go2,inverse_dynamics_gradient,grim_cuda,16,collection,float32,analytical,3,validated,,45.636217447916664,35.220389404296874,,128,strict,2,0.0,0.0,0,10368,45.515133463541666,45.71644276936849,35.140379130045574,35.23551025390625,10.41582804361979,,2.4094146397146687e-05,1.1827002334921274e-07
go2,inverse_dynamics_gradient,grim_cuda,32,collection,float32,analytical,3,validated,,46.66272420247396,34.9668544514974,,128,strict,2,0.0,0.0,0,20736,46.618909708658855,46.691492818196615,34.96623362223307,34.98934092203776,11.695869750976563,,2.4094146397146687e-05,1.0292725709133683e-07
go2,inverse_dynamics_gradient,grim_cuda,64,collection,float32,analytical,3,validated,,49.43765655517578,35.113333740234374,,128,strict,2,0.0,0.0,0,41472,49.41643686930338,49.4538466389974,35.073604329427084,35.14491973876953,14.324322814941404,,2.427048838171686e-05,9.850858630842727e-08
go2,inverse_dynamics_gradient,grim_cuda,128,collection,float32,analytical,3,validated,,53.57043986002604,34.73836619059245,,128,strict,2,0.0,0.0,0,82944,53.35442148844401,53.776436462402344,34.6681640625,34.91121368408203,18.83207366943359,,3.0104445102097088e-05,9.883146643090084e-08
go2,inverse_dynamics_gradient,grim_cuda,256,collection,float32,analytical,3,validated,,78.65501658121745,36.26869689941406,,128,strict,2,0.0,0.0,0,165888,78.598837890625,78.83011708577475,36.201627298990886,36.33926737467448,42.38631968180339,,3.47251553876049e-05,1.0026877145884914e-07
go2,inverse_dynamics_gradient,grim_cuda,1024,collection,float32,analytical,3,validated,,257.3439732869466,116.60206899007161,,128,strict,2,0.0,0.0,0,663552,257.3223998006185,257.4035364786784,116.59882303873698,116.74842193603516,140.741904296875,,4.185132851830531e-05,9.949596272089524e-08
go2,inverse_dynamics_gradient,grim_jax,16,collection,float32,analytical,3,validated,,276.59794999999997,78.63756666666666,,,strict,2,0.0,0.0,0,10368,223.60818,277.60335000000003,70.35539,86.50596999999999,197.9603833333333,,2.4094146397146687e-05,1.1827002334921274e-07
go2,inverse_dynamics_gradient,grim_jax,32,collection,float32,analytical,3,validated,,289.14064,67.44495666666667,,,strict,2,0.0,0.0,0,20736,255.97118333333333,291.49991,66.27374666666667,78.75573333333334,221.69568333333336,,2.4094146397146687e-05,1.0292725709133683e-07
go2,inverse_dynamics_gradient,grim_jax,64,collection,float32,analytical,3,validated,,325.11329,70.80331333333334,,,strict,2,0.0,0.0,0,41472,312.22377666666665,332.41281999999995,69.85795333333333,80.15075,254.30997666666667,,2.427048838171686e-05,9.850858630842727e-08
go2,inverse_dynamics_gradient,grim_jax,128,collection,float32,analytical,3,validated,,381.8639566666667,78.39057,,,strict,2,0.0,0.0,0,82944,315.6069433333334,403.5854033333333,72.6332,82.45706333333332,303.47338666666667,,3.0104445102097088e-05,9.883146643090084e-08
go2,inverse_dynamics_gradient,grim_jax,256,collection,float32,analytical,3,validated,,406.8186766666667,77.24916666666667,,,strict,2,0.0,0.0,0,165888,355.46388666666667,439.7388433333333,73.04452666666667,87.74921333333333,329.56951000000004,,3.47251553876049e-05,1.0026877145884914e-07
go2,inverse_dynamics_gradient,grim_jax,1024,collection,float32,analytical,3,validated,,1152.12292,188.51863333333333,,,strict,2,0.0,0.0,0,663552,1064.4237799999999,1168.2133933333332,183.31254666666666,251.5032666666667,963.6042866666667,,4.185132851830531e-05,9.949596272089524e-08
go2,inverse_dynamics_gradient,grim_jax_prealloc,16,collection,float32,analytical,3,validated,,299.3161533333334,,,,strict,2,0.0,0.0,0,10368,229.37974333333338,380.77238666666665,,,,,2.4094146397146687e-05,1.1827002334921274e-07
go2,inverse_dynamics_gradient,grim_jax_prealloc,32,collection,float32,analytical,3,validated,,296.49107333333336,,,,strict,2,0.0,0.0,0,20736,236.45811333333336,318.6457633333334,,,,,2.4094146397146687e-05,1.0292725709133683e-07
go2,inverse_dynamics_gradient,grim_jax_prealloc,64,collection,float32,analytical,3,validated,,318.78928,,,,strict,2,0.0,0.0,0,41472,278.6800866666667,371.2444966666667,,,,,2.427048838171686e-05,9.850858630842727e-08
go2,inverse_dynamics_gradient,grim_jax_prealloc,128,collection,float32,analytical,3,validated,,301.9038366666667,,,,strict,2,0.0,0.0,0,82944,263.18616333333335,356.30181333333337,,,,,3.0104445102097088e-05,9.883146643090084e-08
go2,inverse_dynamics_gradient,grim_jax_prealloc,256,collection,float32,analytical,3,validated,,357.2384733333333,,,,strict,2,0.0,0.0,0,165888,286.46132666666665,360.47568666666666,,,,,3.47251553876049e-05,1.0026877145884914e-07
go2,inverse_dynamics_gradient,grim_jax_prealloc,1024,collection,float32,analytical,3,validated,,542.3433033333332,,,,strict,2,0.0,0.0,0,663552,493.12216666666666,642.6909166666668,,,,,4.185132851830531e-05,9.949596272089524e-08
go2,inverse_dynamics_gradient,grim_native,16,collection,float32,analytical,3,validated,,51.76218333333333,,,,strict,2,0.0,0.0,0,10368,50.67830000000001,51.93048666666667,,,,,2.4094146397146687e-05,1.1827002334921274e-07
go2,inverse_dynamics_gradient,grim_native,32,collection,float32,analytical,3,validated,,56.4305,,,,strict,2,0.0,0.0,0,20736,56.373293333333336,57.75097,,,,,2.4094146397146687e-05,1.0292725709133683e-07
go2,inverse_dynamics_gradient,grim_native,64,collection,float32,analytical,3,validated,,60.22603,,,,strict,2,0.0,0.0,0,41472,60.12013,60.647413333333326,,,,,2.427048838171686e-05,9.850858630842727e-08
go2,inverse_dynamics_gradient,grim_native,128,collection,float32,analytical,3,validated,,84.05119333333333,,,,strict,2,0.0,0.0,0,82944,82.73100666666666,93.82875,,,,,3.0104445102097088e-05,9.883146643090084e-08
go2,inverse_dynamics_gradient,grim_native,256,collection,float32,analytical,3,validated,,123.62364666666666,,,,strict,2,0.0,0.0,0,165888,122.49690666666666,124.05102333333333,,,,,3.47251553876049e-05,1.0026877145884914e-07
go2,inverse_dynamics_gradient,grim_native,1024,collection,float32,analytical,3,validated,,363.65641000000005,,,,strict,2,0.0,0.0,0,663552,360.6766433333333,365.31763666666666,,,,,4.185132851830531e-05,9.949596272089524e-08
go2,inverse_dynamics_gradient,grim_numpy,16,collection,float32,analytical,3,validated,,60.08743333333333,,,,strict,2,0.0,0.0,0,10368,59.91156999999999,60.38822666666667,,,,,2.4094146397146687e-05,1.1827002334921274e-07
go2,inverse_dynamics_gradient,grim_numpy,32,collection,float32,analytical,3,validated,,65.94066,,,,strict,2,0.0,0.0,0,20736,64.82612666666667,66.62580333333334,,,,,2.4094146397146687e-05,1.0292725709133683e-07
go2,inverse_dynamics_gradient,grim_numpy,64,collection,float32,analytical,3,validated,,76.30223666666667,,,,strict,2,0.0,0.0,0,41472,76.07761,76.72234333333334,,,,,2.427048838171686e-05,9.850858630842727e-08
go2,inverse_dynamics_gradient,grim_numpy,128,collection,float32,analytical,3,validated,,110.62044333333334,,,,strict,2,0.0,0.0,0,82944,109.95182666666665,111.15126,,,,,3.0104445102097088e-05,9.883146643090084e-08
go2,inverse_dynamics_gradient,grim_numpy,256,collection,float32,analytical,3,validated,,171.95752666666667,,,,strict,2,0.0,0.0,0,165888,168.82204333333334,175.33127000000002,,,,,3.47251553876049e-05,1.0026877145884914e-07
go2,inverse_dynamics_gradient,grim_numpy,1024,collection,float32,analytical,3,validated,,559.5220566666668,,,,strict,2,0.0,0.0,0,663552,559.1816200000001,564.7801566666666,,,,,4.185132851830531e-05,9.949596272089524e-08
go2,inverse_dynamics_gradient,grim_numpy_prealloc,16,collection,float32,analytical,3,validated,,48.15706333333333,,,,strict,2,0.0,0.0,0,10368,48.09601666666667,48.21986666666666,,,,,2.4094146397146687e-05,1.1827002334921274e-07
go2,inverse_dynamics_gradient,grim_numpy_prealloc,32,collection,float32,analytical,3,validated,,49.59627333333333,,,,strict,2,0.0,0.0,0,20736,49.531103333333334,49.62241666666666,,,,,2.4094146397146687e-05,1.0292725709133683e-07
go2,inverse_dynamics_gradient,grim_numpy_prealloc,64,collection,float32,analytical,3,validated,,52.081646666666664,,,,strict,2,0.0,0.0,0,41472,52.01144333333334,52.12730333333334,,,,,2.427048838171686e-05,9.850858630842727e-08
go2,inverse_dynamics_gradient,grim_numpy_prealloc,128,collection,float32,analytical,3,validated,,60.48054,,,,strict,2,0.0,0.0,0,82944,60.44557333333333,60.701503333333335,,,,,3.0104445102097088e-05,9.883146643090084e-08
go2,inverse_dynamics_gradient,grim_numpy_prealloc,256,collection,float32,analytical,3,validated,,90.44425333333332,,,,strict,2,0.0,0.0,0,165888,89.68266666666666,91.07168333333334,,,,,3.47251553876049e-05,1.0026877145884914e-07
go2,inverse_dynamics_gradient,grim_numpy_prealloc,1024,collection,float32,analytical,3,validated,,281.4306,,,,strict,2,0.0,0.0,0,663552,280.3254966666667,281.8836033333333,,,,,4.185132851830531e-05,9.949596272089524e-08
go2,inverse_dynamics_gradient,grim_torch,16,collection,float32,analytical,3,validated,,84.46640666666666,44.609629999999996,,,strict,2,0.0,0.0,0,10368,84.34137,86.16528000000001,44.53985666666666,44.87963333333333,39.85677666666666,,2.4094146397146687e-05,1.1827002334921274e-07
go2,inverse_dynamics_gradient,grim_torch,32,collection,float32,analytical,3,validated,,89.04598333333334,44.47507666666667,,,strict,2,0.0,0.0,0,20736,88.49719,89.37227333333334,44.37493666666666,45.922450000000005,44.570906666666666,,2.4094146397146687e-05,1.0292725709133683e-07
go2,inverse_dynamics_gradient,grim_torch,64,collection,float32,analytical,3,validated,,96.64570666666667,44.86888666666667,,,strict,2,0.0,0.0,0,41472,95.78892,96.86987666666668,44.48627,45.98112333333333,51.77682,,2.427048838171686e-05,9.850858630842727e-08
go2,inverse_dynamics_gradient,grim_torch,128,collection,float32,analytical,3,validated,,119.14567333333332,44.63461333333333,,,strict,2,0.0,0.0,0,82944,116.58741999999998,120.05999666666665,44.22803666666667,45.832890000000006,74.51105999999999,,3.0104445102097088e-05,9.883146643090084e-08
go2,inverse_dynamics_gradient,grim_torch,256,collection,float32,analytical,3,validated,,157.2148633333333,47.38074,,,strict,2,0.0,0.0,0,165888,157.08294666666666,161.17793333333333,47.1709,48.52264666666667,109.83412333333331,,3.47251553876049e-05,1.0026877145884914e-07
go2,inverse_dynamics_gradient,grim_torch,1024,collection,float32,analytical,3,validated,,385.09444333333334,123.34699333333333,,,strict,2,0.0,0.0,0,663552,383.48743999999994,399.5006033333333,123.32499333333334,124.44952333333332,261.74745,,4.185132851830531e-05,9.949596272089524e-08
go2,inverse_dynamics_gradient,grim_torch_prealloc,16,collection,float32,analytical,3,validated,,59.43005,,,,strict,2,0.0,0.0,0,10368,57.83947333333334,59.48415333333333,,,,,2.4094146397146687e-05,1.1827002334921274e-07
go2,inverse_dynamics_gradient,grim_torch_prealloc,32,collection,float32,analytical,3,validated,,60.02928999999999,,,,strict,2,0.0,0.0,0,20736,58.94738666666667,60.73663333333332,,,,,2.4094146397146687e-05,1.0292725709133683e-07
go2,inverse_dynamics_gradient,grim_torch_prealloc,64,collection,float32,analytical,3,validated,,62.82190666666667,,,,strict,2,0.0,0.0,0,41472,61.186066666666676,63.06506666666668,,,,,2.427048838171686e-05,9.850858630842727e-08
go2,inverse_dynamics_gradient,grim_torch_prealloc,128,collection,float32,analytical,3,validated,,67.50914999999999,,,,strict,2,0.0,0.0,0,82944,66.04031666666667,67.52674666666665,,,,,3.0104445102097088e-05,9.883146643090084e-08
go2,inverse_dynamics_gradient,grim_torch_prealloc,256,collection,float32,analytical,3,validated,,89.45889000000001,,,,strict,2,0.0,0.0,0,165888,89.42578666666667,90.28542,,,,,3.47251553876049e-05,1.0026877145884914e-07
go2,inverse_dynamics_gradient,grim_torch_prealloc,1024,collection,float32,analytical,3,validated,,254.68796000000003,,,,strict,2,0.0,0.0,0,663552,254.58603999999997,255.44609000000003,,,,,4.185132851830531e-05,9.949596272089524e-08
go2,inverse_dynamics_gradient,mjx,16,collection,float32,autodiff,3,validated,,868.2167333333333,619.7883999999999,,,strict,2,2.6702880859375e-05,4.963638587143529e-07,0,10368,711.8818233333333,881.3782499999999,521.6377533333333,650.74033,248.4283333333334,,6.81279134084889e-05,8.863792268545361e-07
go2,inverse_dynamics_gradient,mjx,32,collection,float32,autodiff,3,validated,,963.9328499999999,806.8335866666666,,,strict,2,4.100799560546875e-05,3.913775172116102e-07,0,20736,748.6121499999999,1016.9910366666667,484.9070266666666,994.7788533333332,,negative total-minus-resident in at least one repeat; decomposition unavailable,8.14793538381764e-05,9.102075879439898e-07
go2,inverse_dynamics_gradient,mjx,64,collection,float32,autodiff,3,validated,,1022.3172599999998,882.3504933333332,,,strict,2,2.86102294921875e-05,6.62192821858754e-07,0,41472,984.3709633333333,1120.4290533333333,676.7397766666668,1033.1498900000001,,negative total-minus-resident in at least one repeat; decomposition unavailable,7.76646565725514e-05,9.878652884511287e-07
go2,inverse_dynamics_gradient,mjx,128,collection,float32,autodiff,3,validated,,1069.1598133333334,1017.7275733333333,,,strict,2,4.9591064453125e-05,5.722927855449817e-07,0,82944,1045.0803066666667,1160.98609,739.3796566666666,1137.5137633333331,51.43224000000009,,6.75524245394854e-05,1.0933131437593668e-06
go2,inverse_dynamics_gradient,mjx,256,collection,float32,autodiff,3,validated,,1573.5415966666667,1139.0811833333335,,,strict,2,5.53131103515625e-05,6.101649622939836e-07,0,165888,1203.86804,1720.4323200000001,1056.5306400000002,1154.59906,434.46041333333324,,6.659875022307915e-05,1.1069971524662423e-06
go2,inverse_dynamics_gradient,mjx,1024,collection,float32,autodiff,3,validated,,3081.4310199999995,2490.7420700000002,,,strict,2,3.719329833984375e-05,6.807220660027902e-07,0,663552,3006.309123333333,3274.9697800000004,2392.6569199999994,2515.1306566666663,590.6889499999993,,7.13671218051104e-05,1.1596894244732691e-06
go2,inverse_dynamics_gradient,mujoco_cpu,16,collection,unknown,unknown,3,adapter_pending,no matched full tangent-space derivative adapter,,,,,strict,2,,,0,0,,,,,,,,
go2,inverse_dynamics_gradient,mujoco_cpu,32,collection,unknown,unknown,3,adapter_pending,no matched full tangent-space derivative adapter,,,,,strict,2,,,0,0,,,,,,,,
go2,inverse_dynamics_gradient,mujoco_cpu,64,collection,unknown,unknown,3,adapter_pending,no matched full tangent-space derivative adapter,,,,,strict,2,,,0,0,,,,,,,,
go2,inverse_dynamics_gradient,mujoco_cpu,128,collection,unknown,unknown,3,adapter_pending,no matched full tangent-space derivative adapter,,,,,strict,2,,,0,0,,,,,,,,
go2,inverse_dynamics_gradient,mujoco_cpu,256,collection,unknown,unknown,3,adapter_pending,no matched full tangent-space derivative adapter,,,,,strict,2,,,0,0,,,,,,,,
go2,inverse_dynamics_gradient,mujoco_cpu,1024,collection,unknown,unknown,3,adapter_pending,no matched full tangent-space derivative adapter,,,,,strict,2,,,0,0,,,,,,,,
go2,inverse_dynamics_gradient,mujoco_warp,16,collection,unknown,unknown,3,adapter_pending,no matched full tangent-space derivative adapter,,,,,strict,2,,,0,0,,,,,,,,
go2,inverse_dynamics_gradient,mujoco_warp,32,collection,unknown,unknown,3,adapter_pending,no matched full tangent-space derivative adapter,,,,,strict,2,,,0,0,,,,,,,,
go2,inverse_dynamics_gradient,mujoco_warp,64,collection,unknown,unknown,3,adapter_pending,no matched full tangent-space derivative adapter,,,,,strict,2,,,0,0,,,,,,,,
go2,inverse_dynamics_gradient,mujoco_warp,128,collection,unknown,unknown,3,adapter_pending,no matched full tangent-space derivative adapter,,,,,strict,2,,,0,0,,,,,,,,
go2,inverse_dynamics_gradient,mujoco_warp,256,collection,unknown,unknown,3,adapter_pending,no matched full tangent-space derivative adapter,,,,,strict,2,,,0,0,,,,,,,,
go2,inverse_dynamics_gradient,mujoco_warp,1024,collection,unknown,unknown,3,adapter_pending,no matched full tangent-space derivative adapter,,,,,strict,2,,,0,0,,,,,,,,
go2,inverse_dynamics_gradient,pinocchio,16,collection,float32,codegen,3,validated,,18.247909999999997,,,8,strict,2,0.0,0.0,0,10368,18.09661333333333,19.450013333333334,,,,,3.635557588133054e-05,1.7977978033127544e-07
go2,inverse_dynamics_gradient,pinocchio,32,collection,float32,codegen,3,validated,,26.153736666666667,,,8,strict,2,0.0,0.0,0,20736,26.068099999999998,26.323673333333335,,,,,3.771331040525183e-05,1.4937882508531856e-07
go2,inverse_dynamics_gradient,pinocchio,64,collection,float32,codegen,3,validated,,42.06455666666667,,,8,strict,2,0.0,0.0,0,41472,41.75490666666667,42.57238,,,,,3.771331040525183e-05,1.5333612141813536e-07
go2,inverse_dynamics_gradient,pinocchio,128,collection,float32,codegen,3,validated,,69.66004666666667,,,8,strict,2,0.0,0.0,0,82944,68.37722333333332,73.12210666666665,,,,,3.771331040525183e-05,1.597046539454011e-07
go2,inverse_dynamics_gradient,pinocchio,256,collection,float32,codegen,3,validated,,122.89488333333333,,,8,strict,2,0.0,0.0,0,165888,121.66301666666666,136.64723666666666,,,,,4.284302680446217e-05,1.6874571932270667e-07
go2,inverse_dynamics_gradient,pinocchio,1024,collection,float32,codegen,3,validated,,657.8362866666666,,,8,strict,2,0.0,0.0,0,663552,463.43799666666666,687.6210633333333,,,,,5.190838302837619e-05,1.7621734623732093e-07
go2,inverse_dynamics_gradient,pinocchio_plain,16,collection,float32,standard Pinocchio API (no codegen),3,validated,,22.427263333333332,,,8,strict,2,0.0,0.0,0,10368,22.364036666666664,25.15698,,,,,4.6314486976228864e-05,1.9001654496150944e-07
go2,inverse_dynamics_gradient,pinocchio_plain,32,collection,float32,standard Pinocchio API (no codegen),3,validated,,34.11060333333334,,,8,strict,2,0.0,0.0,0,20736,34.10244333333333,34.417606666666664,,,,,4.6314486976228864e-05,1.559480224247335e-07
go2,inverse_dynamics_gradient,pinocchio_plain,64,collection,float32,standard Pinocchio API (no codegen),3,validated,,56.519323333333325,,,8,strict,2,0.0,0.0,0,41472,56.22211000000001,56.78649999999999,,,,,4.6314486976228864e-05,1.4077917284867691e-07
go2,inverse_dynamics_gradient,pinocchio_plain,128,collection,float32,standard Pinocchio API (no codegen),3,validated,,100.08064333333333,,,8,strict,2,0.0,0.0,0,82944,99.69761333333334,103.58286666666667,,,,,4.6314486976228864e-05,1.4993968756405828e-07
go2,inverse_dynamics_gradient,pinocchio_plain,256,collection,float32,standard Pinocchio API (no codegen),3,validated,,385.95202,,,8,strict,2,0.0,0.0,0,165888,197.51739,394.96293000000003,,,,,5.632088101492627e-05,1.5886816261607602e-07
go2,inverse_dynamics_gradient,pinocchio_plain,1024,collection,float32,standard Pinocchio API (no codegen),3,validated,,941.8431333333335,,,8,strict,2,0.0,0.0,0,663552,719.3633066666666,945.6415033333334,,,,,5.632088101492627e-05,1.7331838668919128e-07
iiwa14,idsva_so,bard,16,collection,unknown,unknown,3,excluded_method,analytical Hessian study; no finite-difference or nested-autodiff Hessian sweep,,,,,strict,2,,,0,0,,,,,,,,
iiwa14,idsva_so,bard,32,collection,unknown,unknown,3,excluded_method,analytical Hessian study; no finite-difference or nested-autodiff Hessian sweep,,,,,strict,2,,,0,0,,,,,,,,
iiwa14,idsva_so,bard,64,collection,unknown,unknown,3,excluded_method,analytical Hessian study; no finite-difference or nested-autodiff Hessian sweep,,,,,strict,2,,,0,0,,,,,,,,
iiwa14,idsva_so,bard,128,collection,unknown,unknown,3,excluded_method,analytical Hessian study; no finite-difference or nested-autodiff Hessian sweep,,,,,strict,2,,,0,0,,,,,,,,
iiwa14,idsva_so,bard,256,collection,unknown,unknown,3,excluded_method,analytical Hessian study; no finite-difference or nested-autodiff Hessian sweep,,,,,strict,2,,,0,0,,,,,,,,
iiwa14,idsva_so,bard,1024,collection,unknown,unknown,3,excluded_method,analytical Hessian study; no finite-difference or nested-autodiff Hessian sweep,,,,,strict,2,,,0,0,,,,,,,,
iiwa14,idsva_so,frax,16,collection,unknown,unknown,3,excluded_method,analytical Hessian study; no finite-difference or nested-autodiff Hessian sweep,,,,,strict,2,,,0,0,,,,,,,,
iiwa14,idsva_so,frax,32,collection,unknown,unknown,3,excluded_method,analytical Hessian study; no finite-difference or nested-autodiff Hessian sweep,,,,,strict,2,,,0,0,,,,,,,,
iiwa14,idsva_so,frax,64,collection,unknown,unknown,3,excluded_method,analytical Hessian study; no finite-difference or nested-autodiff Hessian sweep,,,,,strict,2,,,0,0,,,,,,,,
iiwa14,idsva_so,frax,128,collection,unknown,unknown,3,excluded_method,analytical Hessian study; no finite-difference or nested-autodiff Hessian sweep,,,,,strict,2,,,0,0,,,,,,,,
iiwa14,idsva_so,frax,256,collection,unknown,unknown,3,excluded_method,analytical Hessian study; no finite-difference or nested-autodiff Hessian sweep,,,,,strict,2,,,0,0,,,,,,,,
iiwa14,idsva_so,frax,1024,collection,unknown,unknown,3,excluded_method,analytical Hessian study; no finite-difference or nested-autodiff Hessian sweep,,,,,strict,2,,,0,0,,,,,,,,
iiwa14,idsva_so,grim_cuda,16,collection,float32,analytical,3,validated,,48.88376993815104,33.887809346516924,,512,strict,2,0.0,0.0,0,21952,48.58059254964193,48.977107543945316,33.871840413411455,34.25230997721354,14.995960591634116,,0.0003850563127052453,9.701275153427724e-07
iiwa14,idsva_so,grim_cuda,32,collection,float32,analytical,3,validated,,51.34627655029297,33.92420644124349,,512,strict,2,0.0,0.0,0,43904,51.12033020019531,51.393331604003905,33.875059611002605,34.25096984863281,17.42207010904948,,0.0003850563127052453,9.6671253515475e-07
iiwa14,idsva_so,grim_cuda,64,collection,float32,analytical,3,validated,,54.94252370198568,33.40338002522787,,512,strict,2,0.0,0.0,0,87808,54.84544667561849,54.98806467692057,33.32017761230469,33.711269022623696,21.53914367675781,,0.0003850563127052453,9.529907226295836e-07
iiwa14,idsva_so,grim_cuda,128,collection,float32,analytical,3,validated,,80.73254028320312,34.277144775390624,,512,strict,2,0.0,0.0,0,175616,80.06816955566406,80.90160725911458,34.21927978515625,34.57176025390625,46.4553955078125,,0.0003850563127052453,9.188525554707305e-07
iiwa14,idsva_so,grim_cuda,256,collection,float32,analytical,3,validated,,112.48210591634114,39.74251424153646,,512,strict,2,0.0,0.0,0,351232,112.43062662760417,112.730002339681,39.69928009033203,40.11167032877604,72.73959167480467,,0.0003850563127052453,8.963390106044025e-07
iiwa14,idsva_so,grim_cuda,1024,collection,float32,analytical,3,validated,,374.140979309082,104.81194396972656,,512,strict,2,0.0,0.0,0,1404928,373.94310689290364,375.2129104614258,104.79298065185547,105.28629720052083,269.32903533935547,,0.0003850563127052453,8.819259951015005e-07
iiwa14,idsva_so,grim_jax,16,collection,float32,analytical,3,validated,,300.82305333333335,83.79953666666668,,,strict,2,0.0,0.0,0,21952,280.0692533333334,303.4130333333333,71.57922333333335,175.02000666666666,217.02351666666667,,0.0003850563127052453,9.701275153427724e-07
iiwa14,idsva_so,grim_jax,32,collection,float32,analytical,3,validated,,294.34905333333336,86.34356666666666,,,strict,2,0.0,0.0,0,43904,286.3301933333333,327.5424433333334,72.66010666666666,86.73104666666666,208.00548666666668,,0.0003850563127052453,9.6671253515475e-07
iiwa14,idsva_so,grim_jax,64,collection,float32,analytical,3,validated,,335.79757,80.25533,,,strict,2,0.0,0.0,0,87808,316.3184366666667,357.58476333333334,74.70515333333333,102.58339666666666,255.54224,,0.0003850563127052453,9.529907226295836e-07
iiwa14,idsva_so,grim_jax,128,collection,float32,analytical,3,validated,,476.5500466666667,73.31936333333333,,,strict,2,0.0,0.0,0,175616,356.53909333333337,542.30953,72.67178,74.44596,403.23068333333333,,0.0003850563127052453,9.188525554707305e-07
iiwa14,idsva_so,grim_jax,256,collection,float32,analytical,3,validated,,588.01543,77.38186333333334,,,strict,2,0.0,0.0,0,351232,527.25216,700.5401133333332,76.74700666666668,94.78782666666666,510.6335666666667,,0.0003850563127052453,8.963390106044025e-07
iiwa14,idsva_so,grim_jax,1024,collection,float32,analytical,3,validated,,2228.1750700000002,166.73881666666665,,,strict,2,0.0,0.0,0,1404928,1999.9037166666667,2455.92936,153.8756666666667,175.12643666666665,2061.4362533333338,,0.0003850563127052453,8.819259951015005e-07
iiwa14,idsva_so,grim_jax_prealloc,16,collection,float32,analytical,3,validated,,329.83339666666666,,,,strict,2,0.0,0.0,0,21952,321.6987433333333,340.26102,,,,,0.0003850563127052453,9.701275153427724e-07
iiwa14,idsva_so,grim_jax_prealloc,32,collection,float32,analytical,3,validated,,318.62769333333335,,,,strict,2,0.0,0.0,0,43904,306.69862666666666,386.1142033333333,,,,,0.0003850563127052453,9.6671253515475e-07
iiwa14,idsva_so,grim_jax_prealloc,64,collection,float32,analytical,3,validated,,349.3805366666666,,,,strict,2,0.0,0.0,0,87808,348.04466666666667,400.72981999999996,,,,,0.0003850563127052453,9.529907226295836e-07
iiwa14,idsva_so,grim_jax_prealloc,128,collection,float32,analytical,3,validated,,450.2999933333334,,,,strict,2,0.0,0.0,0,175616,371.8093433333334,615.7870366666666,,,,,0.0003850563127052453,9.188525554707305e-07
iiwa14,idsva_so,grim_jax_prealloc,256,collection,float32,analytical,3,validated,,565.0646033333334,,,,strict,2,0.0,0.0,0,351232,536.1664633333332,701.6789366666667,,,,,0.0003850563127052453,8.963390106044025e-07
iiwa14,idsva_so,grim_jax_prealloc,1024,collection,float32,analytical,3,validated,,904.2821766666668,,,,strict,2,0.0,0.0,0,1404928,762.2023399999999,1124.9612566666665,,,,,0.0003850563127052453,8.819259951015005e-07
iiwa14,idsva_so,grim_numpy,16,collection,float32,analytical,3,validated,,62.19150333333334,,,,strict,2,0.0,0.0,0,21952,62.09714333333334,63.39877666666666,,,,,0.0003850563127052453,9.701275153427724e-07
iiwa14,idsva_so,grim_numpy,32,collection,float32,analytical,3,validated,,68.90196333333333,,,,strict,2,0.0,0.0,0,43904,68.82114666666666,69.34820666666667,,,,,0.0003850563127052453,9.6671253515475e-07
iiwa14,idsva_so,grim_numpy,64,collection,float32,analytical,3,validated,,88.23588666666666,,,,strict,2,0.0,0.0,0,87808,88.19464333333332,90.24809666666667,,,,,0.0003850563127052453,9.529907226295836e-07
iiwa14,idsva_so,grim_numpy,128,collection,float32,analytical,3,validated,,126.12837666666667,,,,strict,2,0.0,0.0,0,175616,125.9814,126.52533666666665,,,,,0.0003850563127052453,9.188525554707305e-07
iiwa14,idsva_so,grim_numpy,256,collection,float32,analytical,3,validated,,185.60376999999997,,,,strict,2,0.0,0.0,0,351232,183.26618666666667,187.11227666666665,,,,,0.0003850563127052453,8.963390106044025e-07
iiwa14,idsva_so,grim_numpy,1024,collection,float32,analytical,3,validated,,526.0769933333333,,,,strict,2,0.0,0.0,0,1404928,516.5220366666666,530.4413133333334,,,,,0.0003850563127052453,8.819259951015005e-07
iiwa14,idsva_so,grim_numpy_prealloc,16,collection,float32,analytical,3,validated,,55.03248333333334,,,,strict,2,0.0,0.0,0,21952,54.87151000000001,55.086703333333325,,,,,0.0003850563127052453,9.701275153427724e-07
iiwa14,idsva_so,grim_numpy_prealloc,32,collection,float32,analytical,3,validated,,57.432426666666665,,,,strict,2,0.0,0.0,0,43904,57.42353666666666,57.60293666666667,,,,,0.0003850563127052453,9.6671253515475e-07
iiwa14,idsva_so,grim_numpy_prealloc,64,collection,float32,analytical,3,validated,,61.076986666666656,,,,strict,2,0.0,0.0,0,87808,60.69142,61.29505666666667,,,,,0.0003850563127052453,9.529907226295836e-07
iiwa14,idsva_so,grim_numpy_prealloc,128,collection,float32,analytical,3,validated,,86.25689666666668,,,,strict,2,0.0,0.0,0,175616,86.22238666666667,86.48977,,,,,0.0003850563127052453,9.188525554707305e-07
iiwa14,idsva_so,grim_numpy_prealloc,256,collection,float32,analytical,3,validated,,119.32454666666665,,,,strict,2,0.0,0.0,0,351232,118.67493333333334,119.85954000000001,,,,,0.0003850563127052453,8.963390106044025e-07
iiwa14,idsva_so,grim_numpy_prealloc,1024,collection,float32,analytical,3,validated,,391.62002666666666,,,,strict,2,0.0,0.0,0,1404928,391.40015000000005,391.9767533333333,,,,,0.0003850563127052453,8.819259951015005e-07
iiwa14,idsva_so,grim_torch,16,collection,float32,analytical,3,validated,,123.95751333333334,45.97367,,,strict,2,0.0,0.0,0,21952,123.51810666666667,124.07627000000001,45.74033,46.03830000000001,77.98384333333334,,0.0003850563127052453,9.701275153427724e-07
iiwa14,idsva_so,grim_torch,32,collection,float32,analytical,3,validated,,134.99501333333333,45.95311999999999,,,strict,2,0.0,0.0,0,43904,134.46928,135.3573,45.87860333333334,45.96886,89.04189333333335,,0.0003850563127052453,9.6671253515475e-07
iiwa14,idsva_so,grim_torch,64,collection,float32,analytical,3,validated,,148.60070000000002,45.52695333333333,,,strict,2,0.0,0.0,0,87808,148.11695666666665,151.38236333333333,45.40037,45.54369,103.0737466666667,,0.0003850563127052453,9.529907226295836e-07
iiwa14,idsva_so,grim_torch,128,collection,float32,analytical,3,validated,,177.32801333333333,46.155723333333334,,,strict,2,0.0,0.0,0,175616,176.56626000000003,178.04266333333334,46.00266333333333,47.14831333333333,131.17229,,0.0003850563127052453,9.188525554707305e-07
iiwa14,idsva_so,grim_torch,256,collection,float32,analytical,3,validated,,275.20957,50.497150000000005,,,strict,2,0.0,0.0,0,351232,272.97966,275.75318,50.35824333333334,51.529763333333335,224.71241999999998,,0.0003850563127052453,8.963390106044025e-07
iiwa14,idsva_so,grim_torch,1024,collection,float32,analytical,3,validated,,711.64134,100.12435,,,strict,2,0.0,0.0,0,1404928,698.57839,721.7312933333334,99.95394,101.07958666666667,611.51699,,0.0003850563127052453,8.819259951015005e-07
iiwa14,idsva_so,grim_torch_prealloc,16,collection,float32,analytical,3,validated,,76.29195999999999,,,,strict,2,0.0,0.0,0,21952,72.97573999999999,77.95442666666668,,,,,0.0003850563127052453,9.701275153427724e-07
iiwa14,idsva_so,grim_torch_prealloc,32,collection,float32,analytical,3,validated,,77.23985666666667,,,,strict,2,0.0,0.0,0,43904,74.91850333333333,78.01045,,,,,0.0003850563127052453,9.6671253515475e-07
iiwa14,idsva_so,grim_torch_prealloc,64,collection,float32,analytical,3,validated,,81.46115,,,,strict,2,0.0,0.0,0,87808,81.34467,81.75276333333332,,,,,0.0003850563127052453,9.529907226295836e-07
iiwa14,idsva_so,grim_torch_prealloc,128,collection,float32,analytical,3,validated,,106.29981,,,,strict,2,0.0,0.0,0,175616,104.75791999999998,107.61053,,,,,0.0003850563127052453,9.188525554707305e-07
iiwa14,idsva_so,grim_torch_prealloc,256,collection,float32,analytical,3,validated,,154.61849,,,,strict,2,0.0,0.0,0,351232,153.08657666666667,154.64875333333333,,,,,0.0003850563127052453,8.963390106044025e-07
iiwa14,idsva_so,grim_torch_prealloc,1024,collection,float32,analytical,3,validated,,400.4342,,,,strict,2,0.0,0.0,0,1404928,395.61666999999994,401.14607333333333,,,,,0.0003850563127052453,8.819259951015005e-07
iiwa14,idsva_so,mjx,16,collection,unknown,unknown,3,excluded_method,analytical Hessian study; no finite-difference or nested-autodiff Hessian sweep,,,,,strict,2,,,0,0,,,,,,,,
iiwa14,idsva_so,mjx,32,collection,unknown,unknown,3,excluded_method,analytical Hessian study; no finite-difference or nested-autodiff Hessian sweep,,,,,strict,2,,,0,0,,,,,,,,
iiwa14,idsva_so,mjx,64,collection,unknown,unknown,3,excluded_method,analytical Hessian study; no finite-difference or nested-autodiff Hessian sweep,,,,,strict,2,,,0,0,,,,,,,,
iiwa14,idsva_so,mjx,128,collection,unknown,unknown,3,excluded_method,analytical Hessian study; no finite-difference or nested-autodiff Hessian sweep,,,,,strict,2,,,0,0,,,,,,,,
iiwa14,idsva_so,mjx,256,collection,unknown,unknown,3,excluded_method,analytical Hessian study; no finite-difference or nested-autodiff Hessian sweep,,,,,strict,2,,,0,0,,,,,,,,
iiwa14,idsva_so,mjx,1024,collection,unknown,unknown,3,excluded_method,analytical Hessian study; no finite-difference or nested-autodiff Hessian sweep,,,,,strict,2,,,0,0,,,,,,,,
iiwa14,idsva_so,mujoco_cpu,16,collection,unknown,unknown,3,excluded_method,analytical Hessian study; no finite-difference or nested-autodiff Hessian sweep,,,,,strict,2,,,0,0,,,,,,,,
iiwa14,idsva_so,mujoco_cpu,32,collection,unknown,unknown,3,excluded_method,analytical Hessian study; no finite-difference or nested-autodiff Hessian sweep,,,,,strict,2,,,0,0,,,,,,,,
iiwa14,idsva_so,mujoco_cpu,64,collection,unknown,unknown,3,excluded_method,analytical Hessian study; no finite-difference or nested-autodiff Hessian sweep,,,,,strict,2,,,0,0,,,,,,,,
iiwa14,idsva_so,mujoco_cpu,128,collection,unknown,unknown,3,excluded_method,analytical Hessian study; no finite-difference or nested-autodiff Hessian sweep,,,,,strict,2,,,0,0,,,,,,,,
iiwa14,idsva_so,mujoco_cpu,256,collection,unknown,unknown,3,excluded_method,analytical Hessian study; no finite-difference or nested-autodiff Hessian sweep,,,,,strict,2,,,0,0,,,,,,,,
iiwa14,idsva_so,mujoco_cpu,1024,collection,unknown,unknown,3,excluded_method,analytical Hessian study; no finite-difference or nested-autodiff Hessian sweep,,,,,strict,2,,,0,0,,,,,,,,
iiwa14,idsva_so,mujoco_warp,16,collection,unknown,unknown,3,excluded_method,analytical Hessian study; no finite-difference or nested-autodiff Hessian sweep,,,,,strict,2,,,0,0,,,,,,,,
iiwa14,idsva_so,mujoco_warp,32,collection,unknown,unknown,3,excluded_method,analytical Hessian study; no finite-difference or nested-autodiff Hessian sweep,,,,,strict,2,,,0,0,,,,,,,,
iiwa14,idsva_so,mujoco_warp,64,collection,unknown,unknown,3,excluded_method,analytical Hessian study; no finite-difference or nested-autodiff Hessian sweep,,,,,strict,2,,,0,0,,,,,,,,
iiwa14,idsva_so,mujoco_warp,128,collection,unknown,unknown,3,excluded_method,analytical Hessian study; no finite-difference or nested-autodiff Hessian sweep,,,,,strict,2,,,0,0,,,,,,,,
iiwa14,idsva_so,mujoco_warp,256,collection,unknown,unknown,3,excluded_method,analytical Hessian study; no finite-difference or nested-autodiff Hessian sweep,,,,,strict,2,,,0,0,,,,,,,,
iiwa14,idsva_so,mujoco_warp,1024,collection,unknown,unknown,3,excluded_method,analytical Hessian study; no finite-difference or nested-autodiff Hessian sweep,,,,,strict,2,,,0,0,,,,,,,,
iiwa14,idsva_so,pinocchio,16,collection,float64,analytical direct/composed,3,validated,,30.57481333333333,,,8,strict,2,0.0,0.0,0,21952,30.519990000000004,32.757266666666666,,,,,0.0,0.0
iiwa14,idsva_so,pinocchio,32,collection,float64,analytical direct/composed,3,validated,,50.03995666666667,,,8,strict,2,0.0,0.0,0,43904,49.69837333333333,50.11076333333333,,,,,0.0,0.0
iiwa14,idsva_so,pinocchio,64,collection,float64,analytical direct/composed,3,validated,,85.34783666666668,,,8,strict,2,0.0,0.0,0,87808,79.24555333333333,85.63593999999999,,,,,0.0,0.0
iiwa14,idsva_so,pinocchio,128,collection,float64,analytical direct/composed,3,validated,,333.32547666666665,,,8,strict,2,0.0,0.0,0,175616,330.74543,355.97283333333337,,,,,0.0,0.0
iiwa14,idsva_so,pinocchio,256,collection,float64,analytical direct/composed,3,validated,,477.27265666666665,,,8,strict,2,0.0,0.0,0,351232,452.3619433333333,494.0772966666666,,,,,0.0,0.0
iiwa14,idsva_so,pinocchio,1024,collection,float64,analytical direct/composed,3,validated,,1403.64609,,,8,strict,2,0.0,0.0,0,1404928,1070.4508366666666,1418.1906066666668,,,,,0.0,0.0
iiwa14,idsva_so,pinocchio_plain,16,collection,float64,analytical direct/composed,3,validated,,30.562556666666666,,,8,strict,2,0.0,0.0,0,21952,30.26042,39.50584666666667,,,,,0.0,0.0
iiwa14,idsva_so,pinocchio_plain,32,collection,float64,analytical direct/composed,3,validated,,49.07859333333333,,,8,strict,2,0.0,0.0,0,43904,48.906639999999996,49.22309,,,,,0.0,0.0
iiwa14,idsva_so,pinocchio_plain,64,collection,float64,analytical direct/composed,3,validated,,85.12248666666666,,,8,strict,2,0.0,0.0,0,87808,84.97881,86.58778333333333,,,,,0.0,0.0
iiwa14,idsva_so,pinocchio_plain,128,collection,float64,analytical direct/composed,3,validated,,314.84714,,,8,strict,2,0.0,0.0,0,175616,301.85217000000006,338.8515966666667,,,,,0.0,0.0
iiwa14,idsva_so,pinocchio_plain,256,collection,float64,analytical direct/composed,3,validated,,486.94140666666675,,,8,strict,2,0.0,0.0,0,351232,481.00041333333337,496.75442,,,,,0.0,0.0
iiwa14,idsva_so,pinocchio_plain,1024,collection,float64,analytical direct/composed,3,validated,,1402.3127033333333,,,8,strict,2,0.0,0.0,0,1404928,1394.3915866666669,1404.18563,,,,,0.0,0.0
iiwa14,inverse_dynamics,bard,16,collection,float32,library dynamics,3,validated,,1652.9484133333337,1593.7485900000001,,,strict,2,0.0,0.0,0,112,1651.1515800000002,1683.4875299999999,1589.7967333333333,1660.101286666667,59.1998233333336,,5.0514773818122194e-05,1.251845248478939e-07
iiwa14,inverse_dynamics,bard,32,collection,float32,library dynamics,3,validated,,1666.9901633333334,1634.5592333333334,,,strict,2,0.0,0.0,0,224,1660.7807300000002,1730.9216933333335,1602.5345133333333,1674.0140833333332,32.43092999999999,,5.0514773818122194e-05,1.2639962697426586e-07
iiwa14,inverse_dynamics,bard,64,collection,float32,library dynamics,3,validated,,1722.1118833333333,1646.69903,,,strict,2,0.0,0.0,0,448,1681.7602100000001,1752.6015866666667,1605.8557433333333,1680.0138166666668,75.41285333333326,,5.0514773818122194e-05,1.2645394503430633e-07
iiwa14,inverse_dynamics,bard,128,collection,float32,library dynamics,3,validated,,1707.0134166666664,1633.7502,,,strict,2,0.0,0.0,0,896,1678.8578699999998,1733.9697833333332,1605.9565266666668,1662.73126,73.2632166666665,,5.0514773818122194e-05,1.273731696713713e-07
iiwa14,inverse_dynamics,bard,256,collection,float32,library dynamics,3,validated,,1710.2420033333335,1671.7676566666667,,,strict,2,0.0,0.0,0,1792,1679.1331966666667,1747.1471800000002,1592.53121,1684.482516666667,38.47434666666686,,5.0514773818122194e-05,1.324196845694738e-07
iiwa14,inverse_dynamics,bard,1024,collection,float32,library dynamics,3,validated,,1753.5384200000003,1678.2226500000002,,,strict,2,0.0,0.0,0,7168,1668.24232,1753.5514433333333,1620.1265199999998,1680.67315,75.31577000000016,,5.0514773818122194e-05,1.4813561711324927e-07
iiwa14,inverse_dynamics,frax,16,collection,float32,library dynamics,3,validated,,224.6737,71.00625,,,strict,2,0.0,0.0,0,112,203.67446,252.34929000000002,70.31807333333333,76.44047666666667,153.66745,,0.00020070937659966148,6.272690606873046e-07
iiwa14,inverse_dynamics,frax,32,collection,float32,library dynamics,3,validated,,204.31203333333335,70.03759000000001,,,strict,2,0.0,0.0,0,224,202.17666333333332,276.0060266666666,69.52627000000001,79.57678,134.27444333333335,,0.00020070937659966148,5.853935462265169e-07
iiwa14,inverse_dynamics,frax,64,collection,float32,library dynamics,3,validated,,200.60342666666668,71.65793000000001,,,strict,2,0.0,0.0,0,448,199.12070666666668,200.85252333333332,63.227673333333335,72.01429333333334,128.94549666666666,,0.00020070937659966148,5.407970496996136e-07
iiwa14,inverse_dynamics,frax,128,collection,float32,library dynamics,3,validated,,200.56027666666665,61.233606666666674,,,strict,2,0.0,0.0,0,896,196.82291666666666,201.96691333333337,58.74422333333333,67.33257,139.32666999999998,,0.00020070937659966148,4.795395780196661e-07
iiwa14,inverse_dynamics,frax,256,collection,float32,library dynamics,3,validated,,208.67201666666665,69.02136333333333,,,strict,2,0.0,0.0,0,1792,204.7878,214.51751333333334,66.92341,69.04064,139.6506533333333,,0.00020070937659966148,4.0281921575737214e-07
iiwa14,inverse_dynamics,frax,1024,collection,float32,library dynamics,3,validated,,247.23193999999998,75.02699333333334,,,strict,2,0.0,0.0,0,7168,221.24616333333333,259.52986,73.77748666666666,100.25309666666668,172.20494666666664,,0.00023122695472466148,3.048188726175978e-07
iiwa14,inverse_dynamics,grim_cuda,16,collection,float32,analytical,3,validated,,21.03714040120443,11.699776611328126,,128,strict,2,0.0,0.0,0,112,21.015846252441406,21.16855682373047,11.688199259440104,11.702689412434896,9.337363789876303,,1.9997195693122194e-05,6.991967001500385e-08
iiwa14,inverse_dynamics,grim_cuda,32,collection,float32,analytical,3,validated,,21.23836924235026,11.685310567220052,,128,strict,2,0.0,0.0,0,224,21.16900624593099,21.281892496744792,11.67496337890625,11.712410888671876,9.553058675130208,,1.9997195693122194e-05,8.018887184893777e-08
iiwa14,inverse_dynamics,grim_cuda,64,collection,float32,analytical,3,validated,,21.349823404947916,11.654003702799479,,128,strict,2,0.0,0.0,0,448,21.34025370279948,21.480462341308595,11.600060628255209,11.830566507975261,9.695819702148437,,1.9997195693122194e-05,8.812614610069091e-08
iiwa14,inverse_dynamics,grim_cuda,128,collection,float32,analytical,3,validated,,21.90747294108073,11.714529317220052,,128,strict,2,0.0,0.0,0,896,21.72802042643229,21.9980517578125,11.643492635091146,11.742450663248698,10.192943623860678,,1.9997195693122194e-05,9.494453163759033e-08
iiwa14,inverse_dynamics,grim_cuda,256,collection,float32,analytical,3,validated,,23.292791748046874,11.90126454671224,,128,strict,2,0.0,0.0,0,1792,23.12692352294922,23.40237325032552,11.84699737548828,12.08466288248698,11.391527201334634,,1.9997195693122194e-05,1.1166967958152109e-07
iiwa14,inverse_dynamics,grim_cuda,1024,collection,float32,analytical,3,validated,,27.454166463216147,13.021483357747396,,128,strict,2,0.0,0.0,0,7168,27.316344095865887,27.567920532226562,12.99402374267578,13.02333750406901,14.432683105468751,,1.9997195693122194e-05,1.328685036787583e-07
iiwa14,inverse_dynamics,grim_jax,16,collection,float32,analytical,3,validated,,201.76899666666668,46.56956666666667,,,strict,2,0.0,0.0,0,112,198.37712,203.54916999999998,45.91228666666667,56.70127666666667,155.19943,,1.9997195693122194e-05,6.991967001500385e-08
iiwa14,inverse_dynamics,grim_jax,32,collection,float32,analytical,3,validated,,202.76361333333335,45.19547,,,strict,2,0.0,0.0,0,224,194.93276666666668,213.16938666666667,44.779583333333335,45.79849333333333,157.56814333333335,,1.9997195693122194e-05,8.018887184893777e-08
iiwa14,inverse_dynamics,grim_jax,64,collection,float32,analytical,3,validated,,210.36066666666667,51.21228333333334,,,strict,2,0.0,0.0,0,448,196.99807,217.37627999999998,44.74899666666667,55.543899999999994,159.14838333333333,,1.9997195693122194e-05,8.812614610069091e-08
iiwa14,inverse_dynamics,grim_jax,128,collection,float32,analytical,3,validated,,216.98778333333337,53.39298,,,strict,2,0.0,0.0,0,896,207.02471,237.9814066666667,45.84612,55.88645666666666,163.59480333333337,,1.9997195693122194e-05,9.494453163759033e-08
iiwa14,inverse_dynamics,grim_jax,256,collection,float32,analytical,3,validated,,224.75352666666663,45.2259,,,strict,2,0.0,0.0,0,1792,215.8468366666667,235.94550333333336,44.226953333333334,45.60270333333334,179.52762666666663,,1.9997195693122194e-05,1.1166967958152109e-07
iiwa14,inverse_dynamics,grim_jax,1024,collection,float32,analytical,3,validated,,224.48718666666662,56.99727,,,strict,2,0.0,0.0,0,7168,215.15013,229.38340333333335,48.497946666666664,58.706246666666665,167.4899166666666,,1.9997195693122194e-05,1.328685036787583e-07
iiwa14,inverse_dynamics,grim_jax_prealloc,16,collection,float32,analytical,3,validated,,233.70194999999998,,,,strict,2,0.0,0.0,0,112,229.7882933333333,277.15636333333333,,,,,1.9997195693122194e-05,6.991967001500385e-08
iiwa14,inverse_dynamics,grim_jax_prealloc,32,collection,float32,analytical,3,validated,,254.1523,,,,strict,2,0.0,0.0,0,224,222.12461000000002,312.85108333333335,,,,,1.9997195693122194e-05,8.018887184893777e-08
iiwa14,inverse_dynamics,grim_jax_prealloc,64,collection,float32,analytical,3,validated,,242.81664333333333,,,,strict,2,0.0,0.0,0,448,241.59456666666665,401.78128333333325,,,,,1.9997195693122194e-05,8.812614610069091e-08
iiwa14,inverse_dynamics,grim_jax_prealloc,128,collection,float32,analytical,3,validated,,235.57621666666668,,,,strict,2,0.0,0.0,0,896,216.27639666666667,304.28024666666664,,,,,1.9997195693122194e-05,9.494453163759033e-08
iiwa14,inverse_dynamics,grim_jax_prealloc,256,collection,float32,analytical,3,validated,,302.25632,,,,strict,2,0.0,0.0,0,1792,219.56836,350.52553333333327,,,,,1.9997195693122194e-05,1.1166967958152109e-07
iiwa14,inverse_dynamics,grim_jax_prealloc,1024,collection,float32,analytical,3,validated,,284.9573266666667,,,,strict,2,0.0,0.0,0,7168,241.65062333333336,300.6901933333333,,,,,1.9997195693122194e-05,1.328685036787583e-07
iiwa14,inverse_dynamics,grim_native,16,collection,float32,analytical,3,validated,,21.569036666666666,,,,strict,2,0.0,0.0,0,112,21.551869999999997,21.66908,,,,,1.9997195693122194e-05,6.991967001500385e-08
iiwa14,inverse_dynamics,grim_native,32,collection,float32,analytical,3,validated,,21.72636,,,,strict,2,0.0,0.0,0,224,21.522893333333336,21.758213333333334,,,,,1.9997195693122194e-05,8.018887184893777e-08
iiwa14,inverse_dynamics,grim_native,64,collection,float32,analytical,3,validated,,22.07662,,,,strict,2,0.0,0.0,0,448,21.964456666666663,22.081296666666667,,,,,1.9997195693122194e-05,8.812614610069091e-08
iiwa14,inverse_dynamics,grim_native,128,collection,float32,analytical,3,validated,,22.90829,,,,strict,2,0.0,0.0,0,896,22.73572,22.98072,,,,,1.9997195693122194e-05,9.494453163759033e-08
iiwa14,inverse_dynamics,grim_native,256,collection,float32,analytical,3,validated,,24.725323333333336,,,,strict,2,0.0,0.0,0,1792,24.602513333333334,24.750929999999997,,,,,1.9997195693122194e-05,1.1166967958152109e-07
iiwa14,inverse_dynamics,grim_native,1024,collection,float32,analytical,3,validated,,45.434630000000006,,,,strict,2,0.0,0.0,0,7168,45.306670000000004,45.68007666666667,,,,,1.9997195693122194e-05,1.328685036787583e-07
iiwa14,inverse_dynamics,grim_numpy,16,collection,float32,analytical,3,validated,,23.461006666666666,,,,strict,2,0.0,0.0,0,112,23.42224333333333,23.53986666666667,,,,,1.9997195693122194e-05,6.991967001500385e-08
iiwa14,inverse_dynamics,grim_numpy,32,collection,float32,analytical,3,validated,,23.869703333333334,,,,strict,2,0.0,0.0,0,224,23.606613333333335,24.00439,,,,,1.9997195693122194e-05,8.018887184893777e-08
iiwa14,inverse_dynamics,grim_numpy,64,collection,float32,analytical,3,validated,,24.066006666666667,,,,strict,2,0.0,0.0,0,448,23.8734,24.159463333333335,,,,,1.9997195693122194e-05,8.812614610069091e-08
iiwa14,inverse_dynamics,grim_numpy,128,collection,float32,analytical,3,validated,,24.888056666666664,,,,strict,2,0.0,0.0,0,896,24.776960000000003,24.896433333333334,,,,,1.9997195693122194e-05,9.494453163759033e-08
iiwa14,inverse_dynamics,grim_numpy,256,collection,float32,analytical,3,validated,,26.791676666666664,,,,strict,2,0.0,0.0,0,1792,26.76231333333333,27.098996666666668,,,,,1.9997195693122194e-05,1.1166967958152109e-07
iiwa14,inverse_dynamics,grim_numpy,1024,collection,float32,analytical,3,validated,,47.38685,,,,strict,2,0.0,0.0,0,7168,47.08388333333334,47.8683,,,,,1.9997195693122194e-05,1.328685036787583e-07
iiwa14,inverse_dynamics,grim_numpy_prealloc,16,collection,unknown,unknown,3,not_applicable,NumPy out= exists for the gradient and second-order outputs; this operation's default call is its only host path,,,,,strict,2,,,0,0,,,,,,,,
iiwa14,inverse_dynamics,grim_numpy_prealloc,32,collection,unknown,unknown,3,not_applicable,NumPy out= exists for the gradient and second-order outputs; this operation's default call is its only host path,,,,,strict,2,,,0,0,,,,,,,,
iiwa14,inverse_dynamics,grim_numpy_prealloc,64,collection,unknown,unknown,3,not_applicable,NumPy out= exists for the gradient and second-order outputs; this operation's default call is its only host path,,,,,strict,2,,,0,0,,,,,,,,
iiwa14,inverse_dynamics,grim_numpy_prealloc,128,collection,unknown,unknown,3,not_applicable,NumPy out= exists for the gradient and second-order outputs; this operation's default call is its only host path,,,,,strict,2,,,0,0,,,,,,,,
iiwa14,inverse_dynamics,grim_numpy_prealloc,256,collection,unknown,unknown,3,not_applicable,NumPy out= exists for the gradient and second-order outputs; this operation's default call is its only host path,,,,,strict,2,,,0,0,,,,,,,,
iiwa14,inverse_dynamics,grim_numpy_prealloc,1024,collection,unknown,unknown,3,not_applicable,NumPy out= exists for the gradient and second-order outputs; this operation's default call is its only host path,,,,,strict,2,,,0,0,,,,,,,,
iiwa14,inverse_dynamics,grim_torch,16,collection,float32,analytical,3,validated,,56.98428999999999,25.91355333333333,,,strict,2,0.0,0.0,0,112,55.607769999999995,57.03734,25.772876666666672,26.163819999999998,31.070736666666658,,1.9997195693122194e-05,6.991967001500385e-08
iiwa14,inverse_dynamics,grim_torch,32,collection,float32,analytical,3,validated,,57.37612666666668,25.830523333333336,,,strict,2,0.0,0.0,0,224,55.81613333333333,58.29630333333334,25.802436666666665,26.32422,31.545603333333343,,1.9997195693122194e-05,8.018887184893777e-08
iiwa14,inverse_dynamics,grim_torch,64,collection,float32,analytical,3,validated,,58.401656666666675,26.121850000000002,,,strict,2,0.0,0.0,0,448,57.16673333333333,59.42569666666666,25.782496666666667,26.346539999999997,32.27980666666667,,1.9997195693122194e-05,8.812614610069091e-08
iiwa14,inverse_dynamics,grim_torch,128,collection,float32,analytical,3,validated,,58.79913333333334,26.401976666666663,,,strict,2,0.0,0.0,0,896,57.93338333333333,59.85136,26.383733333333332,26.495406666666664,32.397156666666675,,1.9997195693122194e-05,9.494453163759033e-08
iiwa14,inverse_dynamics,grim_torch,256,collection,float32,analytical,3,validated,,60.97036,26.723573333333334,,,strict,2,0.0,0.0,0,1792,58.92964666666667,61.052956666666674,26.520729999999997,26.807626666666664,34.246786666666665,,1.9997195693122194e-05,1.1166967958152109e-07
iiwa14,inverse_dynamics,grim_torch,1024,collection,float32,analytical,3,validated,,79.45491666666666,33.37572666666667,,,strict,2,0.0,0.0,0,7168,77.86211,80.03545333333334,33.28215333333333,33.547850000000004,46.07918999999999,,1.9997195693122194e-05,1.328685036787583e-07
iiwa14,inverse_dynamics,grim_torch_prealloc,16,collection,float32,analytical,3,validated,,36.48959333333334,,,,strict,2,0.0,0.0,0,112,36.32676333333333,37.14367666666667,,,,,1.9997195693122194e-05,6.991967001500385e-08
iiwa14,inverse_dynamics,grim_torch_prealloc,32,collection,float32,analytical,3,validated,,36.33384666666666,,,,strict,2,0.0,0.0,0,224,36.21849666666667,37.911653333333334,,,,,1.9997195693122194e-05,8.018887184893777e-08
iiwa14,inverse_dynamics,grim_torch_prealloc,64,collection,float32,analytical,3,validated,,36.14178,,,,strict,2,0.0,0.0,0,448,36.015613333333334,37.69822,,,,,1.9997195693122194e-05,8.812614610069091e-08
iiwa14,inverse_dynamics,grim_torch_prealloc,128,collection,float32,analytical,3,validated,,36.588406666666664,,,,strict,2,0.0,0.0,0,896,36.12752,37.744240000000005,,,,,1.9997195693122194e-05,9.494453163759033e-08
iiwa14,inverse_dynamics,grim_torch_prealloc,256,collection,float32,analytical,3,validated,,36.81766333333333,,,,strict,2,0.0,0.0,0,1792,36.40959,38.11969666666666,,,,,1.9997195693122194e-05,1.1166967958152109e-07
iiwa14,inverse_dynamics,grim_torch_prealloc,1024,collection,float32,analytical,3,validated,,47.49345666666667,,,,strict,2,0.0,0.0,0,7168,47.27804666666667,48.06096666666667,,,,,1.9997195693122194e-05,1.328685036787583e-07
iiwa14,inverse_dynamics,mjx,16,collection,float32,simulator,3,validated,,421.1889233333334,109.50745333333334,,,strict,2,0.0,0.0,0,112,335.05248,557.41799,101.06493,130.66366,311.68147000000005,,0.00013108198504596658,5.507281105330031e-07
iiwa14,inverse_dynamics,mjx,32,collection,float32,simulator,3,validated,,359.39749333333333,106.72823333333334,,,strict,2,0.0,0.0,0,224,357.20831666666663,463.8053933333333,103.83499333333333,117.03072999999999,252.66926,,0.00013108198504596658,5.177784818985296e-07
iiwa14,inverse_dynamics,mjx,64,collection,float32,simulator,3,validated,,434.25683,131.46737666666667,,,strict,2,0.0,0.0,0,448,274.5210133333333,450.6052933333333,116.35665333333333,158.33089,302.7894533333333,,0.00013108198504596658,4.86302026297911e-07
iiwa14,inverse_dynamics,mjx,128,collection,float32,simulator,3,validated,,404.02683,176.21749333333332,,,strict,2,0.0,0.0,0,896,283.47929000000005,556.7936166666666,112.74004000000001,183.74486666666664,227.8093366666667,,0.00013108198504596658,4.364793882738941e-07
iiwa14,inverse_dynamics,mjx,256,collection,float32,simulator,3,validated,,463.2038433333333,111.63335333333333,,,strict,2,0.0,0.0,0,1792,302.0564733333333,508.29737000000006,110.15126333333333,113.78905000000002,351.57048999999995,,0.00013108198504596658,3.7997921214870414e-07
iiwa14,inverse_dynamics,mjx,1024,collection,float32,simulator,3,validated,,451.83114,129.79972666666666,,,strict,2,0.0,0.0,0,7168,360.4034033333333,528.9260166666667,127.88899,137.27827666666667,322.0314133333334,,0.00013108198504596658,2.885079852463909e-07
iiwa14,inverse_dynamics,mujoco_cpu,16,collection,float64,simulator,3,validated,,36.878073333333326,,,,strict,2,0.0,0.0,0,112,36.33532666666667,37.281886666666665,,,,,3.410605131648481e-13,1.4462847287529149e-15
iiwa14,inverse_dynamics,mujoco_cpu,32,collection,float64,simulator,3,validated,,73.12325,,,,strict,2,0.0,0.0,0,224,72.03895,75.57516000000001,,,,,3.410605131648481e-13,1.3794809308430984e-15
iiwa14,inverse_dynamics,mujoco_cpu,64,collection,float64,simulator,3,validated,,145.35202666666666,,,,strict,2,0.0,0.0,0,448,143.98009000000002,149.3239166666667,,,,,3.410605131648481e-13,1.3069191046580382e-15
iiwa14,inverse_dynamics,mujoco_cpu,128,collection,float64,simulator,3,validated,,297.42958666666664,,,,strict,2,0.0,0.0,0,896,290.0648233333333,307.2904733333333,,,,,3.410605131648481e-13,1.2348458175306535e-15
iiwa14,inverse_dynamics,mujoco_cpu,256,collection,float64,simulator,3,validated,,631.0403333333333,,,,strict,2,0.0,0.0,0,1792,629.8166933333333,646.0371000000001,,,,,3.410605131648481e-13,1.1586936859480264e-15
iiwa14,inverse_dynamics,mujoco_cpu,1024,collection,float64,simulator,3,validated,,2614.43961,,,,strict,2,0.0,0.0,0,7168,2578.1776,2664.20118,,,,,3.410605131648481e-13,9.914568310150986e-16
iiwa14,inverse_dynamics,mujoco_warp,16,collection,float32,simulator,3,validated,,151.94141,123.50058666666669,851.1706566666667,,strict,2,0.0,0.0,0,112,151.87479333333332,151.9738233333333,123.45432333333333,123.53864333333334,28.4408233333333,,0.00013108198504596658,4.149581496125605e-07
iiwa14,inverse_dynamics,mujoco_warp,32,collection,float32,simulator,3,validated,,159.68096,130.65521,837.25543,,strict,2,0.0,0.0,0,224,159.23179666666667,160.53041000000002,130.60774999999998,130.74603333333332,29.025749999999988,,0.00013108198504596658,3.9144125067421774e-07
iiwa14,inverse_dynamics,mujoco_warp,64,collection,float32,simulator,3,validated,,175.00846333333334,139.2433433333333,850.28598,,strict,2,0.0,0.0,0,448,174.7845,175.01352999999997,139.19859,139.28604666666666,35.765120000000024,,0.00013108198504596658,3.7007585397669017e-07
iiwa14,inverse_dynamics,mujoco_warp,128,collection,float32,simulator,3,validated,,187.89106333333334,156.34042000000002,883.5044733333333,,strict,2,0.0,0.0,0,896,187.74329333333333,188.35277333333332,156.27598,156.51194999999998,31.550643333333312,,0.00013108198504596658,3.35127684712571e-07
iiwa14,inverse_dynamics,mujoco_warp,256,collection,float32,simulator,3,validated,,213.59069666666667,181.48779,870.7649999999999,,strict,2,0.0,0.0,0,1792,213.13532999999998,213.68742666666668,181.46267333333336,181.70974666666666,32.102906666666684,,0.00013108198504596658,3.0209367828512466e-07
iiwa14,inverse_dynamics,mujoco_warp,1024,collection,float32,simulator,3,validated,,246.55880000000005,208.64821666666668,887.4892266666666,,strict,2,0.0,0.0,0,7168,245.94148666666666,247.39280333333335,208.36798666666667,208.77748666666668,37.91058333333336,,0.00013108198504596658,2.4688129581440125e-07
iiwa14,inverse_dynamics,pinocchio,16,collection,float32,codegen,3,validated,,4.611926666666666,,,1,strict,2,0.0,0.0,0,112,4.589646666666666,4.61789,,,,,4.152389976752602e-05,1.044081761995336e-07
iiwa14,inverse_dynamics,pinocchio,32,collection,float32,codegen,3,validated,,7.249603333333335,,,1,strict,2,0.0,0.0,0,224,7.127676666666666,7.370706666666667,,,,,4.152389976752602e-05,1.0228619218346183e-07
iiwa14,inverse_dynamics,pinocchio,64,collection,float32,codegen,3,validated,,11.852556666666667,,,8,strict,2,0.0,0.0,0,448,11.832126666666666,12.00284,,,,,4.152389976752602e-05,1.0668346236253142e-07
iiwa14,inverse_dynamics,pinocchio,128,collection,float32,codegen,3,validated,,12.806963333333334,,,8,strict,2,0.0,0.0,0,896,12.680636666666667,12.842703333333334,,,,,4.152389976752602e-05,1.050468510092737e-07
iiwa14,inverse_dynamics,pinocchio,256,collection,float32,codegen,3,validated,,15.828863333333333,,,8,strict,2,0.0,0.0,0,1792,15.572933333333332,15.964726666666666,,,,,4.152389976752602e-05,1.1049146094440608e-07
iiwa14,inverse_dynamics,pinocchio,1024,collection,float32,codegen,3,validated,,33.366576666666674,,,8,strict,2,0.0,0.0,0,7168,33.23733666666667,33.37599333333333,,,,,4.152389976752602e-05,1.1579790480293126e-07
iiwa14,inverse_dynamics,pinocchio_plain,16,collection,float32,standard Pinocchio API (no codegen),3,validated,,8.213713333333335,,,1,strict,2,0.0,0.0,0,112,8.152846666666667,8.220703333333335,,,,,3.0079807970651018e-05,1.1174273807469392e-07
iiwa14,inverse_dynamics,pinocchio_plain,32,collection,float32,standard Pinocchio API (no codegen),3,validated,,12.958503333333335,,,1/8,strict,2,0.0,0.0,0,224,12.143663333333334,15.181443333333334,,,,,3.0079807970651018e-05,1.0806838899264435e-07
iiwa14,inverse_dynamics,pinocchio_plain,64,collection,float32,standard Pinocchio API (no codegen),3,validated,,13.733373333333333,,,8,strict,2,0.0,0.0,0,448,13.23784,13.922896666666666,,,,,3.0079807970651018e-05,1.130830903681521e-07
iiwa14,inverse_dynamics,pinocchio_plain,128,collection,float32,standard Pinocchio API (no codegen),3,validated,,17.603463333333334,,,8,strict,2,0.0,0.0,0,896,17.337256666666665,18.266563333333334,,,,,3.0079807970651018e-05,1.0949480578617132e-07
iiwa14,inverse_dynamics,pinocchio_plain,256,collection,float32,standard Pinocchio API (no codegen),3,validated,,25.76574,,,8,strict,2,0.0,0.0,0,1792,24.59709,26.438066666666668,,,,,3.0079807970651018e-05,1.1755481696882186e-07
iiwa14,inverse_dynamics,pinocchio_plain,1024,collection,float32,standard Pinocchio API (no codegen),3,validated,,68.69606333333331,,,8,strict,2,0.0,0.0,0,7168,61.463846666666676,74.96495666666667,,,,,3.0079807970651018e-05,1.2140703404134952e-07
iiwa14,inverse_dynamics_gradient,bard,16,collection,unknown,unknown,3,adapter_pending,selected operation not wired; not a library capability claim,,,,,strict,2,,,0,0,,,,,,,,
iiwa14,inverse_dynamics_gradient,bard,32,collection,unknown,unknown,3,adapter_pending,selected operation not wired; not a library capability claim,,,,,strict,2,,,0,0,,,,,,,,
iiwa14,inverse_dynamics_gradient,bard,64,collection,unknown,unknown,3,adapter_pending,selected operation not wired; not a library capability claim,,,,,strict,2,,,0,0,,,,,,,,
iiwa14,inverse_dynamics_gradient,bard,128,collection,unknown,unknown,3,adapter_pending,selected operation not wired; not a library capability claim,,,,,strict,2,,,0,0,,,,,,,,
iiwa14,inverse_dynamics_gradient,bard,256,collection,unknown,unknown,3,adapter_pending,selected operation not wired; not a library capability claim,,,,,strict,2,,,0,0,,,,,,,,
iiwa14,inverse_dynamics_gradient,bard,1024,collection,unknown,unknown,3,adapter_pending,selected operation not wired; not a library capability claim,,,,,strict,2,,,0,0,,,,,,,,
iiwa14,inverse_dynamics_gradient,frax,16,collection,unknown,unknown,3,adapter_pending,selected operation not wired,,,,,strict,2,,,0,0,,,,,,,,
iiwa14,inverse_dynamics_gradient,frax,32,collection,unknown,unknown,3,adapter_pending,selected operation not wired,,,,,strict,2,,,0,0,,,,,,,,
iiwa14,inverse_dynamics_gradient,frax,64,collection,unknown,unknown,3,adapter_pending,selected operation not wired,,,,,strict,2,,,0,0,,,,,,,,
iiwa14,inverse_dynamics_gradient,frax,128,collection,unknown,unknown,3,adapter_pending,selected operation not wired,,,,,strict,2,,,0,0,,,,,,,,
iiwa14,inverse_dynamics_gradient,frax,256,collection,unknown,unknown,3,adapter_pending,selected operation not wired,,,,,strict,2,,,0,0,,,,,,,,
iiwa14,inverse_dynamics_gradient,frax,1024,collection,unknown,unknown,3,adapter_pending,selected operation not wired,,,,,strict,2,,,0,0,,,,,,,,
iiwa14,inverse_dynamics_gradient,grim_cuda,16,collection,float32,analytical,3,validated,,24.302906697591144,14.810319519042968,,128,strict,2,0.0,0.0,0,1568,24.242593892415364,24.397997334798177,14.797283121744792,14.81310038248698,9.492587178548176,,5.893049683436402e-05,1.7269526652983122e-07
iiwa14,inverse_dynamics_gradient,grim_cuda,32,collection,float32,analytical,3,validated,,24.554606221516927,14.835590209960937,,128,strict,2,0.0,0.0,0,3136,24.508070271809896,24.904300435384116,14.794137268066406,14.956063028971354,9.71901601155599,,5.893049683436402e-05,1.7099254565613747e-07
iiwa14,inverse_dynamics_gradient,grim_cuda,64,collection,float32,analytical,3,validated,,24.792606302897134,14.72145009358724,,128,strict,2,0.0,0.0,0,6272,24.783983561197918,24.832581176757813,14.701039123535157,14.727527262369792,10.071156209309894,,5.893049683436402e-05,1.6618621413280665e-07
iiwa14,inverse_dynamics_gradient,grim_cuda,128,collection,float32,analytical,3,validated,,25.94695587158203,14.81099375406901,,128,strict,2,0.0,0.0,0,12544,25.92046173095703,25.954793599446614,14.78335703531901,14.826121215820313,11.13596211751302,,5.893049683436402e-05,1.656896937623309e-07
iiwa14,inverse_dynamics_gradient,grim_cuda,256,collection,float32,analytical,3,validated,,28.61244394938151,15.132722880045574,,128,strict,2,0.0,0.0,0,25088,28.570249938964842,28.619676208496095,15.093619181315104,15.136306966145833,13.479721069335938,,5.893049683436402e-05,1.6073075779850598e-07
iiwa14,inverse_dynamics_gradient,grim_cuda,1024,collection,float32,analytical,3,validated,,59.44702351888021,30.822372538248697,,128,strict,2,0.0,0.0,0,100352,59.13392639160156,59.62244649251302,30.76610321044922,30.89132354736328,28.62465098063151,,5.893049683436402e-05,1.5237188203215576e-07
iiwa14,inverse_dynamics_gradient,grim_jax,16,collection,float32,analytical,3,validated,,197.95000333333334,54.69298,,,strict,2,0.0,0.0,0,1568,196.58447666666663,201.26545333333334,54.63375,63.306580000000004,143.25702333333334,,5.893049683436402e-05,1.7269526652983122e-07
iiwa14,inverse_dynamics_gradient,grim_jax,32,collection,float32,analytical,3,validated,,206.47763666666665,50.07753333333333,,,strict,2,0.0,0.0,0,3136,199.78138333333337,226.59248000000002,49.38368333333333,57.46307333333333,156.40010333333333,,5.893049683436402e-05,1.7099254565613747e-07
iiwa14,inverse_dynamics_gradient,grim_jax,64,collection,float32,analytical,3,validated,,218.70281666666668,58.39767,,,strict,2,0.0,0.0,0,6272,209.95931333333334,229.40666999999996,50.16312,61.62960666666666,160.30514666666667,,5.893049683436402e-05,1.6618621413280665e-07
iiwa14,inverse_dynamics_gradient,grim_jax,128,collection,float32,analytical,3,validated,,210.74474999999998,50.900913333333335,,,strict,2,0.0,0.0,0,12544,210.24490333333333,229.42502333333331,48.39775666666667,61.75252333333333,159.84383666666665,,5.893049683436402e-05,1.656896937623309e-07
iiwa14,inverse_dynamics_gradient,grim_jax,256,collection,float32,analytical,3,validated,,225.22030999999998,50.55088333333333,,,strict,2,0.0,0.0,0,25088,223.20693999999997,258.80638666666664,48.84737,59.660756666666664,174.66942666666665,,5.893049683436402e-05,1.6073075779850598e-07
iiwa14,inverse_dynamics_gradient,grim_jax,1024,collection,float32,analytical,3,validated,,303.62487666666664,75.65908333333334,,,strict,2,0.0,0.0,0,100352,298.4632933333333,313.1195133333333,64.84163333333332,87.61471333333334,227.9657933333333,,5.893049683436402e-05,1.5237188203215576e-07
iiwa14,inverse_dynamics_gradient,grim_jax_prealloc,16,collection,float32,analytical,3,validated,,206.97596666666666,,,,strict,2,0.0,0.0,0,1568,203.33959666666667,219.57166333333333,,,,,5.893049683436402e-05,1.7269526652983122e-07
iiwa14,inverse_dynamics_gradient,grim_jax_prealloc,32,collection,float32,analytical,3,validated,,205.21731,,,,strict,2,0.0,0.0,0,3136,201.42775,215.84582666666665,,,,,5.893049683436402e-05,1.7099254565613747e-07
iiwa14,inverse_dynamics_gradient,grim_jax_prealloc,64,collection,float32,analytical,3,validated,,212.33482999999998,,,,strict,2,0.0,0.0,0,6272,210.30177666666668,231.8415566666667,,,,,5.893049683436402e-05,1.6618621413280665e-07
iiwa14,inverse_dynamics_gradient,grim_jax_prealloc,128,collection,float32,analytical,3,validated,,222.18984333333336,,,,strict,2,0.0,0.0,0,12544,212.37204999999997,235.26379666666665,,,,,5.893049683436402e-05,1.656896937623309e-07
iiwa14,inverse_dynamics_gradient,grim_jax_prealloc,256,collection,float32,analytical,3,validated,,221.72140333333334,,,,strict,2,0.0,0.0,0,25088,219.11873666666668,271.92527333333334,,,,,5.893049683436402e-05,1.6073075779850598e-07
iiwa14,inverse_dynamics_gradient,grim_jax_prealloc,1024,collection,float32,analytical,3,validated,,320.6804466666666,,,,strict,2,0.0,0.0,0,100352,280.4451633333333,379.7156966666667,,,,,5.893049683436402e-05,1.5237188203215576e-07
iiwa14,inverse_dynamics_gradient,grim_native,16,collection,float32,analytical,3,validated,,26.121840000000002,,,,strict,2,0.0,0.0,0,1568,25.879959999999997,26.301423333333332,,,,,5.893049683436402e-05,1.7269526652983122e-07
iiwa14,inverse_dynamics_gradient,grim_native,32,collection,float32,analytical,3,validated,,26.855906666666666,,,,strict,2,0.0,0.0,0,3136,26.782296666666667,27.101423333333337,,,,,5.893049683436402e-05,1.7099254565613747e-07
iiwa14,inverse_dynamics_gradient,grim_native,64,collection,float32,analytical,3,validated,,28.61591333333334,,,,strict,2,0.0,0.0,0,6272,28.496516666666665,28.618910000000003,,,,,5.893049683436402e-05,1.6618621413280665e-07
iiwa14,inverse_dynamics_gradient,grim_native,128,collection,float32,analytical,3,validated,,32.376920000000005,,,,strict,2,0.0,0.0,0,12544,32.18405,32.52626666666667,,,,,5.893049683436402e-05,1.656896937623309e-07
iiwa14,inverse_dynamics_gradient,grim_native,256,collection,float32,analytical,3,validated,,36.549973333333334,,,,strict,2,0.0,0.0,0,25088,35.97834,38.224826666666665,,,,,5.893049683436402e-05,1.6073075779850598e-07
iiwa14,inverse_dynamics_gradient,grim_native,1024,collection,float32,analytical,3,validated,,99.39887333333333,,,,strict,2,0.0,0.0,0,100352,98.98615666666667,99.84563,,,,,5.893049683436402e-05,1.5237188203215576e-07
iiwa14,inverse_dynamics_gradient,grim_numpy,16,collection,float32,analytical,3,validated,,32.86604,,,,strict,2,0.0,0.0,0,1568,32.80187666666667,33.00056,,,,,5.893049683436402e-05,1.7269526652983122e-07
iiwa14,inverse_dynamics_gradient,grim_numpy,32,collection,float32,analytical,3,validated,,34.400436666666664,,,,strict,2,0.0,0.0,0,3136,34.25047333333333,34.47152,,,,,5.893049683436402e-05,1.7099254565613747e-07
iiwa14,inverse_dynamics_gradient,grim_numpy,64,collection,float32,analytical,3,validated,,37.54053666666667,,,,strict,2,0.0,0.0,0,6272,37.22799666666667,37.995070000000005,,,,,5.893049683436402e-05,1.6618621413280665e-07
iiwa14,inverse_dynamics_gradient,grim_numpy,128,collection,float32,analytical,3,validated,,43.96102333333334,,,,strict,2,0.0,0.0,0,12544,43.85139666666666,44.10941666666667,,,,,5.893049683436402e-05,1.656896937623309e-07
iiwa14,inverse_dynamics_gradient,grim_numpy,256,collection,float32,analytical,3,validated,,49.344523333333335,,,,strict,2,0.0,0.0,0,25088,49.00154,49.63118,,,,,5.893049683436402e-05,1.6073075779850598e-07
iiwa14,inverse_dynamics_gradient,grim_numpy,1024,collection,float32,analytical,3,validated,,133.99326000000002,,,,strict,2,0.0,0.0,0,100352,133.67015,134.44253666666665,,,,,5.893049683436402e-05,1.5237188203215576e-07
iiwa14,inverse_dynamics_gradient,grim_numpy_prealloc,16,collection,float32,analytical,3,validated,,26.96569,,,,strict,2,0.0,0.0,0,1568,26.953123333333334,27.007113333333336,,,,,5.893049683436402e-05,1.7269526652983122e-07
iiwa14,inverse_dynamics_gradient,grim_numpy_prealloc,32,collection,float32,analytical,3,validated,,27.44587666666667,,,,strict,2,0.0,0.0,0,3136,27.30019666666667,27.45028333333333,,,,,5.893049683436402e-05,1.7099254565613747e-07
iiwa14,inverse_dynamics_gradient,grim_numpy_prealloc,64,collection,float32,analytical,3,validated,,27.55540333333333,,,,strict,2,0.0,0.0,0,6272,27.51540666666667,27.55688666666667,,,,,5.893049683436402e-05,1.6618621413280665e-07
iiwa14,inverse_dynamics_gradient,grim_numpy_prealloc,128,collection,float32,analytical,3,validated,,28.726643333333328,,,,strict,2,0.0,0.0,0,12544,28.618326666666665,28.97827,,,,,5.893049683436402e-05,1.656896937623309e-07
iiwa14,inverse_dynamics_gradient,grim_numpy_prealloc,256,collection,float32,analytical,3,validated,,31.719540000000002,,,,strict,2,0.0,0.0,0,25088,31.585880000000003,31.840970000000002,,,,,5.893049683436402e-05,1.6073075779850598e-07
iiwa14,inverse_dynamics_gradient,grim_numpy_prealloc,1024,collection,float32,analytical,3,validated,,76.33779333333335,,,,strict,2,0.0,0.0,0,100352,76.07659333333332,77.04878666666666,,,,,5.893049683436402e-05,1.5237188203215576e-07
iiwa14,inverse_dynamics_gradient,grim_torch,16,collection,float32,analytical,3,validated,,74.16300333333332,35.32695333333333,,,strict,2,0.0,0.0,0,1568,69.29277666666667,74.77572333333333,33.305886666666666,35.49194000000001,38.83604999999999,,5.893049683436402e-05,1.7269526652983122e-07
iiwa14,inverse_dynamics_gradient,grim_torch,32,collection,float32,analytical,3,validated,,75.31636333333333,35.31284333333333,,,strict,2,0.0,0.0,0,3136,69.95907666666668,75.69368666666666,33.48205333333334,35.35796333333333,40.003519999999995,,5.893049683436402e-05,1.7099254565613747e-07
iiwa14,inverse_dynamics_gradient,grim_torch,64,collection,float32,analytical,3,validated,,76.39601333333333,35.16140333333333,,,strict,2,0.0,0.0,0,6272,71.63206333333333,76.43794,33.271993333333334,35.530793333333335,41.234609999999996,,5.893049683436402e-05,1.6618621413280665e-07
iiwa14,inverse_dynamics_gradient,grim_torch,128,collection,float32,analytical,3,validated,,78.80068,34.78371333333334,,,strict,2,0.0,0.0,0,12544,74.00605999999999,79.32223333333334,33.39700333333333,34.99422333333333,44.01696666666666,,5.893049683436402e-05,1.656896937623309e-07
iiwa14,inverse_dynamics_gradient,grim_torch,256,collection,float32,analytical,3,validated,,84.37713,35.509373333333336,,,strict,2,0.0,0.0,0,25088,79.94184,84.41790666666667,33.49792333333333,35.592360000000006,48.86775666666666,,5.893049683436402e-05,1.6073075779850598e-07
iiwa14,inverse_dynamics_gradient,grim_torch,1024,collection,float32,analytical,3,validated,,125.84370666666668,44.35956,,,strict,2,0.0,0.0,0,100352,125.73704666666667,126.06536000000003,43.842436666666664,44.39497333333334,81.48414666666667,,5.893049683436402e-05,1.5237188203215576e-07
iiwa14,inverse_dynamics_gradient,grim_torch_prealloc,16,collection,float32,analytical,3,validated,,47.50873,,,,strict,2,0.0,0.0,0,1568,47.48539666666666,47.66341333333334,,,,,5.893049683436402e-05,1.7269526652983122e-07
iiwa14,inverse_dynamics_gradient,grim_torch_prealloc,32,collection,float32,analytical,3,validated,,48.04912666666667,,,,strict,2,0.0,0.0,0,3136,47.287326666666665,48.12496333333334,,,,,5.893049683436402e-05,1.7099254565613747e-07
iiwa14,inverse_dynamics_gradient,grim_torch_prealloc,64,collection,float32,analytical,3,validated,,47.589436666666664,,,,strict,2,0.0,0.0,0,6272,46.35835666666667,47.948179999999994,,,,,5.893049683436402e-05,1.6618621413280665e-07
iiwa14,inverse_dynamics_gradient,grim_torch_prealloc,128,collection,float32,analytical,3,validated,,47.79651,,,,strict,2,0.0,0.0,0,12544,46.70363666666667,48.00172,,,,,5.893049683436402e-05,1.656896937623309e-07
iiwa14,inverse_dynamics_gradient,grim_torch_prealloc,256,collection,float32,analytical,3,validated,,48.693483333333326,,,,strict,2,0.0,0.0,0,25088,47.84110999999999,48.94938333333334,,,,,5.893049683436402e-05,1.6073075779850598e-07
iiwa14,inverse_dynamics_gradient,grim_torch_prealloc,1024,collection,float32,analytical,3,validated,,71.25521333333333,,,,strict,2,0.0,0.0,0,100352,70.84807333333333,71.2875,,,,,5.893049683436402e-05,1.5237188203215576e-07
iiwa14,inverse_dynamics_gradient,mjx,16,collection,float32,autodiff,3,validated,,566.3112233333334,298.34599999999995,,,strict,2,0.0,0.0,0,1568,521.29188,652.7054433333334,277.4989033333333,499.9002000000001,267.9652233333334,,0.00015318089253923972,5.478787232425466e-07
iiwa14,inverse_dynamics_gradient,mjx,32,collection,float32,autodiff,3,validated,,637.0721266666666,361.6658566666667,,,strict,2,0.0,0.0,0,3136,562.54577,773.7438033333333,356.2860366666667,445.5573033333333,275.4062699999999,,0.00015318089253923972,5.370244061903955e-07
iiwa14,inverse_dynamics_gradient,mjx,64,collection,float32,autodiff,3,validated,,592.1457333333334,394.5852233333334,,,strict,2,0.0,0.0,0,6272,412.03156333333334,785.08532,363.85316,406.93370000000004,197.56051000000002,,0.00015318089253923972,5.322200001632442e-07
iiwa14,inverse_dynamics_gradient,mjx,128,collection,float32,autodiff,3,validated,,635.6211033333334,571.7280666666668,,,strict,2,0.0,0.0,0,12544,538.8165466666667,708.5905833333333,373.76628666666664,606.51875,,negative total-minus-resident in at least one repeat; decomposition unavailable,0.00015318089253923972,5.101925117630784e-07
iiwa14,inverse_dynamics_gradient,mjx,256,collection,float32,autodiff,3,validated,,737.8654300000001,500.32705999999996,,,strict,2,0.0,0.0,0,25088,733.6326433333334,826.1676966666666,479.60606000000007,688.4201666666667,237.5383700000001,,0.00015318089253923972,4.884252372809046e-07
iiwa14,inverse_dynamics_gradient,mjx,1024,collection,float32,autodiff,3,validated,,925.9738833333332,638.30799,,,strict,2,0.0,0.0,0,100352,902.42951,965.64933,582.59619,810.7196900000001,287.6658933333332,,0.00015318089253923972,4.917677962995e-07
iiwa14,inverse_dynamics_gradient,mujoco_cpu,16,collection,unknown,unknown,3,adapter_pending,no matched full tangent-space derivative adapter,,,,,strict,2,,,0,0,,,,,,,,
iiwa14,inverse_dynamics_gradient,mujoco_cpu,32,collection,unknown,unknown,3,adapter_pending,no matched full tangent-space derivative adapter,,,,,strict,2,,,0,0,,,,,,,,
iiwa14,inverse_dynamics_gradient,mujoco_cpu,64,collection,unknown,unknown,3,adapter_pending,no matched full tangent-space derivative adapter,,,,,strict,2,,,0,0,,,,,,,,
iiwa14,inverse_dynamics_gradient,mujoco_cpu,128,collection,unknown,unknown,3,adapter_pending,no matched full tangent-space derivative adapter,,,,,strict,2,,,0,0,,,,,,,,
iiwa14,inverse_dynamics_gradient,mujoco_cpu,256,collection,unknown,unknown,3,adapter_pending,no matched full tangent-space derivative adapter,,,,,strict,2,,,0,0,,,,,,,,
iiwa14,inverse_dynamics_gradient,mujoco_cpu,1024,collection,unknown,unknown,3,adapter_pending,no matched full tangent-space derivative adapter,,,,,strict,2,,,0,0,,,,,,,,
iiwa14,inverse_dynamics_gradient,mujoco_warp,16,collection,unknown,unknown,3,adapter_pending,no matched full tangent-space derivative adapter,,,,,strict,2,,,0,0,,,,,,,,
iiwa14,inverse_dynamics_gradient,mujoco_warp,32,collection,unknown,unknown,3,adapter_pending,no matched full tangent-space derivative adapter,,,,,strict,2,,,0,0,,,,,,,,
iiwa14,inverse_dynamics_gradient,mujoco_warp,64,collection,unknown,unknown,3,adapter_pending,no matched full tangent-space derivative adapter,,,,,strict,2,,,0,0,,,,,,,,
iiwa14,inverse_dynamics_gradient,mujoco_warp,128,collection,unknown,unknown,3,adapter_pending,no matched full tangent-space derivative adapter,,,,,strict,2,,,0,0,,,,,,,,
iiwa14,inverse_dynamics_gradient,mujoco_warp,256,collection,unknown,unknown,3,adapter_pending,no matched full tangent-space derivative adapter,,,,,strict,2,,,0,0,,,,,,,,
iiwa14,inverse_dynamics_gradient,mujoco_warp,1024,collection,unknown,unknown,3,adapter_pending,no matched full tangent-space derivative adapter,,,,,strict,2,,,0,0,,,,,,,,
iiwa14,inverse_dynamics_gradient,pinocchio,16,collection,float32,codegen,3,validated,,13.138493333333333,,,8,strict,2,0.0,0.0,0,1568,13.029453333333334,13.269673333333333,,,,,0.00037825711508787663,1.0097282104891136e-06
iiwa14,inverse_dynamics_gradient,pinocchio,32,collection,float32,codegen,3,validated,,15.802609999999998,,,8,strict,2,0.0,0.0,0,3136,15.621366666666667,16.10115,,,,,0.00037825711508787663,9.77865076709336e-07
iiwa14,inverse_dynamics_gradient,pinocchio,64,collection,float32,codegen,3,validated,,21.15665333333333,,,8,strict,2,0.0,0.0,0,6272,21.00235,21.325366666666667,,,,,0.00037825711508787663,9.490879697119154e-07
iiwa14,inverse_dynamics_gradient,pinocchio,128,collection,float32,codegen,3,validated,,31.578823333333336,,,8,strict,2,0.0,0.0,0,12544,31.267426666666665,31.71512,,,,,0.00037825711508787663,8.929045380097605e-07
iiwa14,inverse_dynamics_gradient,pinocchio,256,collection,float32,codegen,3,validated,,53.41391000000001,,,8,strict,2,0.0,0.0,0,25088,52.70504,55.24852333333334,,,,,0.00037825711508787663,8.156763490615643e-07
iiwa14,inverse_dynamics_gradient,pinocchio,1024,collection,float32,codegen,3,validated,,361.3450633333333,,,8,strict,2,0.0,0.0,0,100352,326.0547233333334,372.86518,,,,,0.00037825711508787663,7.416252455193313e-07
iiwa14,inverse_dynamics_gradient,pinocchio_plain,16,collection,float32,standard Pinocchio API (no codegen),3,validated,,15.34680333333333,,,8,strict,2,0.0,0.0,0,1568,15.100186666666668,15.63813,,,,,0.00014192829124226591,6.687581854959916e-07
iiwa14,inverse_dynamics_gradient,pinocchio_plain,32,collection,float32,standard Pinocchio API (no codegen),3,validated,,20.35372,,,8,strict,2,0.0,0.0,0,3136,20.279126666666663,20.83330666666667,,,,,0.00014192829124226591,6.651908303663795e-07
iiwa14,inverse_dynamics_gradient,pinocchio_plain,64,collection,float32,standard Pinocchio API (no codegen),3,validated,,30.103530000000003,,,8,strict,2,0.0,0.0,0,6272,30.052893333333333,30.612063333333328,,,,,0.00014192829124226591,6.721631124625532e-07
iiwa14,inverse_dynamics_gradient,pinocchio_plain,128,collection,float32,standard Pinocchio API (no codegen),3,validated,,49.46218333333333,,,8,strict,2,0.0,0.0,0,12544,48.93818,58.45493,,,,,0.00014192829124226591,6.706815177873932e-07
iiwa14,inverse_dynamics_gradient,pinocchio_plain,256,collection,float32,standard Pinocchio API (no codegen),3,validated,,91.47935,,,8,strict,2,0.0,0.0,0,25088,89.33326,142.31601666666666,,,,,0.00014192829124226591,6.665588226646453e-07
iiwa14,inverse_dynamics_gradient,pinocchio_plain,1024,collection,float32,standard Pinocchio API (no codegen),3,validated,,500.6910233333334,,,8,strict,2,0.0,0.0,0,100352,403.76410666666663,507.8605866666666,,,,,0.00014192829124226591,6.749312751698114e-07
